generation,run_1,run_2,run_3,run_4,run_5,run_6,run_7,run_8,run_9,run_10,run_11,run_12,run_13,run_14,run_15,run_16,run_17,run_18,run_19,run_20
0,0.3588116004847409,0.37043302355280655,0.47128583855021655,0.5016785543535406,0.628562137811562,0.24670711019683214,0.36895918297378477,0.3755307280553981,0.2828612789400845,0.26829131435413184,0.3996636119836021,0.8805354770684928,0.380964978066016,0.6888324686609472,0.5822652045610417,0.2980430627511231,0.31442663735183807,0.24745155693663198,0.48216490405184315,0.4320183870176891
1,0.019465276283558434,0.19865894831356906,0.14615209396299927,0.15200428048800588,0.018826996707191002,0.08604751967936185,0.1185199450385556,0.10322713484261895,0.1608463764128816,0.09462401324041912,0.06944221703220498,0.11437950789517927,0.061130368885158326,0.12986906744440352,0.0630011241709645,0.08981124912979165,0.13802076554893492,0.06838103099925744,0.14725830784751018,0.07383535227693286
2,0.00950032926142319,0.019658733574616574,0.04795618416865293,0.03214092037285186,0.006008308883405663,0.021415840589418336,0.015197646963501676,0.03367885888528697,0.041210819690900846,0.014233702015227246,0.027897492666357833,0.06192712589074147,0.019783314379630473,0.01999482511332034,0.04327518576102,0.05538190956456642,0.02243250998197576,0.0172950446513469,0.06068807036826502,0.01482640153872682
3,0.007054272667496516,0.0097644712983518,0.023679861869608517,0.007562699706835241,0.0056113435612920315,0.004597589113957415,0.015197646963501676,0.00999504845552991,0.006050386170214775,0.003106102760984871,0.0025070624394140655,0.017659109446797966,0.0033450141114769135,0.012651479348517672,0.01297981798415263,0.015121411341288074,0.017254262680067918,0.012618386963118636,0.01686757647297719,0.004692247448133639
4,0.0046258930499001,0.003257616031203765,0.008770628568006443,0.002783991795919684,0.0013384479406597341,0.0010093391690644137,0.004543215803032752,0.0026327407616625826,0.005789085888348587,0.0002683646243767517,0.001135113035367924,0.0034820535108389863,0.003338314507423459,0.002028617991810638,0.00603119694441927,0.006745888732138163,0.007826527113699673,0.003183004437810653,0.005779222982052806,0.0008409691652603225
5,0.0030317094282865534,0.00024991981580570265,0.0059845530393994005,0.0014753812441404143,0.0009549718532960752,0.0005969372352200747,0.0009347422740215879,0.0015968624334395268,0.0037547087750430443,0.00021719078251966064,0.0010236100443907585,0.0034820535108389863,0.0007849666710428242,0.0018997546225552888,0.002376732182840662,0.002036789034663026,0.00562550456528017,0.0013517736469887919,0.0038502954743501357,0.00026223924493911103
6,0.0014857599318553005,6.14497012897534e-05,0.003404606956985429,0.0011678759538051708,0.0006705538462496061,0.00032938310941688743,0.0009347422740215879,0.000427732404891025,0.002031715044807201,0.00020639020002461754,0.0006395236015757378,0.002546717809500607,0.0005635779554108756,0.0004943341979202203,0.0010405367233763,0.0018709216460401925,0.004317882214028278,0.0007084470881919338,0.002894584640708021,0.00018240919872534772
7,0.0008573170584976298,1.2607520917774756e-05,0.002020104831239173,0.0008941915047090777,0.0002697062535383803,0.00015503943623221847,0.00032929161234026346,8.073747597581087e-05,0.0011697384753587127,7.625515624352643e-05,9.92848148229665e-05,0.0010503417703711093,0.0004432001169763076,0.00016310843311939885,0.0010405367233763,0.0010411554880591703,0.0018785008043920928,0.0004129512178626158,0.0015728982399430185,0.0001402104456025679
8,0.0005628947882040022,1.2607520917774756e-05,0.002020104831239173,0.0008258783961457766,0.00016059550557891866,5.894111613868711e-05,6.756959785847683e-05,4.531957341149086e-05,0.0006497239127079955,6.269942770610903e-05,9.390464451538769e-05,0.0010503417703711093,0.0003880297719625753,0.00016310843311939885,0.0009415420943675925,0.0009226649770967489,0.0015076513162689139,0.00020956866355621457,0.0012034037380293573,8.38645034754415e-06
9,0.0003018791031723637,1.2607520917774756e-05,0.0012639201794653417,0.00038244060092257153,0.0001469103639052639,3.5187363684618886e-05,3.859290953456075e-05,2.7860723931977218e-05,0.0006331678862635664,5.777684610644743e-05,5.137701901777678e-05,0.0007951927081422155,0.00026922087193247287,0.0001590533758471702,0.00048823874231620633,0.0008933159578645416,0.0010383381329182523,0.00017781097677386232,0.0007387206620554474,6.93838858642061e-06
10,0.00016084578616259478,1.2607520917774756e-05,0.000935671953085455,0.000306823020840532,0.00011735710400636498,2.9455954408506275e-05,3.859290953456075e-05,1.528218111989884e-05,0.0005034863356442579,3.833506156998454e-05,3.026132315333718e-05,0.0004490512911201537,0.00012353261542491704,0.00012724582760021563,0.00035881984284028424,0.0005738497279424409,0.0005333449747003792,9.567553826157779e-05,0.0005792960846394182,6.93838858642061e-06
11,0.00014333233140770537,1.2607520917774756e-05,0.0007304849151465433,0.000306823020840532,0.00011735710400636498,2.9455954408506275e-05,3.1383395574548724e-05,1.1575490840993203e-05,0.0004906512193233196,3.557906819210005e-05,2.9500341456842587e-05,0.0003853108163210663,0.0001196481509975488,8.072902009469191e-05,0.00011071090360008343,0.0003531616186570966,0.0003741937026050049,7.394075026813163e-05,8.512431660368315e-05,6.752148914608662e-06
12,7.890261807096016e-05,1.1962925736245509e-05,0.00029295427341043513,0.00010272758537596621,8.278986500485757e-05,2.5225084824548786e-05,1.4858281003324302e-05,7.845483658987152e-06,0.0001417248322976045,1.6193557387721955e-05,2.948392807446065e-05,0.00028394243001922094,8.72785009971954e-05,6.210677656864017e-05,7.545059853864979e-05,0.0002400788684002527,0.00018053756094618854,6.0261667749906114e-05,8.512431660368315e-05,6.394570121944271e-06
13,4.435491840746325e-05,9.970047141751699e-06,0.00029295427341043513,9.75553533686085e-05,6.555286349813088e-05,2.3916418631461693e-05,1.4858281003324302e-05,6.7649846473374456e-06,0.00011157988069646742,1.4654521803779558e-05,2.379868120870053e-05,0.00020534894857875347,7.789065122729552e-05,5.3449682018430605e-05,5.585332955500447e-05,0.0002400788684002527,0.00018053756094618854,3.6834903043143376e-05,7.393968127294919e-05,3.5838974506487624e-06
14,2.5860643909556707e-05,9.620679767958214e-06,0.00023817164580897262,6.143962282247581e-05,5.274318974630496e-05,1.83830339352572e-05,1.0239520254870432e-05,4.610968696532183e-06,0.00011157988069646742,1.3471216791104527e-05,1.6140321026240172e-05,0.00017461652232703899,2.1791924246425323e-05,4.3909220302628864e-05,3.25220306645167e-05,0.00022312136656584252,6.516275573204808e-05,3.425692719926886e-05,3.753859151457413e-05,3.5838974506487624e-06
15,2.5696812047929875e-05,7.7999457485453e-06,0.00021319111375433662,5.9530417680481206e-05,4.938006384351415e-05,9.572514295087265e-06,6.56147624992804e-06,1.171624800658201e-06,0.00011122248186957777,1.2972691074197407e-05,1.520487487949076e-05,0.00010229729676929677,2.1791924246425323e-05,4.0218017522060083e-05,3.0327884171004217e-05,0.00013446772507414817,6.257889375140536e-05,2.4694941416670108e-05,3.753859151457413e-05,5.112829474972376e-07
16,2.0692340435096933e-05,6.554056035730858e-06,9.833304360696622e-05,3.471148725011534e-05,3.1697855796554226e-05,8.761653395344938e-06,6.56147624992804e-06,1.171624800658201e-06,7.719976703009481e-05,1.176911904236698e-05,1.353774931820527e-05,6.431352828813469e-05,1.9806102151417743e-05,2.041663350439402e-05,2.872705453472848e-05,8.769747757338305e-05,3.932029104947636e-05,2.4694941416670108e-05,2.062908962010231e-05,5.112829474972376e-07
17,1.835677212357383e-05,6.275766307673305e-06,9.833304360696622e-05,3.467745542104033e-05,3.1405070626770364e-05,8.761653395344938e-06,5.199030770079811e-06,1.171624800658201e-06,7.719976703009481e-05,1.0164081849352284e-05,1.1871796056085996e-05,5.1039663669745845e-05,1.2247775557919816e-05,2.041663350439402e-05,2.3005737350271112e-05,6.912565232179879e-05,1.6312657541658725e-05,1.4335052246808492e-05,1.4689385047496874e-05,4.426610860362946e-07
18,1.5597353403236867e-05,6.275766307673305e-06,7.55347371214616e-05,2.814618021942567e-05,3.0210684070565307e-05,8.57459399184167e-06,5.199030770079811e-06,1.171624800658201e-06,5.1381712925910325e-05,1.0164081849352284e-05,6.702353541776275e-06,4.176292048944029e-05,1.2247775557919816e-05,1.5911333298713834e-05,1.6830763729943304e-05,6.61038838939678e-05,1.6312657541658725e-05,1.4335052246808492e-05,1.4689385047496874e-05,4.073839448392317e-07
19,1.5597353403236867e-05,6.08323107233171e-06,7.55347371214616e-05,1.811547409888668e-05,2.1976500097543483e-05,5.136455875807963e-06,5.1800069382256275e-06,6.295775158987036e-07,4.5117274752877535e-05,7.355116679886708e-06,6.702353541776275e-06,3.510102645873439e-05,1.0715323738496787e-05,1.5819402125895227e-05,1.6830763729943304e-05,5.4218863641911806e-05,1.1157355531208549e-05,1.4335052246808492e-05,1.4689385047496874e-05,4.073839448392317e-07
20,1.1557619613235136e-05,5.322698876878143e-06,7.55347371214616e-05,1.811547409888668e-05,1.862005141156671e-05,4.539724433699117e-06,4.960964700755815e-06,6.200423654640452e-07,2.719268933732168e-05,2.4727209565412823e-06,6.5448765115471645e-06,3.503648179891102e-05,7.241210384689936e-06,1.539749453696502e-05,1.4964486118721214e-05,4.571140037502044e-05,8.37097687758161e-06,1.3912625564618305e-05,1.3203951552144104e-05,1.2219022597281692e-07
21,1.0725548567245712e-05,1.5752768596276468e-06,4.2724669046511084e-05,1.4531230834752566e-05,1.5627345201315796e-05,4.083404112527432e-06,4.9058319237124966e-06,3.4138792427128983e-07,2.2900279088566786e-05,2.4727209565412823e-06,6.5448765115471645e-06,1.4954533133985216e-05,6.487353246693598e-06,1.480987501328529e-05,9.353491192272865e-06,3.1152381479920945e-05,8.37097687758161e-06,1.3249532908946073e-05,1.097607085071734e-05,1.2219022597281692e-07
22,1.976922732584916e-06,1.4070105370731223e-06,2.7976935002481317e-05,1.2634383013513136e-05,1.2375623263677897e-05,3.9971414521490035e-06,4.9058319237124966e-06,2.2014165816335667e-07,2.16943778016084e-05,2.4727204410070054e-06,4.3705445983723355e-06,1.4954533133985216e-05,3.6704591741649747e-06,1.3250581239728545e-05,4.888874750741738e-06,3.1152381479920945e-05,5.621687717912443e-06,9.698370531334974e-06,9.519086705863377e-06,1.2219022597281692e-07
23,1.976922732584916e-06,6.904816083834343e-07,2.2546001237975563e-05,6.799478792927907e-06,1.1989557945552364e-05,3.984404466569375e-06,3.7255783686226262e-06,8.168883684373692e-08,2.1425584374428512e-05,2.4240574901698377e-06,3.882466686819083e-06,1.4398331600795068e-05,2.4850818929833804e-06,1.2091698609917769e-05,4.888874750741738e-06,3.067383918244764e-05,2.560030635513318e-06,9.572774799746664e-06,7.79234315555478e-06,1.097049792778571e-07
24,1.976922732584916e-06,6.904816083834343e-07,2.0445449609334658e-05,5.001767760406764e-06,1.0259740768625852e-05,3.984404466569375e-06,3.678894757132415e-06,8.168883684373692e-08,1.7850497060597777e-05,2.3979840697059214e-06,2.9094982718345223e-06,1.2768283629809293e-05,2.289953050305693e-06,1.038628439401982e-05,4.888874750741738e-06,2.9221631311169137e-05,2.560030635513318e-06,8.349970212696637e-06,7.620410232361681e-06,1.097049792778571e-07
25,1.976922732584916e-06,6.904816083834343e-07,1.9394041280195907e-05,1.9976456971851675e-06,8.443148622840306e-06,3.6970015484839934e-06,2.988828721867369e-06,8.168883684373692e-08,8.463856499043137e-06,2.2387623730410314e-06,2.8383337240212223e-06,1.1363049969801295e-05,1.519849251788e-06,9.71142853261927e-06,4.888874750741738e-06,2.4002527699506018e-05,2.557295715641347e-06,4.354187462163556e-06,6.647878520092845e-06,1.097049792778571e-07
26,1.599396269549825e-06,6.904816083834343e-07,1.3985841689909235e-05,1.9976456971851675e-06,8.321861889070466e-06,3.525986199846033e-06,2.256724884324235e-06,8.168883684373692e-08,8.463856499043137e-06,1.8867707952436415e-06,2.737458507790615e-06,9.935479159475442e-06,1.519849251788e-06,6.680760625789054e-06,3.1976710542998426e-06,1.7377504423479077e-05,2.393082364104993e-06,4.354187462163556e-06,6.423072414968152e-06,1.097049792778571e-07
27,1.599396269549825e-06,6.904816083834343e-07,1.1780259734792424e-05,1.9976456971851675e-06,6.3772976421929546e-06,2.643918635463149e-06,1.8461847200704183e-06,8.168883684373692e-08,8.463856499043137e-06,1.8867707952436415e-06,2.658541866897392e-06,6.6368852144513846e-06,1.519849251788e-06,5.317439595488484e-06,3.1976710542998426e-06,8.115971630021474e-06,2.1222121647008836e-06,4.354187462163556e-06,6.404537344214113e-06,1.097049792778571e-07
28,1.599396269549825e-06,5.920776684380087e-07,1.0186153369891132e-05,1.2374280876873494e-06,6.3772976421929546e-06,2.6142241678774452e-06,1.6015629529157863e-06,5.912938096246604e-08,8.463856499043137e-06,1.8335506126530811e-06,1.5299221749956802e-06,6.6368852144513846e-06,1.519849251788e-06,3.587692058774485e-06,1.188980870004995e-06,8.115971630021474e-06,1.978400283657331e-06,4.056480155917167e-06,6.173508355085653e-06,1.097049792778571e-07
29,1.599396269549825e-06,4.5626284233842055e-07,8.232812698735579e-06,1.2374280876873494e-06,6.355926880634452e-06,2.5922509062241335e-06,8.553858665606485e-07,5.718190663877312e-08,4.648986531509325e-06,1.681152173640984e-06,1.5299221749956802e-06,6.006148559336511e-06,1.519849251788e-06,3.587692058774485e-06,1.1737332209772724e-06,6.2257767820876124e-06,1.543244537391624e-06,3.968510325519091e-06,5.209150254547509e-06,1.097049792778571e-07
30,1.2556216619021742e-06,4.5626284233842055e-07,8.232812698735579e-06,1.2374280876873494e-06,6.35125465812038e-06,2.430235406123157e-06,1.8507549396494618e-07,5.016870042447215e-08,3.6461715235313248e-06,1.2569069651334568e-06,1.433112453689049e-06,4.9219850158391666e-06,1.3799423489307016e-06,3.0636118393922055e-06,1.155399840735797e-06,6.2257767820876124e-06,1.2772948316789814e-06,3.8132222631376307e-06,3.0124893467486565e-06,8.441057812888852e-08
31,9.836807532231516e-07,4.5626284233842055e-07,6.670719823035655e-06,1.2374280876873494e-06,4.898154390903059e-06,1.7860035416732264e-06,1.8507549396494618e-07,4.2178678843806764e-08,1.4561923726663864e-06,1.2569069651334568e-06,1.433112453689049e-06,4.9219850158391666e-06,1.294638848782362e-06,1.4490999415006462e-06,7.807588158605847e-07,5.35744168411744e-06,1.0673157704914834e-06,3.8132222631376307e-06,2.6345724695120714e-06,4.7846311461018064e-08
32,7.911997308107891e-07,4.2942302777407304e-07,4.326105835226777e-06,1.2374280876873494e-06,4.795212532392788e-06,1.7554073711819625e-06,1.8507549396494618e-07,4.2178678843806764e-08,1.4561923726663864e-06,1.2569069651334568e-06,1.4073617455163675e-06,4.582428627517385e-06,1.2844689664628493e-06,1.4490999415006462e-06,7.807588158605847e-07,4.81290454140685e-06,1.0673157704914834e-06,2.8087048984129744e-06,2.1177422767856863e-06,4.7846311461018064e-08
33,6.933334307624371e-07,1.8310000553706787e-07,3.849317948459358e-06,1.2374280876873494e-06,4.795212532392788e-06,1.7554073711819625e-06,1.8507549396494618e-07,4.167274912175057e-08,1.234468933252408e-06,8.487230902084991e-07,1.3709549157605129e-06,3.2265442037183228e-06,1.1611876230048877e-06,1.4490999415006462e-06,7.807588158605847e-07,4.308131845946277e-06,8.719895779821791e-07,2.8087048984129744e-06,2.063750484107234e-06,3.745162108832135e-08
34,6.658170607911154e-07,1.8310000553706787e-07,1.7938173310673437e-06,1.2313227874390067e-06,4.795212532392788e-06,1.7370721438665496e-06,1.8507549396494618e-07,4.167274912175057e-08,1.234468933252408e-06,8.487230902084991e-07,1.088365477286988e-06,3.2265442037183228e-06,9.338022168625331e-07,1.3232407333169199e-06,5.393334506809342e-07,1.5570629634359502e-06,6.075004518969238e-07,2.655365551285189e-06,1.8808384211759855e-06,3.58418503651458e-08
35,6.205223740496988e-07,1.1584690833204596e-07,3.22974159105623e-07,1.2099142863070448e-06,4.108002007447511e-06,1.6585839004934271e-06,1.8507549396494618e-07,3.6091903310578284e-08,1.0665518685398602e-06,5.834795904017845e-07,2.86200137921205e-07,3.2265442037183228e-06,8.435797733640408e-07,7.09637751701988e-07,5.393334506809342e-07,1.5570629634359502e-06,6.075004518969238e-07,1.912722424346803e-06,1.7211718626766638e-06,3.58418503651458e-08
36,6.205223740496988e-07,1.1584690833204596e-07,3.22974159105623e-07,1.1491914148660634e-06,4.108002007447511e-06,1.242246322981324e-06,1.6252783882690065e-07,3.6091903310578284e-08,9.48431349732879e-07,5.834795904017845e-07,2.735606093246516e-07,3.2265442037183228e-06,8.435797733640408e-07,6.869223497819994e-07,3.240372411347327e-07,1.5570629634359502e-06,6.075004518969238e-07,5.340954506323735e-07,1.7211718626766638e-06,3.487897464395216e-08
37,6.205223740496988e-07,1.1584690833204596e-07,3.22974159105623e-07,1.1089100822022234e-06,4.108002007447511e-06,1.1315638529958436e-06,1.5712387237515066e-07,3.5825736721313705e-08,8.059202636377601e-07,5.718009503545375e-07,2.548221080813193e-07,3.2265442037183228e-06,7.486832040117068e-07,2.442042355902679e-07,3.240372411347327e-07,1.5570629634359502e-06,5.709077510186017e-07,4.110673675220415e-07,1.6464317751268743e-06,3.487897464395216e-08
38,5.980572976857673e-07,1.1584690833204596e-07,3.081879621840947e-07,1.0765150676943412e-06,4.108002007447511e-06,1.124201376342451e-06,1.5712387237515066e-07,3.198374103707574e-08,6.48909596466474e-07,3.8134006002337076e-07,2.2896691969955883e-07,3.1676293446423924e-06,3.2830081695916395e-07,2.215116439315492e-07,3.084633869742947e-07,1.5570629634359502e-06,4.306570718369501e-07,4.110673675220415e-07,1.5424784677220348e-06,1.9431396529005395e-08
39,5.943136993526212e-07,1.1584690833204596e-07,3.081879621840947e-07,9.200213892136686e-07,3.950778315208129e-06,8.369648550817761e-07,1.2534725645343918e-07,3.198374103707574e-08,5.568343412431883e-07,3.753335120944705e-07,2.2896691969955883e-07,1.8191454614188395e-06,3.2830081695916395e-07,2.1310723278294005e-07,3.0776523560524123e-07,5.899294407475162e-07,3.9928872462189715e-07,2.457093994565995e-07,1.531349535212149e-06,1.8919589869977642e-08
40,5.943136993526212e-07,1.0525949848141898e-07,3.081879621840947e-07,5.414512001286679e-07,3.7817320451857393e-06,8.369648550817761e-07,1.1615986589595695e-07,2.7791837195274025e-08,5.084244392241653e-07,3.753335120944705e-07,2.2896691969955883e-07,1.5028061690493164e-06,3.223159519390833e-07,2.1310723278294005e-07,3.075573124629924e-07,5.899294407475162e-07,3.9928872462189715e-07,2.0822140545447988e-07,1.531349535212149e-06,1.8919589869977642e-08
41,5.943136993526212e-07,1.0189921412392864e-07,3.081879621840947e-07,3.97703466652634e-07,3.7817320451857393e-06,8.369648550817761e-07,8.435559853489866e-08,1.6872382348964554e-08,4.976806800127977e-07,3.4642606534723124e-07,2.2896691969955883e-07,8.49059706700847e-07,3.1896630255842196e-07,1.9707942748505027e-07,1.089392243758979e-07,5.817051243844614e-07,3.5603871740624426e-07,1.669521020246864e-07,1.5262009561410149e-06,1.522861814866681e-08
42,5.802380437849613e-07,9.594080990591629e-08,2.868150269617791e-07,3.97703466652634e-07,3.630351241257933e-06,8.162463155156794e-07,4.654052075984697e-08,1.6872382348964554e-08,4.976806800127977e-07,3.3781846736282946e-07,2.2896691969955883e-07,7.357253941592995e-07,3.1386434365074715e-07,1.9707942748505027e-07,1.089392243758979e-07,5.364658191279673e-07,3.464077695223718e-07,1.669521020246864e-07,1.0956429886288364e-06,9.785131894680726e-09
43,5.676553173028614e-07,7.344654012693238e-08,2.2238184260947278e-07,3.959689958874776e-07,3.630351241257933e-06,8.162463155156794e-07,3.9384157220258296e-08,1.497857061321507e-08,2.597421670436366e-07,3.3781846736282946e-07,2.2896691969955883e-07,7.175867774236258e-07,2.356292302470625e-07,1.8179335068361837e-07,1.089392243758979e-07,3.714511336607811e-07,3.049199240757753e-07,1.4718850146016555e-07,5.69114602326421e-07,9.656555324353374e-09
44,5.63443694806411e-07,6.863848121264658e-08,2.2238184260947278e-07,3.959689958874776e-07,3.630351241257933e-06,7.784769627989667e-07,3.9384157220258296e-08,1.497857061321507e-08,1.9698080879050348e-07,3.262198658538146e-07,2.2896691969955883e-07,7.169467654635805e-07,2.0174205545842593e-07,1.8179335068361837e-07,8.849888852768365e-08,3.714511336607811e-07,3.049199240757753e-07,1.4718850146016555e-07,4.4239804783594624e-07,9.656555324353374e-09
45,5.530481110058791e-07,6.386654238409298e-08,1.8054037554323014e-07,3.959689958874776e-07,1.1493506180929205e-06,7.377583806767691e-07,3.408266813768697e-08,1.497857061321507e-08,1.2335156593736352e-07,3.11566072372872e-07,2.2896691969955883e-07,6.725526763714966e-07,1.9831056095856598e-07,1.7267270790645958e-07,8.806445479815154e-08,3.714511336607811e-07,3.048917203567133e-07,1.3594509846903108e-07,4.4239804783594624e-07,9.656555324353374e-09
46,5.511312511274996e-07,6.386654238409298e-08,1.8054037554323014e-07,3.664717740688527e-07,1.1493506180929205e-06,6.404163741772143e-07,3.408266813768697e-08,1.4416453106015115e-08,1.2335156593736352e-07,3.0943489293418337e-07,1.7154894881041287e-07,5.607798019163805e-07,1.9831056095856598e-07,1.7267270790645958e-07,8.33444585318138e-08,3.683419568133387e-07,2.819399658224998e-07,1.3594509846903108e-07,4.4239804783594624e-07,7.024223243962125e-09
47,5.511312511274996e-07,5.8384198158373614e-08,1.791907193705999e-07,3.609954123397316e-07,8.732851837036727e-07,6.404163741772143e-07,3.408266813768697e-08,1.4202881715996533e-08,1.2335156593736352e-07,3.0808237575970674e-07,1.7154894881041287e-07,4.068722975983706e-07,1.8153415364915696e-07,1.7267270790645958e-07,7.933055772278754e-08,3.683419568133387e-07,1.362910550775863e-07,1.0428178062402495e-07,3.8403675142587806e-07,5.940752928106211e-09
48,5.449912551473667e-07,4.047245148167497e-08,1.567268342689789e-07,3.5468128013258917e-07,5.392744443321852e-07,4.873019760524915e-07,3.408266813768697e-08,1.4202881715996533e-08,9.992983504888254e-08,2.893894293010804e-07,1.7154894881041282e-07,2.0047984688158377e-07,1.8153415364915696e-07,1.7213949490350024e-07,7.933055772278754e-08,3.4192501255946013e-07,1.1698182156758113e-07,9.722249830071917e-08,3.8403675142587806e-07,5.940752928106211e-09
49,5.449912551473667e-07,4.0038686971588326e-08,1.567268342689789e-07,3.52860045708838e-07,5.392744443321852e-07,4.873019760524915e-07,3.359152510721396e-08,1.4121343207011388e-08,9.992983504888254e-08,2.893894293010804e-07,1.7154894881041282e-07,1.732727850623911e-07,1.8153415364915696e-07,1.7185505489083364e-07,7.933055772278754e-08,3.419247758478709e-07,1.1698182156758113e-07,9.722249830071917e-08,3.0342030270091874e-07,5.067234482939373e-09
50,5.448821484474051e-07,3.8900765640146824e-08,1.567268342689789e-07,3.0424469305189983e-07,5.392744443321852e-07,4.873019760524915e-07,3.1734612566097385e-08,1.401107549642189e-08,8.389984362883804e-08,2.893894293010804e-07,1.7154894881041282e-07,1.732727850623911e-07,1.8153415364915696e-07,1.714881771569887e-07,7.770974782645534e-08,3.419247758478709e-07,1.1698182156758113e-07,9.722249830071917e-08,3.0342030270091874e-07,5.067234482939373e-09
51,5.448821484474051e-07,3.8900765640146824e-08,1.5090509495147307e-07,3.0424469305189983e-07,5.392744443321852e-07,4.873019760524915e-07,2.412053045363336e-08,1.3869403571362084e-08,7.820624217533599e-08,2.8391686886372176e-07,1.7050213019588452e-07,1.6009360449794285e-07,1.715034795542796e-07,1.0962295609950197e-07,7.04616361683576e-08,1.1163521469302157e-07,1.1698182156758113e-07,8.167717564172245e-08,3.0342030270091874e-07,5.041959776061475e-09
52,5.448821484474051e-07,3.8900765640146824e-08,1.5090509495147307e-07,3.0424469305189983e-07,4.646392996953829e-07,4.873019760524915e-07,1.3850828431851401e-08,4.868318772631165e-09,7.291098138031122e-08,2.5262540261851754e-07,1.7050213019588452e-07,1.1807680697709474e-07,1.715034795542796e-07,1.0962295609950197e-07,5.5683962336800416e-08,1.1163521469302157e-07,1.1698182156758113e-07,8.167717564172245e-08,3.0342030270091874e-07,4.951005126584108e-09
53,5.446456567245144e-07,2.6056609828846734e-08,1.396399007125316e-07,3.0424469305189983e-07,3.4014683321126737e-07,4.873019760524915e-07,1.3850828431851401e-08,4.4650812888241175e-09,7.185791063735799e-08,2.1813752113114352e-07,1.7050213019588452e-07,1.1807680697709474e-07,1.715034795542796e-07,1.052381533483049e-07,5.0511914755984934e-08,1.1033557208030976e-07,9.300536575536738e-08,7.747040374252975e-08,1.9124409790161696e-07,4.951005126584108e-09
54,5.446456567245144e-07,2.6056609828846734e-08,1.3730906835514203e-07,3.032457831935404e-07,2.365450868031715e-07,4.571380514406583e-07,6.742407996483704e-09,4.4650812888241175e-09,7.184988911798422e-08,1.2662541419406698e-07,1.7050213019588452e-07,1.0721144359873853e-07,1.715034795542796e-07,1.052381533483049e-07,3.836775928000669e-08,1.0052742789812436e-07,9.300536575536738e-08,6.730416632540098e-08,1.8439583067936116e-07,4.951005126584108e-09
55,5.446136301144117e-07,2.54609404442873e-08,1.350298726505088e-07,1.7129626039732748e-07,2.365450868031715e-07,4.571380514406583e-07,6.742407996483704e-09,4.4650812888241175e-09,7.15344719514571e-08,1.0276599551299149e-07,1.5951475886962655e-07,9.478622972943084e-08,1.715034795542796e-07,9.019319009098332e-08,3.836775928000669e-08,1.0052742789812436e-07,9.195302009536969e-08,6.730416632540098e-08,1.0905943856694872e-07,4.651002926142098e-09
56,5.446136301144117e-07,2.100116848030692e-08,1.3389161038842404e-07,7.305397464163959e-08,2.3356877819480456e-07,3.6225401459561727e-07,6.742407996483704e-09,4.350605285103312e-09,7.15344719514571e-08,1.0276599551299149e-07,1.5951475886962655e-07,9.478622972943084e-08,1.715034795542796e-07,9.019319009098332e-08,3.836775928000669e-08,1.0052742789812436e-07,9.195302009536969e-08,6.730416632540098e-08,5.751785161654621e-08,4.395025989846612e-09
57,5.446136301144117e-07,2.100116848030692e-08,1.3389161038842404e-07,7.140269635894258e-08,2.3356877819480456e-07,3.6225401459561727e-07,6.742407996483704e-09,1.9315399467291634e-09,7.15344719514571e-08,1.0276599551299149e-07,1.5340020780828153e-07,9.478622972943084e-08,1.715034795542796e-07,5.2079383620106176e-08,3.836775928000669e-08,9.616470005359048e-08,9.009692545644539e-08,6.618225998013444e-08,5.751785161654621e-08,4.395025989846612e-09
58,5.446136301144117e-07,2.100116848030692e-08,1.3352320404218547e-07,7.140269635894258e-08,2.3356877819480456e-07,3.6225401459561727e-07,6.742407996483704e-09,1.9315399467291634e-09,7.15344719514571e-08,1.0276599551299149e-07,1.5340020780828153e-07,9.207039868150769e-08,1.715034795542796e-07,5.2079383620106176e-08,3.836775928000669e-08,9.616470005359048e-08,9.009692545644539e-08,6.587957755427052e-08,4.052406208057438e-08,4.395025989846612e-09
59,5.446136301144117e-07,2.0504732187074537e-08,1.3309263041076852e-07,6.942119133180707e-08,2.3356877819480456e-07,3.6225401459561727e-07,5.372940536610846e-09,1.9315399467291634e-09,7.15344719514571e-08,7.125792933468544e-08,1.5340020780828153e-07,8.947531135003426e-08,1.712906291391029e-07,4.3691610425645206e-08,3.836775928000669e-08,9.149846203736737e-08,8.863023266123317e-08,6.426935589015248e-08,3.2490649216890886e-08,4.395025989846612e-09
60,7.749848534990021e-08,2.0504732187074537e-08,1.3309263041076852e-07,6.171242556799627e-08,2.3356877819480456e-07,3.6225401459561727e-07,4.482535610741108e-09,1.9315399467291634e-09,3.1639303926663524e-08,7.125792933468544e-08,8.617142737386871e-08,8.947531135003426e-08,1.712906291391029e-07,4.3691610425645206e-08,3.836775928000669e-08,4.860716869050023e-08,8.829953637360733e-08,6.426935589015248e-08,3.1331523500225586e-08,4.268071202721648e-09
61,7.130682054187453e-08,2.0333346870988173e-08,3.01330914003636e-08,6.171242556799627e-08,2.3356877819480456e-07,3.6225401459561727e-07,4.482535610741108e-09,1.9315399467291634e-09,3.1639303926663524e-08,7.125792933468544e-08,4.024760020724704e-08,8.947531135003426e-08,1.7126113803737685e-07,4.3691610425645206e-08,3.675095436528439e-08,4.860716869050023e-08,8.389918980455064e-08,6.37055050256871e-08,3.1131000408754465e-08,4.268071202721648e-09
62,7.130682054187453e-08,1.8116456495512095e-08,3.01330914003636e-08,4.722727536737797e-08,2.3356877819480456e-07,1.3242680059218018e-07,4.482535610741108e-09,1.634898079822847e-09,3.1639303926663524e-08,7.125792933468544e-08,5.80864911963996e-09,7.985770946526343e-08,1.7126113803737685e-07,4.294163300865864e-08,3.675095436528439e-08,4.860716869050023e-08,8.389918980455064e-08,6.068590659133735e-08,1.3492626935751862e-08,4.268071202721648e-09
63,7.130682054187453e-08,1.808498613474865e-08,1.8544567685534796e-08,4.314882316325692e-08,2.2250058908707777e-07,1.0228568618953346e-07,4.482535610741108e-09,9.950500583997666e-10,3.1639303926663524e-08,7.125792933468544e-08,5.80864911963996e-09,7.154730713745105e-08,1.7126113803737685e-07,4.294163300865864e-08,3.675095436528439e-08,4.860716869050023e-08,8.389918980455064e-08,6.068590659133735e-08,1.3492626935751862e-08,3.3629908130382504e-09
64,7.130682054187453e-08,1.808498613474865e-08,1.8544567685534796e-08,3.624268570881177e-08,2.2250058908707777e-07,9.067571837637867e-08,4.040275219082482e-09,9.950500583997666e-10,3.1639303926663524e-08,7.116515345480194e-08,5.80864911963996e-09,7.055753955884232e-08,1.710005904009693e-07,4.294163300865864e-08,3.675095436528439e-08,4.8300086888635444e-08,8.327389217067343e-08,5.626212934866909e-08,1.3492626935751862e-08,2.2155717304325097e-09
65,7.130682054187453e-08,1.8073597034523376e-08,1.8544567685534796e-08,3.624268570881177e-08,2.2250058908707777e-07,5.795194229579008e-08,4.040275219082482e-09,8.626113769488843e-10,3.1639303926663524e-08,7.116515345480194e-08,3.6578179221865634e-09,7.012139741389547e-08,1.710005904009693e-07,4.294163300865864e-08,3.675095436528439e-08,4.712626766460754e-08,8.10494283755898e-08,5.626212934866909e-08,1.2075895594057445e-08,2.215389440705493e-09
66,7.130682054187453e-08,4.113712033687859e-09,1.8544567685534796e-08,3.498838947541677e-08,2.2250058908707777e-07,5.795194229579008e-08,4.040275219082482e-09,8.626113769488843e-10,3.1639303926663524e-08,7.116515345480194e-08,3.6578179221865634e-09,5.447003635509225e-08,1.710005904009693e-07,4.104333705713829e-08,3.674167291305449e-08,3.009119460631503e-08,8.088402831484528e-08,5.590091157746663e-08,1.2075895594057445e-08,2.202767375344255e-09
67,6.361488109348309e-08,4.113712033687859e-09,1.8544567685534796e-08,3.498838947541677e-08,2.2250058908707777e-07,5.795194229579008e-08,4.040275219082482e-09,8.547313592360332e-10,3.1638871544249167e-08,7.116513639220784e-08,3.6578179221865634e-09,5.447003635509225e-08,5.288754678032297e-08,4.104333705713829e-08,3.046177731724031e-08,1.4911776423474035e-08,7.910018211266041e-08,5.588118060815412e-08,1.2075895594057445e-08,2.202767375344255e-09
68,6.361488109348309e-08,4.113712033687859e-09,1.55391478486882e-08,3.323036534824392e-08,2.2250058908707777e-07,5.795194229579008e-08,4.040275219082482e-09,7.589463901932048e-10,3.1638871544249167e-08,6.651653898599548e-08,3.6578179221865634e-09,5.264661941891179e-08,5.288754678032297e-08,4.104333705713829e-08,2.9068433804782118e-08,9.07803737246391e-09,7.873469563183612e-08,5.553023390575766e-08,1.2075895594057445e-08,2.202767375344255e-09
69,5.759274759852019e-08,4.113712033687859e-09,1.55391478486882e-08,3.323036534824392e-08,1.3954708833472826e-07,5.795194229579008e-08,3.813893273590326e-09,2.3258239527158765e-10,3.1638871544249167e-08,6.526395486662315e-08,3.6578179221865634e-09,4.052131837737352e-08,1.8317029625075233e-08,4.104333705713829e-08,2.9047398923998986e-08,9.07803737246391e-09,7.219260376183961e-08,5.553023390575766e-08,1.2075895594057445e-08,2.202767375344255e-09
70,5.6688954110432117e-08,4.112196417208517e-09,1.55391478486882e-08,3.280533618898654e-08,1.3954708833472826e-07,5.795194229579008e-08,3.813893273590326e-09,6.56220346430136e-11,3.1638871544249167e-08,6.213430576810933e-08,3.0185311035045904e-09,4.052131837737352e-08,1.8317029625075233e-08,3.891525253867957e-08,2.9047398923998986e-08,9.07803737246391e-09,7.219260376183961e-08,5.553023390575766e-08,1.2075895594057445e-08,2.10294740124669e-09
71,4.515106316094212e-08,3.858733056962856e-09,1.55391478486882e-08,3.280533618898654e-08,1.1163303979941057e-07,5.795194229579008e-08,3.736418591175135e-09,6.56220346430136e-11,3.1638871544249167e-08,5.7538547354194776e-08,3.0185311035045904e-09,4.052131837737352e-08,1.6680017893891217e-08,3.891525253867957e-08,2.9047398923998986e-08,8.103864919549045e-09,8.692954797546398e-09,5.548066123217555e-08,1.2075895594057445e-08,1.968726982833182e-09
72,3.642995045500792e-08,3.3952619878753056e-09,1.4632333544718642e-08,3.263861155433761e-08,1.1163303979941057e-07,5.795194229579008e-08,3.736418591175135e-09,6.56220346430136e-11,2.511142199947537e-08,5.7538547354194776e-08,3.0185311035045904e-09,2.9081743919752416e-08,9.4386936215158e-09,3.891525253867957e-08,2.8478683745013713e-08,8.103864919549045e-09,8.692954797546398e-09,5.548066123217555e-08,1.1487138947389566e-08,1.6028114408579753e-09
73,3.642995045500792e-08,3.3952619878753056e-09,1.3856718142078607e-08,3.0715961052420294e-08,8.354003535315256e-08,5.795194229579008e-08,3.736418591175135e-09,6.56220346430136e-11,2.511142199947537e-08,4.265499241510993e-08,2.3270796532617122e-09,2.716485619671968e-08,9.361652273097136e-09,3.891525253867957e-08,6.2628621994080575e-09,7.179991277288424e-09,8.272035026476338e-09,5.5224984238897525e-08,1.1487138947389566e-08,1.3647225473343538e-09
74,3.642995045500792e-08,3.0744008531020815e-09,1.2954716035166285e-08,3.0715961052420294e-08,8.354003535315256e-08,5.795194229579008e-08,3.736418591175135e-09,6.181026093697175e-11,2.511142199947537e-08,2.366285313398284e-08,1.6014128995468395e-09,2.6270233262920626e-08,5.972575699042124e-09,3.891525253867957e-08,5.293182883135221e-09,7.179991277288424e-09,8.272035026476338e-09,5.5224984238897525e-08,1.1487138947389566e-08,1.1881327999435133e-09
75,3.642995045500792e-08,3.0744008531020815e-09,1.2954716035166285e-08,2.959145001164734e-08,8.354003535315256e-08,5.7046358840993035e-08,3.736418591175135e-09,6.181026093697175e-11,2.511142199947537e-08,2.366285313398284e-08,1.2754331772606077e-09,2.6270233262920626e-08,4.15738272279777e-09,3.891525253867957e-08,5.293182883135221e-09,7.140111751227271e-09,8.272035026476338e-09,5.5224984238897525e-08,1.1487138947389566e-08,1.0990214180547827e-09
76,3.642995045500792e-08,2.9464627387873085e-09,1.2954716035166285e-08,2.884673974627745e-08,8.354003535315256e-08,5.7046358840993035e-08,3.4311489482615217e-09,6.181026093697175e-11,2.207678825235526e-08,2.204435247895022e-08,1.1864943091434998e-09,2.624600144374234e-08,4.15738272279777e-09,3.887701261574425e-08,5.13467747799328e-09,6.437671090445945e-09,8.272035026476338e-09,5.515065033929553e-08,1.1487138947389566e-08,1.0561852634451535e-09
77,3.642995045500792e-08,2.9393068180548705e-09,1.2556872072557188e-08,2.884673974627745e-08,8.354003535315256e-08,5.7046358840993035e-08,3.395858133505465e-09,6.181026093697175e-11,2.207678825235526e-08,2.1697508428258653e-08,1.1864943091434998e-09,2.515511312281443e-08,4.15738272279777e-09,3.887701261574425e-08,5.13467747799328e-09,6.437671090445945e-09,8.272035026476338e-09,5.5045830807632985e-08,1.1487138947389566e-08,1.0320212616747367e-09
78,3.642995045500792e-08,2.9393068180548705e-09,1.2556872072557188e-08,2.8384468380468213e-08,7.356796848575578e-08,5.637554851798656e-08,3.395858133505465e-09,6.181026093697175e-11,2.207678825235526e-08,2.143504133259158e-08,1.1864943091434998e-09,2.515511312281443e-08,4.15738272279777e-09,3.887701261574425e-08,5.1195307093773436e-09,6.437671090445945e-09,8.272035026476338e-09,5.5045830807632985e-08,1.1487138947389566e-08,1.0320212616747367e-09
79,3.642995045500792e-08,2.7547221900585046e-09,1.2556872072557188e-08,2.831849377248148e-08,5.93278066655256e-08,4.710550590930072e-08,3.395858133505465e-09,6.181026093697175e-11,2.207678825235526e-08,2.143504133259158e-08,1.1864943091434998e-09,2.515511312281443e-08,4.15738272279777e-09,3.887701261574425e-08,5.1195307093773436e-09,6.437671090445945e-09,8.272035026476338e-09,5.5041409891141636e-08,1.1487138947389566e-08,1.0320212616747367e-09
80,3.642995045500792e-08,2.4574072342026437e-09,1.2556872072557188e-08,2.8162225148656754e-08,4.895790770054951e-08,4.710550590930072e-08,3.2463591428604173e-09,6.181026093697175e-11,2.1512953353440108e-08,2.1429261691316548e-08,1.1864943091434998e-09,2.069383859011976e-08,4.15738272279777e-09,2.390370869323169e-08,5.1195307093773436e-09,5.692873466030618e-09,8.131123072995494e-09,5.5041409891141636e-08,8.169379775143825e-09,1.0320212616747367e-09
81,3.642995045500792e-08,2.4574072342026437e-09,1.2556872072557188e-08,2.8149521554019316e-08,4.803368326984901e-08,4.710550590930072e-08,3.154388922233387e-09,6.181026093697175e-11,2.1512953353440108e-08,8.799199331185424e-09,9.519769631070523e-10,8.655569926108689e-09,4.15738272279777e-09,2.390370869323169e-08,3.5201042745918385e-09,2.941077129417165e-09,7.856507864861049e-09,5.503741609038593e-08,7.957837354722486e-09,1.0320212616747367e-09
82,3.642995045500792e-08,2.4574072342026437e-09,1.251585483431444e-08,2.8149521554019316e-08,2.5401159480568154e-08,4.1475564259519275e-08,3.154388922233387e-09,3.9228468553342274e-11,2.1512953353440108e-08,8.799199331185424e-09,8.756258789652037e-10,8.088373012775617e-09,4.15738272279777e-09,2.390370869323169e-08,3.5201042745918385e-09,2.901122345883884e-09,7.856507864861049e-09,5.503322829858878e-08,7.957837354722486e-09,9.820439784140954e-10
83,3.642995045500792e-08,2.335280859028961e-09,1.0728078320587927e-08,2.8149521554019316e-08,2.5401159480568154e-08,3.088287125049206e-08,3.154388922233387e-09,3.9228468553342274e-11,2.1512953353440108e-08,8.356862470854886e-09,5.73248235413356e-10,6.426051245921151e-09,4.15738272279777e-09,1.5894686885273137e-08,3.5201042745918385e-09,2.901122345883884e-09,7.856507864861049e-09,5.503322829858878e-08,7.957837354722486e-09,9.820439784140954e-10
84,3.642995045500792e-08,2.335280859028961e-09,7.120510915683674e-09,2.811520649428705e-08,2.5401159480568154e-08,2.8973183735910542e-08,3.154388922233387e-09,3.9228468553342274e-11,2.1512953353440108e-08,8.356862470854886e-09,5.479343365773724e-10,6.426051245921151e-09,4.15738272279777e-09,1.5894686885273137e-08,3.5201042745918385e-09,1.7407966634023335e-09,7.856507864861049e-09,5.503322829858878e-08,7.957837354722486e-09,9.820439784140954e-10
85,3.642995045500792e-08,1.8275612428244636e-09,7.120510915683674e-09,2.811520649428705e-08,1.6206942042550077e-08,2.0228446005068143e-08,3.154388922233387e-09,3.9228468553342274e-11,2.0134540468480053e-08,8.111253613319598e-09,5.479343365773724e-10,6.426051245921151e-09,6.869675882762445e-10,1.5135802215626064e-08,3.4521887098643677e-09,1.5496047852197974e-09,7.856507864861049e-09,3.417432917593382e-08,7.525135135457892e-09,9.820439784140954e-10
86,3.642995045500792e-08,1.8275612428244636e-09,3.5259007822052194e-09,2.811520649428705e-08,1.6206942042550077e-08,1.7808441177114402e-08,3.154388922233387e-09,3.9228468553342274e-11,2.0134540468480053e-08,8.111253613319598e-09,5.328284990877984e-10,6.426051245921151e-09,6.869675882762445e-10,1.2420093294909871e-08,3.296877355952129e-09,1.5496047852197974e-09,7.856507864861049e-09,8.461266931365012e-10,7.525135135457892e-09,9.820439784140954e-10
87,3.642995045500792e-08,1.8275612428244636e-09,3.5259007822052194e-09,2.811520649428705e-08,1.6206942042550077e-08,1.7808441177114402e-08,3.154388922233387e-09,3.807382882230303e-11,2.0134540468480053e-08,8.111253613319598e-09,5.322015514280835e-10,6.426051245921151e-09,6.869675882762445e-10,7.69055625827753e-09,3.0247213598427874e-09,6.824982220245924e-10,7.856507864861049e-09,8.461266931365012e-10,7.525135135457892e-09,8.920738754735763e-10
88,3.642995045500792e-08,1.575603849054128e-09,3.5259007822052194e-09,2.811520649428705e-08,1.1432210589970692e-08,1.5622119068202753e-08,3.154388922233387e-09,3.807382882230303e-11,2.005372608305573e-08,8.111253613319598e-09,5.322015514280835e-10,6.426051245921151e-09,6.869675882762445e-10,6.588095752224408e-09,2.882421945466361e-09,6.054545141385252e-10,7.856507864861049e-09,8.461266931365012e-10,7.525135135457892e-09,8.920738754735763e-10
89,3.642995045500792e-08,1.575603849054128e-09,3.5259007822052194e-09,2.6845079721069836e-08,1.1432210589970692e-08,1.5622119068202753e-08,3.154388922233387e-09,1.5618843226386397e-11,1.9591871018805124e-08,6.042377776791726e-09,5.322015514280835e-10,6.426051245921151e-09,6.639143258985555e-10,6.588095752224408e-09,2.882421945466361e-09,2.6901144640802214e-10,7.856507864861049e-09,8.461266931365012e-10,6.83216101966504e-09,8.920738754735763e-10
90,3.334241107268522e-08,1.2172522266105887e-09,3.5259007822052194e-09,2.453473789635715e-08,1.1432210589970692e-08,1.4450089134461247e-08,3.154388922233387e-09,1.4692344839376828e-11,1.9591871018805124e-08,6.042377776791726e-09,5.322015514280835e-10,6.209251370829815e-09,6.639143258985555e-10,6.588095752224408e-09,2.882421945466361e-09,2.6901144640802214e-10,7.856507864861049e-09,8.461266931365012e-10,6.83216101966504e-09,8.920738754735763e-10
91,3.334241107268522e-08,1.2172522266105887e-09,3.5259007822052194e-09,2.4507367391961903e-08,1.0150602803571637e-08,1.4450089134461247e-08,3.154388922233387e-09,1.4692344839376828e-11,1.9591871018805124e-08,6.042377776791726e-09,5.322015514280835e-10,4.6985468699539165e-09,6.639143258985555e-10,6.588095752224408e-09,2.8005107812693997e-09,2.291413179651889e-10,7.709410585113393e-09,3.756697200310889e-10,6.83216101966504e-09,8.920738754735763e-10
92,3.334241107268522e-08,1.1964670101509032e-09,3.5259007822052194e-09,2.4507367391961903e-08,6.866352888074712e-09,1.4399658088352572e-08,3.154388922233387e-09,1.4692344839376828e-11,1.9591871018805124e-08,6.042377776791726e-09,5.115855798870234e-10,4.474420881114205e-09,6.113243002529057e-10,6.588095752224408e-09,2.8005107812693997e-09,1.6287927741500618e-10,7.709410585113393e-09,2.586245893944894e-10,6.83216101966504e-09,8.920738754735763e-10
93,3.334241107268522e-08,1.1964670101509032e-09,3.5259007822052194e-09,2.4507367391961903e-08,6.584710067295033e-09,1.4399658088352572e-08,3.154388922233387e-09,1.4692344839376828e-11,1.952507891651554e-08,6.042377776791726e-09,4.1074856874672877e-10,4.387493065114561e-09,6.113243002529057e-10,6.588095752224408e-09,2.8005107812693997e-09,1.406235390682492e-10,7.709410585113393e-09,2.47496859467936e-10,2.3386256888585928e-09,8.920738754735763e-10
94,1.0039718081117925e-08,1.1964670101509032e-09,3.5259007822052194e-09,2.1664756808769237e-08,6.584710067295033e-09,1.4391732312764666e-08,3.154388922233387e-09,8.57917132421293e-12,1.9405746005244193e-08,5.032118093332297e-09,1.9805597682373493e-10,4.387493065114561e-09,6.113243002529057e-10,5.879875270128718e-09,2.8005107812693997e-09,1.406235390682492e-10,7.709410585113393e-09,2.47496859467936e-10,2.3386256888585928e-09,8.591319065576135e-10
95,1.0039718081117925e-08,1.1964670101509032e-09,3.5259007822052194e-09,2.1664756808769237e-08,3.6598745876552714e-09,3.4979885441936402e-09,3.154388922233387e-09,7.98720531493004e-12,1.9405746005244193e-08,4.9388531777526465e-09,1.9805597682373493e-10,4.387259934065324e-09,6.113243002529057e-10,5.879875270128718e-09,2.8005107812693997e-09,1.235449446122685e-10,7.709410585113393e-09,2.47496859467936e-10,2.3386256888585928e-09,8.591319065576135e-10
96,8.407188106265902e-09,1.1964670101509032e-09,3.240342570107917e-09,2.1664756808769237e-08,3.6598745876552714e-09,3.4979885441936402e-09,3.154388922233387e-09,7.55380020274225e-12,1.9405746005244193e-08,4.8484676741303275e-09,1.9805597682373493e-10,4.331077752664972e-09,6.113243002529057e-10,5.879875270128718e-09,2.8005107812693997e-09,1.2139274560993872e-10,7.709410585113393e-09,2.278463559811955e-10,2.3386256888585928e-09,8.468063215391757e-10
97,8.250557889140366e-09,1.0918275826442608e-09,3.240342570107917e-09,2.1664756808769237e-08,3.6598745876552714e-09,3.497898832660278e-09,3.154388922233387e-09,7.55380020274225e-12,1.9405746005244193e-08,4.8484676741303275e-09,1.9805597682373493e-10,4.331077752664972e-09,6.113243002529057e-10,5.879875270128718e-09,2.8005107812693997e-09,1.2139274560993872e-10,7.709410585113393e-09,2.223694729281636e-10,1.6552575651106591e-09,8.468063215391757e-10
98,1.8897565327887186e-09,1.0918275826442608e-09,3.240342570107917e-09,2.1664756808769237e-08,3.6598745876552714e-09,3.497898832660278e-09,3.154388922233387e-09,5.279930479819923e-12,1.9405746005244193e-08,3.4614681528194317e-09,1.9805597682373493e-10,4.32604261958962e-09,6.113243002529057e-10,5.879875270128718e-09,2.8005107812693997e-09,1.1868078805662725e-10,5.086625654861909e-09,1.779534982797455e-10,1.6552575651106591e-09,8.468063215391757e-10
99,1.8897565327887186e-09,1.0895023729743508e-09,3.240342570107917e-09,2.1664756808769237e-08,3.6598745876552714e-09,2.335031215852088e-09,3.154388922233387e-09,5.279930479819923e-12,1.1651181487583191e-08,3.4614681528194317e-09,1.9805597682373493e-10,4.298011799889457e-09,6.113243002529057e-10,5.879875270128718e-09,2.8005107812693997e-09,1.1868078805662725e-10,5.086625654861909e-09,1.779534982797455e-10,1.6552575651106591e-09,8.468063215391757e-10
100,1.8897565327887186e-09,1.0895023729743508e-09,3.240342570107917e-09,2.1528669914656518e-08,3.6598745876552714e-09,2.335031215852088e-09,3.154388922233387e-09,5.279930479819923e-12,1.1651181487583191e-08,1.5071272103638107e-09,1.9805597682373493e-10,4.298011799889457e-09,5.975477541878047e-10,5.7480848575553595e-09,2.8005107812693997e-09,1.1868078805662725e-10,5.086625654861909e-09,1.7742765656443963e-10,1.6552575651106591e-09,8.468063215391757e-10
101,1.8897565327887186e-09,9.794477635845668e-10,3.240342570107917e-09,2.1369068135474724e-08,3.4283606101569505e-09,2.335031215852088e-09,3.154388922233387e-09,5.279930479819923e-12,1.1651181487583191e-08,1.5071272103638107e-09,1.5485506509481807e-10,4.276437430260149e-09,5.975477541878047e-10,5.7480848575553595e-09,2.8005107812693997e-09,1.1868078805662725e-10,4.701310807880578e-09,1.7742765656443963e-10,1.6552575651106591e-09,8.468063215391757e-10
102,1.8897565327887186e-09,9.794477635845668e-10,3.240342570107917e-09,2.1369068135474724e-08,3.4283606101569505e-09,2.335031215852088e-09,3.154388922233387e-09,5.279930479819923e-12,1.141769002496078e-08,5.707419155274038e-10,1.5485506509481807e-10,4.276437430260149e-09,5.975477541878047e-10,5.7480848575553595e-09,2.8005107812693997e-09,1.1868078805662725e-10,3.6900650093055618e-09,1.7717681188614233e-10,1.6552575651106591e-09,8.468063215391757e-10
103,1.831779890870015e-09,9.794477635845668e-10,3.240342570107917e-09,2.1369068135474724e-08,3.4283606101569505e-09,2.122488614727477e-09,3.154388922233387e-09,5.279930479819923e-12,1.1222128030970683e-08,5.707419155274038e-10,1.519984934022028e-10,4.276437430260149e-09,5.938129653008733e-10,5.7480848575553595e-09,2.8005107812693997e-09,1.1749681191624324e-10,3.6900650093055618e-09,1.7717681188614233e-10,1.3600435806253467e-09,8.337060906167522e-10
104,1.7409771869523095e-09,9.696841582235629e-10,3.240342570107917e-09,2.1369068135474724e-08,3.4283606101569505e-09,1.684252019676452e-09,3.154388922233387e-09,5.279930479819923e-12,1.1222128030970683e-08,5.707419155274038e-10,1.519984934022028e-10,4.276437430260149e-09,5.755226299713248e-10,5.7480848575553595e-09,2.8005107812693997e-09,1.1749681191624324e-10,3.6900650093055618e-09,1.7717681188614233e-10,7.237875471152641e-10,5.221200284999026e-10
105,1.4710928083591601e-09,9.696841582235629e-10,3.240342570107917e-09,2.1369068135474724e-08,3.4283606101569505e-09,1.684252019676452e-09,3.154388922233387e-09,5.279930479819923e-12,1.1222128030970683e-08,5.707419155274038e-10,1.519984934022028e-10,4.276437430260149e-09,5.755226299713248e-10,5.148025524597896e-09,2.8005107812693997e-09,1.1749681191624324e-10,3.6900650093055618e-09,1.7717681188614233e-10,7.237875471152641e-10,5.221200284999026e-10
106,1.3838247570160464e-09,9.696841582235629e-10,3.240342570107917e-09,2.1369068135474724e-08,3.4283606101569505e-09,1.684252019676452e-09,3.154388922233387e-09,5.279930479819923e-12,1.1222128030970683e-08,5.707419155274038e-10,1.519984934022028e-10,4.276437430260149e-09,5.755226299713248e-10,4.941955076130819e-09,2.8005107812693997e-09,1.1749681191624324e-10,3.6900650093055618e-09,1.7717681188614233e-10,7.237875471152641e-10,5.221200284999026e-10
107,1.2004142228440136e-09,2.817500206981868e-10,3.177526480786e-09,2.1369068135474724e-08,3.4283606101569505e-09,1.684252019676452e-09,3.154388922233387e-09,5.279930479819923e-12,1.1081818931720207e-08,5.609374418090492e-10,1.1264160178749839e-10,2.7296806089127336e-09,5.755226299713248e-10,4.477132424667457e-09,2.8005107812693997e-09,1.1749681191624324e-10,3.48310519017706e-09,1.7717681188614233e-10,7.237875471152641e-10,3.998212124835507e-10
108,1.2004142228440136e-09,2.817500206981868e-10,3.177526480786e-09,2.1369068135474724e-08,3.4283606101569505e-09,1.684252019676452e-09,2.6073679501411063e-09,5.279930479819923e-12,1.0786394478627e-08,2.660741523258315e-10,1.1264160178749839e-10,1.2808250849582612e-09,5.543219452003956e-10,4.477132424667457e-09,2.8005107812693997e-09,1.1749681191624324e-10,3.48310519017706e-09,1.459137616524264e-10,6.917920968001603e-10,3.482826981798021e-10
109,1.2004142228440136e-09,2.817500206981868e-10,3.177526480786e-09,2.1369068135474724e-08,3.145685788607494e-09,1.684252019676452e-09,1.7448062508864683e-09,5.279930479819923e-12,1.0786394478627e-08,2.1738916121537248e-10,1.1264160178749839e-10,1.2808250849582612e-09,5.543219452003956e-10,4.477132424667457e-09,2.8005107812693997e-09,1.1749681191624324e-10,3.48310519017706e-09,1.4484441953355531e-10,6.917920968001603e-10,3.482826981798021e-10
110,1.195751571576458e-09,2.817500206981868e-10,3.13935558224255e-09,2.1369068135474724e-08,3.145685788607494e-09,1.684252019676452e-09,1.7448062508864683e-09,4.957126155223186e-12,1.0786394478627e-08,2.1738916121537248e-10,1.1264160178749839e-10,7.277341496999673e-10,5.543219452003956e-10,4.477132424667457e-09,2.8005107812693997e-09,1.1749681191624324e-10,3.48310519017706e-09,1.4484441953355531e-10,6.908151381541372e-10,3.4104094898125174e-10
111,1.0818167041312267e-09,2.7753729932338743e-10,1.7524010657191617e-09,2.1369068135474724e-08,2.950416509958895e-09,1.684252019676452e-09,1.7448062508864683e-09,4.957126155223186e-12,1.0786394478627e-08,1.5818623705205992e-10,1.1264160178749839e-10,4.732788708317677e-10,5.543219452003956e-10,4.477132424667457e-09,2.8005107812693997e-09,1.1749681191624324e-10,3.48310519017706e-09,1.4484441953355531e-10,6.811934474895248e-10,3.4104094898125174e-10
112,1.0791927538175005e-09,2.7753729932338743e-10,1.7217786893523945e-09,2.1369068135474724e-08,2.7978388276214073e-09,1.684252019676452e-09,1.7448062508864683e-09,4.957126155223186e-12,1.0786394478627e-08,1.5818623705205992e-10,1.1264160178749839e-10,4.732788708317677e-10,5.464761766466347e-10,4.4514174053493625e-09,2.8005107812693997e-09,1.1749681191624324e-10,3.48310519017706e-09,1.4484441953355531e-10,6.787144467450241e-10,3.4104094898125174e-10
113,1.073477500543328e-09,2.7753729932338743e-10,1.7217786893523945e-09,2.1369068135474724e-08,2.7978388276214073e-09,1.684252019676452e-09,1.744105418910386e-09,4.758536065584133e-12,1.0786394478627e-08,1.5818623705205992e-10,1.1264160178749839e-10,4.732788708317677e-10,5.464761766466347e-10,4.4514174053493625e-09,2.8005107812693997e-09,1.1749681191624324e-10,3.48310519017706e-09,1.4484441953355531e-10,6.787144467450241e-10,3.4104094898125174e-10
114,1.0468578486979497e-09,2.7654575181294657e-10,1.4209724093560818e-09,2.1369068135474724e-08,2.608003783716112e-09,1.684252019676452e-09,1.7440258369772754e-09,4.758536065584133e-12,1.0786394478627e-08,1.5496421481271978e-10,1.1264160178749839e-10,4.732788708317677e-10,5.464761766466347e-10,4.4514174053493625e-09,2.74382934843044e-09,1.1749681191624324e-10,3.4351682325699757e-09,1.4484441953355531e-10,6.787144467450241e-10,1.4486876618827376e-10
115,7.647069677192695e-10,2.7654575181294657e-10,1.1850201006156692e-09,2.1369068135474724e-08,2.4251312843323173e-09,1.684252019676452e-09,1.7438716583054149e-09,4.758536065584133e-12,9.569264318638983e-09,1.4937107985989944e-10,1.1264160178749839e-10,4.732788708317677e-10,5.464761766466347e-10,4.4514174053493625e-09,2.74382934843044e-09,1.1176974590477396e-10,3.4351682325699757e-09,1.4484441953355531e-10,6.787144467450241e-10,1.4486876618827376e-10
116,7.647069677192695e-10,2.6700682390627105e-10,1.1685348755058067e-09,2.1369068135474724e-08,2.348494277840242e-09,1.684252019676452e-09,1.7438716583054149e-09,4.758536065584133e-12,9.569264318638983e-09,1.4937107985989944e-10,1.1264160178749839e-10,4.489045341244531e-10,5.464761766466347e-10,4.4514174053493625e-09,2.74382934843044e-09,1.1176974590477396e-10,2.099074477579663e-09,1.4145814441509167e-10,6.787144467450241e-10,1.4486876618827376e-10
117,6.542825334003672e-10,8.967506080793989e-11,1.1685348755058067e-09,2.1369068135474724e-08,2.205079581632061e-09,1.684252019676452e-09,1.7370087463019147e-09,4.758536065584133e-12,9.569264318638983e-09,1.4937107985989944e-10,9.724820339510618e-11,4.489045341244531e-10,5.464761766466347e-10,1.8539201393520485e-09,2.74382934843044e-09,1.1176974590477396e-10,2.099074477579663e-09,1.4145814441509167e-10,6.787144467450241e-10,1.4486876618827376e-10
118,5.0281534564874e-10,8.967506080793989e-11,3.224717525176249e-10,2.1369068135474724e-08,1.8393046839637194e-09,1.684252019676452e-09,1.7370087463019147e-09,4.758536065584133e-12,9.114788753931706e-09,1.4937107985989944e-10,9.724820339510618e-11,4.489045341244531e-10,5.464761766466347e-10,1.8539201393520485e-09,2.74382934843044e-09,9.829339082236231e-11,2.099074477579663e-09,1.4145814441509167e-10,6.640095974510066e-10,1.4486876618827376e-10
119,4.257103069112104e-10,8.374592576984334e-11,2.999244959137239e-10,2.1369068135474724e-08,1.7664661981086427e-09,1.684252019676452e-09,1.7370087463019147e-09,4.758536065584133e-12,9.114788753931706e-09,1.4937107985989944e-10,9.724820339510618e-11,4.489045341244531e-10,5.464761766466347e-10,1.8539201393520485e-09,2.74382934843044e-09,9.829339082236231e-11,2.099074477579663e-09,1.4145814441509167e-10,6.640095974510066e-10,1.4486876618827376e-10
120,4.257103069112104e-10,8.335908174947233e-11,2.850899471814e-10,2.1369068135474724e-08,1.6480425566503514e-09,1.684252019676452e-09,1.7370087463019147e-09,4.758536065584133e-12,9.114788753931706e-09,1.4685192181744636e-10,9.724820339510618e-11,4.489045341244531e-10,5.464761766466347e-10,1.8539201393520485e-09,2.74382934843044e-09,9.829339082236231e-11,1.974769185107137e-09,1.4145814441509167e-10,6.640095974510066e-10,1.3738164126153223e-10
121,3.8116179660686947e-10,6.401686624464967e-11,1.7606805805037395e-10,1.858973596061128e-08,1.6480425566503514e-09,1.684252019676452e-09,1.7370087463019147e-09,4.758536065584133e-12,9.114788753931706e-09,1.4685192181744636e-10,9.716573014273388e-11,4.489045341244531e-10,5.464761766466347e-10,1.0768257066502368e-09,2.74382934843044e-09,9.829339082236231e-11,1.9729608770072688e-09,1.4145814441509167e-10,6.640095974510066e-10,1.3738164126153223e-10
122,3.599282581624469e-10,6.401686624464967e-11,1.7606805805037395e-10,1.858973596061128e-08,1.588151910181783e-09,1.684252019676452e-09,1.7359364238563893e-09,4.758536065584133e-12,8.922287356784967e-09,1.4685192181744636e-10,9.716573014273388e-11,4.489045341244531e-10,5.464761766466347e-10,1.04367222034153e-09,2.74382934843044e-09,9.829339082236231e-11,1.9729608770072688e-09,1.4145814441509167e-10,6.640095974510066e-10,1.1643695435713748e-10
123,3.447114225038151e-10,5.004260108362763e-11,1.7606805805037395e-10,1.2168836889550458e-08,1.588151910181783e-09,1.684252019676452e-09,1.7359364238563893e-09,4.758536065584133e-12,7.999797472344947e-09,1.4685192181744636e-10,9.716573014273388e-11,4.489045341244531e-10,5.461425370765846e-10,9.260176393901227e-10,2.74382934843044e-09,9.829339082236231e-11,1.9729608770072688e-09,1.4145814441509167e-10,6.640095974510066e-10,1.1643695435713748e-10
124,3.447114225038151e-10,5.004260108362763e-11,1.5912017094979426e-10,1.2168836889550458e-08,1.582898968901754e-09,1.6762943226972968e-09,1.7359364238563893e-09,4.758536065584133e-12,6.320021683350472e-09,1.439515588563867e-10,9.716573014273388e-11,4.489045341244531e-10,5.461425370765846e-10,8.035246620035484e-10,2.74382934843044e-09,9.829339082236231e-11,1.9729608770072688e-09,1.4145814441509167e-10,6.640095974510066e-10,1.1643695435713748e-10
125,3.447114225038151e-10,5.004260108362763e-11,1.5912017094979426e-10,1.1076913341934902e-08,1.582898968901754e-09,1.6762943226972968e-09,1.7359364238563893e-09,4.758536065584133e-12,6.29081318044509e-09,1.439515588563867e-10,9.716573014273388e-11,4.489045341244531e-10,5.461425370765846e-10,7.199662698632077e-10,2.74382934843044e-09,9.829339082236231e-11,1.9729608770072688e-09,1.4145814441509167e-10,6.640095974510066e-10,1.1643695435713748e-10
126,3.447114225038151e-10,4.6954862805818995e-11,1.5747787317369388e-10,6.094847710913829e-09,1.582898968901754e-09,1.6598690917471302e-09,1.7055114560370442e-09,4.758536065584133e-12,6.29081318044509e-09,1.408755073175788e-10,9.716573014273388e-11,4.3555595337565893e-10,5.459288042338379e-10,7.199662698632077e-10,2.74382934843044e-09,9.829339082236231e-11,1.9729608770072688e-09,1.4145814441509167e-10,6.640095974510066e-10,1.1643695435713748e-10
127,3.447114225038151e-10,4.6954862805818995e-11,1.544438466620968e-10,1.957586889393549e-09,4.898571797868336e-10,1.6598690917471302e-09,1.7055114560370442e-09,4.758536065584133e-12,4.4475848928803245e-09,1.408755073175788e-10,9.716573014273388e-11,4.1985308451778254e-10,5.459288042338379e-10,7.199662698632077e-10,2.74382934843044e-09,9.470900222143406e-11,1.9729608770072688e-09,1.4145814441509167e-10,6.62980189620962e-10,1.1643695435713748e-10
128,2.8826223470957624e-10,3.460815356641172e-11,1.5235099618993204e-10,1.957586889393549e-09,4.898571797868336e-10,1.6598690917471302e-09,1.7055114560370442e-09,4.301242723445107e-12,3.5113246691116607e-09,1.408755073175788e-10,9.716573014273388e-11,4.1985308451778254e-10,5.459288042338379e-10,7.199662698632077e-10,2.74382934843044e-09,9.470900222143406e-11,1.9729608770072688e-09,1.4145814441509167e-10,6.610118240413369e-10,1.1643695435713748e-10
129,2.8199356793027443e-10,3.460815356641172e-11,1.5235099618993204e-10,1.957586889393549e-09,4.898571797868336e-10,1.6590590887175995e-09,1.7055114560370442e-09,3.3248702176967693e-12,3.0233602210527994e-09,1.3652673736885564e-10,9.716573014273388e-11,4.1985308451778254e-10,5.459288042338379e-10,7.199662698632077e-10,2.74382934843044e-09,9.416471529592181e-11,1.9588567958791547e-09,1.4145814441509167e-10,6.610118240413369e-10,1.0548299889175343e-10
130,2.8199356793027443e-10,1.8753670019327365e-11,1.5235099618993204e-10,1.957586889393549e-09,4.898571797868336e-10,1.6531215750348885e-09,1.648298181044787e-09,3.3248702176967693e-12,3.0233602210527994e-09,1.3652673736885564e-10,9.716573014273388e-11,4.1985308451778254e-10,5.459288042338379e-10,7.199662698632077e-10,2.74382934843044e-09,9.416471529592181e-11,1.9588567958791547e-09,1.4145814441509167e-10,4.726967796572441e-10,1.0548299889175343e-10
131,2.6438039749215666e-10,1.8753670019327365e-11,1.5235099618993204e-10,1.957586889393549e-09,4.898571797868336e-10,1.6531215750348885e-09,1.6468003826692245e-09,3.3248702176967693e-12,2.7448914249774792e-09,1.3652673736885564e-10,9.716573014273388e-11,4.1985308451778254e-10,5.459288042338379e-10,7.199662698632077e-10,2.74382934843044e-09,9.416471529592181e-11,1.9588567958791547e-09,1.4145814441509167e-10,4.726967796572441e-10,1.002079290208414e-10
132,2.6438039749215666e-10,1.631460845597685e-11,1.5235099618993204e-10,1.957586889393549e-09,4.89844060962492e-10,7.379249328708393e-10,1.6468003826692245e-09,3.3248702176967693e-12,2.3812039677154737e-09,1.1460991270738522e-10,4.933966355812429e-11,4.1985308451778254e-10,5.459288042338379e-10,7.199662698632077e-10,2.74382934843044e-09,9.416471529592181e-11,1.856016989514858e-09,1.4145814441509167e-10,4.726967796572441e-10,1.002079290208414e-10
133,2.6438039749215666e-10,1.631460845597685e-11,1.5235099618993204e-10,1.957586889393549e-09,4.89844060962492e-10,7.379249328708393e-10,1.6468003826692245e-09,3.3248702176967693e-12,1.8228981527159386e-09,1.1460991270738522e-10,4.933966355812429e-11,4.1985308451778254e-10,5.459288042338379e-10,7.199662698632077e-10,2.74382934843044e-09,9.022678352543139e-11,1.856016989514858e-09,1.4145814441509167e-10,4.726967796572441e-10,1.002079290208414e-10
134,2.6438039749215666e-10,1.631460845597685e-11,1.5235099618993204e-10,1.957586889393549e-09,4.89844060962492e-10,7.379249328708393e-10,1.6468003826692245e-09,3.3248702176967693e-12,1.8228981527159386e-09,1.0233507822886699e-10,4.933966355812429e-11,4.1985308451778254e-10,5.459288042338379e-10,6.955764266424535e-10,2.74382934843044e-09,9.022678352543139e-11,1.5514941084227104e-09,1.4145814441509167e-10,4.726967796572441e-10,9.667964678849442e-11
135,2.2734722034944666e-10,1.4132595514149299e-11,1.5235099618993204e-10,1.957586889393549e-09,4.89844060962492e-10,7.379249328708393e-10,1.6468003826692245e-09,3.3248702176967693e-12,1.8228981527159386e-09,1.0233507822886699e-10,3.8685250075444903e-11,4.1985308451778254e-10,5.459034680392457e-10,6.955764266424535e-10,2.74382934843044e-09,9.022678352543139e-11,1.5514941084227104e-09,1.4145814441509167e-10,4.5816918359719223e-10,9.667964678849442e-11
136,2.2734722034944666e-10,1.4132595514149299e-11,1.5235099618993204e-10,1.957586889393549e-09,4.89844060962492e-10,7.379249328708393e-10,1.6468003826692245e-09,3.3248702176967693e-12,1.6798070143088106e-09,1.0233507822886699e-10,3.260230282113128e-11,4.1985308451778254e-10,5.459034680392457e-10,6.955764266424535e-10,2.74382934843044e-09,7.30854178653226e-11,9.475044031966112e-10,1.4145814441509167e-10,4.5816918359719223e-10,9.667964678849442e-11
137,2.2734722034944666e-10,1.4132595514149299e-11,3.789490242541736e-11,1.957586889393549e-09,4.416873842451832e-10,7.379249328708393e-10,1.6468003826692245e-09,3.3248702176967693e-12,1.3119259430467165e-09,1.0233507822886699e-10,2.018248431815407e-11,4.1985308451778254e-10,5.459034680392457e-10,6.955764266424535e-10,2.74382934843044e-09,7.30854178653226e-11,9.475044031966112e-10,1.4145814441509167e-10,4.5816918359719223e-10,9.181526012461847e-11
138,2.2204226987257895e-10,1.3645643757516395e-11,2.6093071136736923e-11,1.957586889393549e-09,4.416873842451832e-10,7.379249328708393e-10,1.6468003826692245e-09,3.3248702176967693e-12,1.3119259430467165e-09,1.0233507822886699e-10,2.018248431815407e-11,4.1985308451778254e-10,5.459034680392457e-10,6.955764266424535e-10,2.74382934843044e-09,7.30854178653226e-11,7.310280108420056e-10,1.4145814441509167e-10,4.5816918359719223e-10,9.181526012461847e-11
139,2.2204226987257895e-10,1.3645643757516395e-11,2.6093071136736923e-11,1.957586889393549e-09,4.2700493907056943e-10,7.379249328708393e-10,1.6468003826692245e-09,3.3248702176967693e-12,1.3119259430467165e-09,1.0233507822886699e-10,2.018248431815407e-11,4.1985308451778254e-10,4.783982079476246e-10,6.955764266424535e-10,2.7397583434417957e-09,7.30854178653226e-11,5.880770529871292e-10,1.4145814441509167e-10,4.5816918359719223e-10,9.181526012461847e-11
140,2.2204226987257895e-10,1.3645643757516395e-11,2.6093071136736923e-11,1.957586889393549e-09,4.2700493907056943e-10,7.379249328708393e-10,1.6468003826692245e-09,3.3248702176967693e-12,1.3119259430467165e-09,1.0233507822886699e-10,2.018248431815407e-11,4.1985308451778254e-10,4.783982079476246e-10,6.955764266424535e-10,2.7397583434417957e-09,4.5090284416966947e-11,5.880770529871292e-10,1.4145814441509167e-10,5.852157110666008e-11,9.181526012461847e-11
141,2.2204226987257895e-10,1.3645643757516395e-11,2.6093071136736923e-11,1.957586889393549e-09,4.2700493907056943e-10,7.379249328708393e-10,1.6468003826692245e-09,3.3248702176967693e-12,1.3119259430467165e-09,1.0233507822886699e-10,2.018248431815407e-11,4.1985308451778254e-10,4.783982079476246e-10,6.955764266424535e-10,2.7397583434417957e-09,4.5090284416966947e-11,5.773860101418226e-10,1.4145814441509167e-10,5.852157110666008e-11,9.181526012461847e-11
142,2.2204226987257895e-10,1.2706447772591505e-11,1.2398737256052038e-11,1.957586889393549e-09,4.2700493907056943e-10,7.379249328708393e-10,1.6468003826692245e-09,3.3248702176967693e-12,1.3119259430467165e-09,9.777988292239747e-11,2.018248431815407e-11,2.9674240228374935e-10,4.783982079476246e-10,6.955764266424535e-10,2.7397583434417957e-09,4.5090284416966947e-11,5.773860101418226e-10,1.4145814441509167e-10,5.852157110666008e-11,9.181526012461847e-11
143,2.2204226987257895e-10,1.2706447772591505e-11,9.876206288915927e-12,1.957586889393549e-09,4.2700493907056943e-10,7.379249328708393e-10,1.6468003826692245e-09,3.3248702176967693e-12,1.3119259430467165e-09,9.777988292239747e-11,2.018248431815407e-11,2.954133119577904e-10,4.783982079476246e-10,6.955764266424535e-10,2.7397583434417957e-09,2.5394635327855132e-11,5.232807308510874e-10,1.4145814441509167e-10,5.480248333282678e-11,9.181526012461847e-11
144,2.2204226987257895e-10,1.2706447772591505e-11,9.876206288915927e-12,1.957586889393549e-09,4.2700493907056943e-10,7.379249328708393e-10,1.6468003826692245e-09,2.3037290487319032e-12,1.3106782380660648e-09,9.777988292239747e-11,1.4551511754849049e-11,2.954133119577904e-10,4.783982079476246e-10,6.955764266424535e-10,2.7397583434417957e-09,2.5394635327855132e-11,5.232807308510874e-10,1.4145814441509167e-10,5.480248333282678e-11,9.181526012461847e-11
145,2.2204226987257895e-10,1.2706447772591505e-11,9.876206288915927e-12,1.957586889393549e-09,4.2700493907056943e-10,7.372869488705696e-10,1.6468003826692245e-09,2.3037290487319032e-12,1.3106782380660648e-09,9.777988292239747e-11,1.4551511754849049e-11,2.954133119577904e-10,4.783982079476246e-10,6.294691008978983e-10,2.7397583434417957e-09,2.5394635327855132e-11,5.232807308510874e-10,1.4145814441509167e-10,5.480248333282678e-11,9.181526012461847e-11
146,2.2204226987257895e-10,1.2706447772591505e-11,9.876206288915927e-12,1.957586889393549e-09,4.2700493907056943e-10,8.212736168417621e-11,1.6468003826692245e-09,2.3037290487319032e-12,1.2448695705786379e-09,9.777988292239747e-11,1.0912610720613702e-11,2.5436282505472013e-10,4.783982079476246e-10,6.294691008978983e-10,2.7397583434417957e-09,2.5394635327855132e-11,5.232807308510874e-10,1.4145814441509167e-10,5.480248333282678e-11,9.181526012461847e-11
147,2.2204226987257895e-10,1.2706447772591505e-11,9.876206288915927e-12,1.957586889393549e-09,4.2700493907056943e-10,8.212736168417621e-11,1.6468003826692245e-09,2.3037290487319032e-12,1.2334765683878686e-09,8.210505610677762e-11,1.0912610720613702e-11,2.5436282505472013e-10,4.783982079476246e-10,6.294691008978983e-10,2.7397583434417957e-09,2.5394635327855132e-11,5.232807308510874e-10,1.4145814441509167e-10,5.480248333282678e-11,9.181526012461847e-11
148,2.2204226987257895e-10,9.649888037822123e-12,9.876206288915927e-12,1.957586889393549e-09,4.2700493907056943e-10,8.212736168417621e-11,1.6468003826692245e-09,2.3037290487319032e-12,1.2334765683878686e-09,8.210505610677762e-11,8.253015602590051e-12,2.5436282505472013e-10,4.783982079476246e-10,6.294691008978983e-10,8.119107890751088e-10,2.5394635327855132e-11,5.232807308510874e-10,1.4145814441509167e-10,5.480248333282678e-11,9.181526012461847e-11
149,2.2204226987257895e-10,9.649888037822123e-12,9.876206288915927e-12,1.957586889393549e-09,4.2700493907056943e-10,8.212736168417621e-11,1.6468003826692245e-09,2.3037290487319032e-12,1.2334765683878686e-09,8.210505610677762e-11,8.253015602590051e-12,2.5436282505472013e-10,4.783982079476246e-10,6.294691008978983e-10,3.14133533427708e-11,2.5394635327855132e-11,5.232807308510874e-10,1.4145814441509167e-10,5.480248333282678e-11,9.181526012461847e-11
150,2.2204226987257895e-10,9.649888037822123e-12,9.876206288915927e-12,1.957586889393549e-09,4.0244149503740655e-10,8.212736168417621e-11,1.6468003826692245e-09,2.3037290487319032e-12,1.2334765683878686e-09,8.210505610677762e-11,8.253015602590051e-12,2.5436282505472013e-10,4.783982079476246e-10,6.294691008978983e-10,2.0099958418472018e-11,2.5394635327855132e-11,5.232807308510874e-10,1.4145814441509167e-10,5.480248333282678e-11,4.295656529846361e-11
151,2.2204226987257895e-10,9.649888037822123e-12,8.680290821900194e-12,1.957586889393549e-09,4.0244149503740655e-10,8.212736168417621e-11,5.325636064465342e-10,2.3037290487319032e-12,1.2334765683878686e-09,8.210505610677762e-11,8.253015602590051e-12,2.5436282505472013e-10,4.783982079476246e-10,6.294691008978983e-10,2.0099958418472018e-11,2.5394635327855132e-11,5.225533433818043e-10,1.4145814441509167e-10,5.480248333282678e-11,4.295656529846361e-11
152,1.6677820803565344e-10,9.649888037822123e-12,8.680290821900194e-12,1.8885967058619536e-09,3.976725457716494e-10,8.212736168417621e-11,5.325636064465342e-10,2.2819766185598448e-12,1.2334765683878686e-09,8.210505610677762e-11,8.253015602590051e-12,2.5436282505472013e-10,4.783982079476246e-10,6.294691008978983e-10,2.0099958418472018e-11,2.5394635327855132e-11,5.225533433818043e-10,1.4145814441509167e-10,5.480248333282678e-11,4.295656529846361e-11
153,1.6677820803565344e-10,9.649888037822123e-12,8.680290821900194e-12,1.8885967058619536e-09,2.7612967631161036e-10,8.212736168417621e-11,5.325636064465342e-10,2.2819766185598448e-12,1.2334765683878686e-09,8.210505610677762e-11,8.253015602590051e-12,2.5436282505472013e-10,4.783982079476246e-10,6.294691008978983e-10,2.0099958418472018e-11,1.9480624471482117e-11,5.128909751875231e-10,1.39074052213313e-10,5.480248333282678e-11,4.295656529846361e-11
154,1.6677820803565344e-10,9.649888037822123e-12,8.680290821900194e-12,1.8885967058619536e-09,2.1371558588738705e-10,8.212736168417621e-11,5.325636064465342e-10,2.2819766185598448e-12,1.2334765683878686e-09,8.210505610677762e-11,8.253015602590051e-12,2.5436282505472013e-10,4.783982079476246e-10,6.294691008978983e-10,1.92318877271246e-11,1.9480624471482117e-11,5.098000593153036e-10,1.39074052213313e-10,5.480248333282678e-11,4.295656529846361e-11
155,1.6589324640513547e-10,9.649888037822123e-12,8.680290821900194e-12,1.8885967058619536e-09,2.1371558588738705e-10,8.212736168417621e-11,5.325636064465342e-10,2.2819766185598448e-12,1.2334765683878686e-09,8.210505610677762e-11,8.253015602590051e-12,2.437748710481864e-10,4.783982079476246e-10,6.294691008978983e-10,1.92318877271246e-11,1.9256690736329197e-11,5.098000593153036e-10,1.39074052213313e-10,5.480248333282678e-11,4.295656529846361e-11
156,1.3873239317160058e-10,9.649888037822123e-12,8.680290821900194e-12,1.8885967058619536e-09,2.1371558588738705e-10,8.212736168417621e-11,5.325636064465342e-10,2.2819766185598448e-12,1.2334765683878686e-09,8.210505610677762e-11,8.253015602590051e-12,2.428884228375055e-10,4.783982079476246e-10,6.294691008978983e-10,1.92318877271246e-11,1.5382968428164874e-11,5.098000593153036e-10,1.39074052213313e-10,4.660927216873883e-11,4.295656529846361e-11
157,1.3873239317160058e-10,9.649888037822123e-12,8.680290821900194e-12,1.8557656473671023e-09,2.1371558588738705e-10,8.212736168417621e-11,5.325636064465342e-10,2.2819766185598448e-12,1.1906543153998543e-09,8.210505610677762e-11,8.052648090286561e-12,2.400814866597311e-10,4.783982079476246e-10,6.294691008978983e-10,1.92318877271246e-11,1.5382968428164874e-11,5.098000593153036e-10,1.3470183751909355e-10,4.660927216873883e-11,4.295656529846361e-11
158,1.3873239317160058e-10,9.649888037822123e-12,8.680290821900194e-12,1.8557656473671023e-09,1.8571589538683571e-10,8.212736168417621e-11,5.299501953064746e-10,2.2819766185598448e-12,1.1544078254332959e-09,8.210505610677762e-11,8.052648090286561e-12,2.400814866597311e-10,4.783982079476246e-10,6.278961514680096e-10,1.92318877271246e-11,6.8309456017454436e-12,5.098000593153036e-10,1.3470183751909355e-10,4.660927216873883e-11,4.295656529846361e-11
159,1.3873239317160058e-10,9.649888037822123e-12,8.680290821900194e-12,1.8557656473671023e-09,1.320172451820849e-10,7.960103638725233e-11,5.299501953064746e-10,2.2819766185598448e-12,1.149544495444698e-09,8.210505610677762e-11,8.052648090286561e-12,2.400814866597311e-10,4.783982079476246e-10,6.193190057576919e-10,1.9069479801805088e-11,6.36820324639253e-12,5.098000593153036e-10,1.3470183751909355e-10,4.660927216873883e-11,4.295656529846361e-11
160,1.3873239317160058e-10,9.649888037822123e-12,6.603141994340478e-12,1.8557656473671023e-09,1.320172451820849e-10,7.960103638725233e-11,5.299501953064746e-10,2.2819766185598448e-12,1.0783751657747527e-09,8.013975889296804e-11,8.052648090286561e-12,1.5466292786999734e-10,4.783982079476246e-10,6.120323978156154e-10,1.9069479801805088e-11,6.36820324639253e-12,5.098000593153036e-10,6.989856025051436e-11,4.4637563560358755e-11,3.843683143540917e-11
161,1.3873239317160058e-10,9.649888037822123e-12,5.731365812322805e-12,1.8530721263082469e-09,1.320172451820849e-10,7.932933965187858e-11,5.299501953064746e-10,2.2819766185598448e-12,1.0783751657747527e-09,7.455351495874868e-11,8.052648090286561e-12,1.5466292786999734e-10,4.783982079476246e-10,5.954218387029508e-10,1.9069479801805088e-11,6.36820324639253e-12,3.9472100860292023e-11,6.989856025051436e-11,4.4637563560358755e-11,3.52749534540123e-11
162,1.3873239317160058e-10,9.649888037822123e-12,5.731365812322805e-12,1.8530721263082469e-09,1.2969785176134808e-10,7.932933965187858e-11,4.708422362114196e-10,1.79228618327999e-12,1.0370406044814738e-09,4.938923343441878e-11,8.052648090286561e-12,1.5466292786999734e-10,4.783982079476246e-10,5.954218387029508e-10,1.9069479801805088e-11,6.36820324639253e-12,3.9472100860292023e-11,6.962553469761846e-11,4.4637563560358755e-11,2.9664355967698654e-11
163,1.3873239317160058e-10,9.649888037822123e-12,5.731365812322805e-12,1.8530721263082469e-09,1.1923561047101743e-10,7.932933965187858e-11,4.708422362114196e-10,1.79228618327999e-12,1.0370406044814738e-09,4.86673639403849e-11,8.052648090286561e-12,1.5466292786999734e-10,4.783982079476246e-10,5.954218387029508e-10,1.9069479801805088e-11,6.36820324639253e-12,3.9472100860292023e-11,6.962553469761846e-11,4.4637563560358755e-11,2.9664355967698654e-11
164,1.3873239317160058e-10,9.649888037822123e-12,5.731365812322805e-12,1.8530721263082469e-09,1.1923561047101743e-10,6.632997789974661e-11,4.708422362114196e-10,1.79228618327999e-12,1.0370406044814738e-09,3.8638372985479e-11,6.348310982902461e-12,8.59220024344775e-11,4.783982079476246e-10,5.954218387029508e-10,1.9069479801805088e-11,6.36820324639253e-12,3.9472100860292023e-11,6.962553469761846e-11,4.4637563560358755e-11,2.9664355967698654e-11
165,1.2580472526997705e-10,9.649888037822123e-12,4.502554795907401e-12,1.8530721263082469e-09,1.1118050028154996e-10,6.632997789974661e-11,4.708422362114196e-10,1.79228618327999e-12,9.077738945955125e-10,3.42258745278836e-11,6.348310982902461e-12,8.59220024344775e-11,4.783982079476246e-10,5.954218387029508e-10,1.9069479801805088e-11,6.36820324639253e-12,3.9472100860292023e-11,6.962553469761846e-11,4.4637563560358755e-11,2.563572715285063e-11
166,1.0809635573808336e-10,9.649888037822123e-12,3.824886585908895e-12,1.801613187891104e-09,1.1118050028154996e-10,6.632997789974661e-11,4.708422362114196e-10,1.79228618327999e-12,9.077738945955125e-10,2.97260171916545e-11,6.348310982902461e-12,8.59220024344775e-11,4.783982079476246e-10,4.837620976640639e-10,1.7568548670334466e-11,6.36820324639253e-12,3.9472100860292023e-11,6.962553469761846e-11,4.4637563560358755e-11,2.5203171840830905e-11
167,1.0809635573808336e-10,9.649888037822123e-12,3.824886585908895e-12,1.7809496046696738e-09,1.0904323370127116e-10,6.632997789974661e-11,4.1326101442813334e-10,1.79228618327999e-12,7.617378223083872e-10,2.97260171916545e-11,5.551611042347166e-12,5.599731557792769e-11,4.783982079476246e-10,4.837620976640639e-10,1.7568548670334466e-11,6.36820324639253e-12,3.9472100860292023e-11,6.947108887718609e-11,4.4637563560358755e-11,2.5203171840830905e-11
168,5.660943497690166e-11,9.649888037822123e-12,3.824886585908895e-12,1.7809496046696738e-09,1.0904323370127116e-10,6.61476639246709e-11,4.1326101442813334e-10,1.79228618327999e-12,4.0369334018515504e-10,2.4285438387470968e-11,5.5335044091242266e-12,2.680535223186571e-11,4.783982079476246e-10,4.837620976640639e-10,1.7568548670334466e-11,6.36820324639253e-12,3.9472100860292023e-11,6.724285071201765e-11,4.4637563560358755e-11,2.5203171840830905e-11
169,5.3361953388305935e-11,9.649888037822123e-12,3.824886585908895e-12,1.7809496046696738e-09,1.0904323370127116e-10,6.61476639246709e-11,4.1326101442813334e-10,1.79228618327999e-12,4.0369334018515504e-10,2.4285438387470968e-11,4.983441168638687e-12,2.680535223186571e-11,4.783982079476246e-10,4.837620976640639e-10,1.7568548670334466e-11,6.36820324639253e-12,3.9472100860292023e-11,6.724285071201765e-11,4.4637563560358755e-11,2.5203171840830905e-11
170,4.4509057699237545e-11,9.649888037822123e-12,3.4366311130842515e-12,1.7809496046696738e-09,1.0904323370127116e-10,6.61476639246709e-11,4.1326101442813334e-10,1.79228618327999e-12,1.5484730982725294e-10,2.4285438387470968e-11,4.983441168638687e-12,2.680535223186571e-11,4.783982079476246e-10,4.837620976640639e-10,1.7568548670334466e-11,6.226795504663474e-12,3.9472100860292023e-11,6.724285071201765e-11,3.152806995962053e-11,2.5203171840830905e-11
171,4.4509057699237545e-11,9.649888037822123e-12,3.4366311130842515e-12,1.780871389298414e-09,1.0904323370127116e-10,5.688505522240169e-11,4.1326101442813334e-10,1.79228618327999e-12,1.5484730982725284e-10,1.8831135751210555e-11,4.983441168638687e-12,2.680535223186571e-11,4.783982079476246e-10,4.837620976640639e-10,1.7568548670334466e-11,6.226795504663474e-12,3.9472100860292023e-11,6.724285071201765e-11,3.152806995962053e-11,2.5203171840830905e-11
172,4.4509057699237545e-11,8.522335150753637e-12,3.4296342258649868e-12,1.780871389298414e-09,1.0904323370127116e-10,5.181462539385508e-11,4.1326101442813334e-10,1.79228618327999e-12,1.5411207089098004e-10,1.8831135751210555e-11,4.983441168638687e-12,2.680535223186571e-11,4.783982079476246e-10,4.605056182478967e-10,1.7568548670334466e-11,6.226795504663474e-12,3.9472100860292023e-11,6.724285071201765e-11,3.152806995962053e-11,2.5203171840830905e-11
173,4.4509057699237545e-11,4.87187926165477e-12,3.4296342258649868e-12,1.780871389298414e-09,8.965666263856899e-11,5.181462539385508e-11,4.1326101442813334e-10,1.79228618327999e-12,1.465794990143823e-10,8.953552532216019e-12,4.983441168638687e-12,2.3565869995323818e-11,4.782224740978633e-10,4.605056182478967e-10,1.7568548670334466e-11,6.226795504663474e-12,3.9472100860292023e-11,6.214929496969639e-11,3.152806995962053e-11,2.5203171840830905e-11
174,4.4509057699237545e-11,4.87187926165477e-12,3.4296342258649868e-12,1.759760922592399e-09,8.59432753619197e-11,5.181462539385508e-11,4.1326101442813334e-10,1.79228618327999e-12,1.2306562204427566e-10,8.953552532216019e-12,4.983441168638687e-12,2.3565869995323818e-11,4.782224740978633e-10,4.605056182478967e-10,1.7568548670334466e-11,6.0602985664993976e-12,3.9340467596319875e-11,6.214929496969639e-11,3.152806995962053e-11,2.5203171840830905e-11
175,4.4509057699237545e-11,4.87187926165477e-12,3.4296342258649868e-12,1.707188415616243e-09,8.59432753619197e-11,5.181462539385508e-11,4.1326101442813334e-10,1.79228618327999e-12,1.2306562204427566e-10,8.953552532216019e-12,4.983441168638687e-12,2.3565869995323818e-11,4.776266189928495e-10,4.605056182478967e-10,1.7568548670334466e-11,5.946323323479287e-12,3.9340467596319875e-11,6.214929496969639e-11,3.152806995962053e-11,2.5203171840830905e-11
176,4.4509057699237545e-11,4.644795565293873e-12,2.6850911180419417e-12,1.707188415616243e-09,8.59432753619197e-11,5.181462539385508e-11,4.1326101442813334e-10,1.79228618327999e-12,1.2306562204427566e-10,7.2247097725856424e-12,4.860657956106489e-12,2.3565869995323818e-11,4.776266189928495e-10,4.6020301760280296e-10,1.5588790936711272e-11,5.946323323479287e-12,3.9340467596319875e-11,6.214929496969639e-11,3.152806995962053e-11,2.5203171840830905e-11
177,4.4509057699237545e-11,4.644795565293873e-12,2.6850911180419417e-12,1.707188415616243e-09,8.59432753619197e-11,5.181462539385508e-11,4.1326101442813334e-10,1.79228618327999e-12,8.511222255160996e-11,7.2247097725856424e-12,3.854286695824904e-12,2.2596606104099624e-11,4.776266189928495e-10,4.6020301760280296e-10,1.5588790936711272e-11,5.946323323479287e-12,3.9340467596319875e-11,6.214929496969639e-11,3.152806995962053e-11,2.5203171840830905e-11
178,4.4509057699237545e-11,4.644795565293873e-12,2.590397284044352e-12,1.707188415616243e-09,8.59432753619197e-11,5.181462539385508e-11,4.1068586762646294e-10,1.79228618327999e-12,8.511222255160996e-11,7.2247097725856424e-12,3.854286695824904e-12,2.2596606104099624e-11,4.774825060023186e-10,4.0465057694275865e-10,1.5588790936711272e-11,5.480388517642995e-12,3.9340467596319875e-11,6.214929496969639e-11,3.152806995962053e-11,2.5203171840830905e-11
179,4.4509057699237545e-11,4.644795565293873e-12,2.590397284044352e-12,1.707188415616243e-09,8.23477357212952e-11,5.181462539385508e-11,3.8039522313545366e-10,1.79228618327999e-12,8.511222255160996e-11,7.2247097725856424e-12,3.6199525537811504e-12,1.995119769614052e-11,4.774825060023186e-10,4.0402380082945535e-10,1.5588790936711272e-11,5.480388517642995e-12,3.9340467596319875e-11,6.214929496969639e-11,3.152806995962053e-11,2.5203171840830905e-11
180,4.4509057699237545e-11,4.644795565293873e-12,2.590397284044352e-12,1.665696616420278e-09,8.23477357212952e-11,4.824153004413385e-11,3.8039522313545366e-10,1.79228618327999e-12,8.511222255160996e-11,7.2247097725856424e-12,3.6199525537811504e-12,1.979397666313293e-11,4.774825060023186e-10,4.0402380082945535e-10,1.5588790936711272e-11,4.5053897761134226e-12,3.881032493806875e-11,6.214929496969639e-11,3.152806995962053e-11,2.4291238204439053e-11
181,4.4509057699237545e-11,4.644795565293873e-12,2.5825842954096494e-12,1.665696616420278e-09,7.559666972615214e-11,4.824153004413385e-11,3.8039522313545366e-10,1.79228618327999e-12,8.511222255160996e-11,7.2247097725856424e-12,3.6199525537811504e-12,1.979397666313293e-11,4.774825060023186e-10,4.0402380082945535e-10,1.5588790936711272e-11,4.5053897761134226e-12,3.881032493806875e-11,6.214929496969639e-11,3.152806995962053e-11,2.4291238204439053e-11
182,4.4509057699237545e-11,4.644795565293873e-12,2.548763826527001e-12,1.6385437017684203e-09,7.559666972615214e-11,4.6805655976682073e-11,3.8039522313545366e-10,1.79228618327999e-12,8.511222255160996e-11,7.2247097725856424e-12,3.6199525537811504e-12,1.979397666313293e-11,4.774825060023186e-10,4.001588515013047e-10,1.5588790936711272e-11,4.5053897761134226e-12,1.8999787772473593e-11,6.214929496969639e-11,3.152806995962053e-11,2.4291238204439053e-11
183,4.4509057699237545e-11,4.644795565293873e-12,2.548763826527001e-12,1.4389405950706063e-09,7.559666972615214e-11,4.598912634201078e-11,3.8039522313545366e-10,1.79228618327999e-12,8.511222255160996e-11,7.2247097725856424e-12,3.6199525537811504e-12,1.979397666313293e-11,4.774825060023186e-10,4.001588515013047e-10,1.558879093671127e-11,4.5053897761134226e-12,1.8999787772473593e-11,6.214929496969639e-11,3.152806995962053e-11,2.4291238204439053e-11
184,3.828694860651916e-11,4.644795565293873e-12,2.548763826527001e-12,1.352886754620755e-09,4.8128809897606166e-11,4.598912634201078e-11,3.753401734015108e-10,1.79228618327999e-12,8.511222255160996e-11,7.2247097725856424e-12,3.6199525537811504e-12,1.979397666313293e-11,4.774825060023186e-10,4.001588515013047e-10,1.558879093671127e-11,4.5053897761134226e-12,1.8999787772473593e-11,6.214929496969639e-11,3.003522159563116e-11,2.4291238204439053e-11
185,3.828694860651916e-11,4.644795565293873e-12,2.548763826527001e-12,1.249253808544953e-09,4.8128809897606166e-11,4.598912634201078e-11,3.7287976510860473e-10,1.79228618327999e-12,8.511222255160996e-11,7.2143038220029395e-12,3.6199525537811504e-12,1.979397666313293e-11,4.774825060023186e-10,4.001588515013047e-10,1.558879093671127e-11,4.5053897761134226e-12,1.8999787772473593e-11,6.214929496969639e-11,3.003522159563116e-11,2.4291238204439053e-11
186,3.828694860651916e-11,4.644795565293873e-12,2.548763826527001e-12,1.249253808544953e-09,5.840324979531062e-12,4.598912634201078e-11,3.58006026387326e-10,1.79228618327999e-12,8.140092197413698e-11,4.2243702877642994e-12,3.6199525537811504e-12,1.8900760032753635e-11,4.774825060023186e-10,4.001588515013047e-10,1.558879093671127e-11,4.5053897761134226e-12,1.8999787772473593e-11,6.16843812899142e-11,3.003522159563116e-11,2.4291238204439053e-11
187,3.828694860651916e-11,4.644795565293873e-12,2.548763826527001e-12,1.2436511410032624e-09,5.840324979531062e-12,4.598912634201078e-11,3.58006026387326e-10,1.79228618327999e-12,5.0854606660901154e-11,4.2243702877642994e-12,3.6199525537811504e-12,1.8900760032753635e-11,4.774825060023186e-10,3.8691036773552825e-10,1.558879093671127e-11,4.5053897761134226e-12,1.8999787772473593e-11,5.689929792537534e-11,3.003522159563116e-11,2.4291238204439053e-11
188,3.828694860651916e-11,4.530166967413309e-12,2.548763826527001e-12,1.2166499243295427e-09,5.840324979531062e-12,4.598912634201078e-11,2.997979290949922e-10,1.79228618327999e-12,2.604851485630621e-11,4.2243702877642994e-12,3.6199525537811504e-12,1.8900760032753635e-11,4.774825060023186e-10,3.8691036773552825e-10,1.558879093671127e-11,4.5053897761134226e-12,1.8999787772473593e-11,5.6797926286064846e-11,3.003522159563116e-11,2.4291238204439053e-11
189,3.828694860651916e-11,4.530166967413309e-12,2.548763826527001e-12,1.2150215642626874e-09,5.840324979531062e-12,4.598912634201078e-11,2.751921141635666e-10,1.79228618327999e-12,1.8607308995887434e-11,3.910145943230719e-12,3.6199525537811504e-12,1.8900760032753635e-11,4.774825060023186e-10,3.8691036773552825e-10,1.558879093671127e-11,3.424907604780689e-12,1.8999787772473593e-11,5.6797926286064846e-11,3.003522159563116e-11,2.4291238204439053e-11
190,3.828694860651916e-11,4.364825182029023e-12,2.548763826527001e-12,1.2150215642626874e-09,5.840324979531062e-12,4.598912634201078e-11,2.483231449248973e-10,1.79228618327999e-12,1.8607308995887434e-11,3.910145943230719e-12,3.3779574053877597e-12,1.8900760032753635e-11,4.774825060023186e-10,3.5176525986541357e-10,1.558879093671127e-11,3.424907604780689e-12,1.8999787772473593e-11,5.6797926286064846e-11,3.003522159563116e-11,2.4291238204439053e-11
191,3.828694860651916e-11,3.515528577655604e-12,2.548763826527001e-12,1.1858719957440335e-09,5.840324979531062e-12,4.598912634201078e-11,2.483231449248973e-10,1.79228618327999e-12,1.8607308995887434e-11,3.006927063663524e-12,3.3779574053877597e-12,1.8900760032753635e-11,4.774825060023186e-10,3.455211776048451e-10,1.558879093671127e-11,3.424907604780689e-12,1.1996809696383669e-11,5.6797926286064846e-11,3.003522159563116e-11,2.4291238204439053e-11
192,3.828694860651916e-11,3.515528577655604e-12,2.548763826527001e-12,1.1858719957440335e-09,5.840324979531062e-12,4.598912634201078e-11,2.483231449248973e-10,1.79228618327999e-12,1.8607308995887434e-11,3.006927063663524e-12,3.3779574053877597e-12,1.8900760032753635e-11,4.774825060023186e-10,3.455211776048451e-10,1.558879093671127e-11,3.424907604780689e-12,1.1433951188859326e-11,5.6797926286064846e-11,3.003522159563116e-11,2.4291238204439053e-11
193,3.828694860651916e-11,3.2068150858473604e-12,2.5304807911715373e-12,1.1850163452496399e-09,5.840324979531062e-12,4.598912634201078e-11,2.483231449248973e-10,1.79228618327999e-12,1.8607308995887434e-11,3.006927063663524e-12,3.3779574053877597e-12,1.8900760032753635e-11,4.774825060023186e-10,3.455211776048451e-10,1.558879093671127e-11,3.424907604780689e-12,8.876602219316524e-12,5.6797926286064846e-11,3.003522159563116e-11,2.4291238204439053e-11
194,3.828694860651916e-11,2.9987660169263794e-12,2.5304807911715373e-12,1.1850163452496399e-09,5.840324979531062e-12,4.598912634201078e-11,2.2451871484796085e-10,1.79228618327999e-12,1.1336137414848599e-11,2.881812626851578e-12,3.3779574053877597e-12,1.8900760032753635e-11,4.774825060023186e-10,3.455211776048451e-10,1.558879093671127e-11,3.424907604780689e-12,8.876602219316524e-12,5.6797926286064846e-11,2.901703639663854e-11,2.4291238204439053e-11
195,3.828694860651916e-11,1.5976119329914373e-12,2.5304807911715373e-12,1.1850163452496399e-09,5.840324979531062e-12,4.02561287883378e-11,1.9007431175850473e-10,1.79228618327999e-12,1.1336137414848599e-11,2.7882400287497937e-12,3.3779574053877597e-12,1.8900760032753635e-11,4.774825060023186e-10,3.455211776048451e-10,1.558879093671127e-11,3.424907604780689e-12,8.876602219316524e-12,5.6797926286064846e-11,2.8568026844377118e-11,2.4291238204439053e-11
196,3.828694860651916e-11,1.5976119329914373e-12,2.5304807911715373e-12,1.1850163452496399e-09,5.840324979531062e-12,4.02561287883378e-11,1.9007431175850473e-10,1.79228618327999e-12,1.1336137414848599e-11,2.7882400287497937e-12,3.3779574053877597e-12,1.8900760032753635e-11,4.774172235592541e-10,3.455211776048451e-10,1.5006456191936186e-11,3.1801504624047133e-12,8.876602219316524e-12,5.6797926286064846e-11,2.405690061910214e-11,2.4291238204439053e-11
197,3.7817319280994703e-11,6.499279429405746e-13,2.522910253524856e-12,1.1850163452496399e-09,5.840324979531062e-12,3.931265020712908e-11,1.8810425156571775e-10,1.79228618327999e-12,1.1336137414848599e-11,2.472065793160213e-12,3.3779574053877597e-12,1.8900760032753635e-11,4.774172235592541e-10,3.455211776048451e-10,1.5006456191936186e-11,3.1801504624047133e-12,6.313401516207689e-12,5.6797926286064846e-11,2.260487325898023e-11,2.414808872842708e-11
198,3.7817319280994703e-11,6.499279429405746e-13,2.1054887312686455e-12,1.1850163452496399e-09,5.840324979531062e-12,3.931265020712908e-11,1.8810425156571775e-10,1.79228618327999e-12,1.1336137414848599e-11,2.472065793160213e-12,3.3779574053877597e-12,1.8900760032753635e-11,4.774172235592541e-10,3.455211776048451e-10,1.5006456191936186e-11,3.1801504624047133e-12,6.313401516207689e-12,5.6797926286064846e-11,2.260487325898023e-11,2.3540369416357616e-11
199,3.7817319280994703e-11,6.499279429405746e-13,2.1054887312686455e-12,1.1850163452496399e-09,5.840324979531062e-12,3.9253185332104405e-11,1.8810425156571775e-10,1.79228618327999e-12,1.1336137414848599e-11,2.472065793160213e-12,3.3779574053877597e-12,1.8900760032753635e-11,4.774172235592541e-10,3.455211776048451e-10,1.5006456191936186e-11,3.1801504624047133e-12,6.313401516207689e-12,5.6797926286064846e-11,2.217479653031877e-11,2.3540369416357616e-11
200,3.7817319280994703e-11,6.499279429405746e-13,2.1054887312686455e-12,1.1850163452496399e-09,5.840324979531062e-12,3.9253185332104405e-11,1.8671843680653264e-10,1.79228618327999e-12,1.1336137414848599e-11,2.2787565308505704e-12,3.3779574053877597e-12,1.8900760032753635e-11,4.774172235592541e-10,3.455211776048451e-10,1.5006456191936186e-11,3.1801504624047133e-12,6.313401516207689e-12,5.6797926286064846e-11,2.217479653031877e-11,2.3540369416357616e-11
201,3.7817319280994703e-11,6.499279429405746e-13,2.1054887312686455e-12,1.1850163452496399e-09,5.840324979531062e-12,3.9253185332104405e-11,1.8671843680653264e-10,1.79228618327999e-12,1.1139952220798118e-11,2.2787565308505704e-12,3.3779574053877597e-12,1.8900760032753635e-11,3.92170812544911e-10,3.455211776048451e-10,1.5006456191936186e-11,3.1801504624047133e-12,6.313401516207689e-12,5.6797926286064846e-11,2.1535660097578548e-11,2.3540369416357616e-11
202,3.7817319280994703e-11,6.499279429405746e-13,2.1054887312686455e-12,1.1850163452496399e-09,5.840324979531062e-12,3.9253185332104405e-11,1.8671843680653264e-10,1.79228618327999e-12,1.1139952220798118e-11,2.2787565308505704e-12,3.1313885483761136e-12,1.8900760032753635e-11,3.4845877561132517e-10,3.455211776048451e-10,1.3069696447714848e-11,3.1801504624047133e-12,6.313401516207689e-12,4.064793655042303e-11,2.1535660097578548e-11,2.1582324625845454e-11
203,3.7817319280994703e-11,6.487965910044712e-13,2.1054887312686455e-12,1.1850163452496399e-09,5.840324979531062e-12,3.9253185332104405e-11,1.8671843680653264e-10,1.79228618327999e-12,1.1139952220798118e-11,2.2787565308505704e-12,3.1313885483761136e-12,1.8900760032753635e-11,3.4845877561132517e-10,3.455211776048451e-10,1.1273046894319778e-11,3.1801504624047133e-12,6.313401516207689e-12,2.9931648547754926e-11,2.018030913278158e-11,2.0067910695919163e-11
204,3.7817319280994703e-11,6.487965910044712e-13,1.792920263892231e-12,1.1850163452496399e-09,5.840324979531062e-12,3.9253185332104405e-11,1.8671843680653264e-10,1.79228618327999e-12,1.1139952220798118e-11,2.2513632404994454e-12,3.1313885483761136e-12,1.8900760032753635e-11,3.4845877561132517e-10,3.455211776048451e-10,1.1273046894319778e-11,3.1801504624047133e-12,6.313401516207689e-12,2.1726652668679784e-11,2.018030913278158e-11,2.0067910695919163e-11
205,3.426267471720563e-11,6.331800431105111e-13,1.792920263892231e-12,1.1850163452496399e-09,5.840324979531062e-12,3.60544385948916e-11,1.8671843680653264e-10,1.79228618327999e-12,1.1139952220798118e-11,2.2513632404994454e-12,3.1313885483761136e-12,1.8900760032753635e-11,3.4845877561132517e-10,3.455211776048451e-10,1.1273046894319778e-11,3.1801504624047133e-12,6.313401516207689e-12,2.1726652668679784e-11,1.9437076575683797e-11,1.3239076656191579e-11
206,3.426267471720563e-11,6.057426946900151e-13,1.792920263892231e-12,1.1824850820764203e-09,5.840324979531062e-12,3.60544385948916e-11,1.8671843680653264e-10,1.79228618327999e-12,7.10422238954036e-12,2.2513632404994454e-12,3.1313885483761136e-12,1.8900760032753635e-11,3.4845877561132517e-10,1.817736241743618e-10,1.0315380492806002e-11,3.1801504624047133e-12,6.313401516207689e-12,2.1726652668679784e-11,1.9437076575683797e-11,1.3239076656191579e-11
207,3.426267471720563e-11,6.057426946900151e-13,1.792920263892231e-12,1.1824850820764203e-09,5.840324979531062e-12,3.55374358740731e-11,1.4493941786397346e-10,1.79228618327999e-12,7.10422238954036e-12,2.2513632404994454e-12,3.1313885483761136e-12,1.8900760032753635e-11,3.4845877561132517e-10,1.0611236068638346e-10,1.0098735250046273e-11,3.1801504624047133e-12,6.313401516207689e-12,1.0107706701668566e-11,1.8376659035965085e-11,1.3239076656191579e-11
208,3.426267471720563e-11,6.057426946900151e-13,1.792920263892231e-12,1.1824850820764203e-09,5.832420680433931e-12,2.956262995881815e-11,8.471311761567964e-11,1.79228618327999e-12,7.10422238954036e-12,2.2513632404994454e-12,2.605051461862046e-12,1.8900760032753635e-11,3.4845877561132517e-10,1.0611236068638346e-10,9.212647482858202e-12,3.1801504624047133e-12,6.313401516207689e-12,1.0107706701668566e-11,1.8376659035965085e-11,1.3239076656191579e-11
209,3.426267471720563e-11,6.057426946900151e-13,1.792920263892231e-12,8.086158737142853e-11,5.832420680433931e-12,2.956262995881815e-11,8.471311761567964e-11,1.79228618327999e-12,7.10422238954036e-12,2.2513632404994454e-12,2.605051461862046e-12,1.8900760032753635e-11,3.469987833643938e-10,1.0611236068638346e-10,9.212647482858202e-12,3.1801504624047133e-12,6.313401516207689e-12,1.0107706701668566e-11,1.8376659035965085e-11,1.3239076656191579e-11
210,3.426267471720563e-11,5.934350579460734e-13,1.792920263892231e-12,8.086158737142853e-11,5.832420680433931e-12,2.956262995881815e-11,8.471311761567964e-11,1.79228618327999e-12,7.10422238954036e-12,2.2513632404994454e-12,2.605051461862046e-12,1.8900760032753635e-11,2.342514144416055e-10,1.0611236068638346e-10,9.212647482858202e-12,2.541428009292455e-12,6.313401516207689e-12,1.0107706701668566e-11,1.8376659035965085e-11,1.3239076656191579e-11
211,3.426267471720563e-11,5.63336888150888e-13,1.792920263892231e-12,8.086158737142853e-11,5.832420680433931e-12,2.956262995881815e-11,8.471311761567964e-11,1.79228618327999e-12,7.10422238954036e-12,2.2513632404994454e-12,2.5727712361187058e-12,1.8900760032753635e-11,1.7118055483192842e-10,8.929712608522757e-11,9.175994443329233e-12,2.541428009292455e-12,6.313401516207689e-12,1.0107706701668566e-11,1.8376659035965085e-11,1.3239076656191579e-11
212,3.426267471720563e-11,5.63336888150888e-13,1.792920263892231e-12,5.595607424386626e-11,5.832420680433931e-12,2.956262995881815e-11,8.471311761567964e-11,1.79228618327999e-12,7.10422238954036e-12,2.2513632404994454e-12,2.5724250902890916e-12,1.8900760032753635e-11,1.7118055483192842e-10,8.929712608522757e-11,9.175994443329233e-12,2.541428009292455e-12,6.313401516207689e-12,1.0107706701668566e-11,1.8376659035965085e-11,1.2843891094080712e-11
213,3.426267471720563e-11,5.63336888150888e-13,1.792920263892231e-12,5.595607424386626e-11,5.832420680433931e-12,1.5120165569345905e-11,8.471311761567964e-11,1.79228618327999e-12,7.10422238954036e-12,2.2513632404994454e-12,2.5724250902890916e-12,1.8900760032753635e-11,1.7118055483192842e-10,7.522322898200556e-11,9.175994443329233e-12,2.541428009292455e-12,6.071487239169943e-12,1.0107706701668566e-11,1.8376659035965085e-11,1.2843891094080712e-11
214,3.426267471720563e-11,5.63336888150888e-13,1.792920263892231e-12,5.0581437981468024e-11,5.832420680433931e-12,1.5120165569345905e-11,7.102571858655697e-11,1.79228618327999e-12,7.10422238954036e-12,2.2513632404994454e-12,2.5724250902890916e-12,1.8900760032753635e-11,1.6955296723333135e-10,5.3183737675406815e-11,9.175994443329233e-12,2.541428009292455e-12,6.071487239169943e-12,1.0107706701668566e-11,1.8376659035965085e-11,1.2843891094080712e-11
215,3.3063926547937516e-11,5.63336888150888e-13,1.792920263892231e-12,5.0581437981468024e-11,5.832420680433931e-12,1.5120165569345905e-11,7.102571858655697e-11,1.79228618327999e-12,7.10422238954036e-12,2.2513632404994454e-12,2.5724250902890916e-12,1.8900760032753635e-11,1.209230511040601e-10,5.283608920387001e-11,9.175994443329233e-12,2.541428009292455e-12,6.071487239169943e-12,1.0107706701668566e-11,1.8376659035965085e-11,1.2843891094080712e-11
216,3.207241957526835e-11,5.63336888150888e-13,1.792920263892231e-12,4.574291962139884e-11,5.832420680433931e-12,1.5120165569345905e-11,7.102571858655697e-11,1.79228618327999e-12,6.366363617894642e-12,2.2513632404994454e-12,2.5724250902890916e-12,1.8900760032753635e-11,1.0081355844357812e-10,5.283608920387001e-11,9.175994443329233e-12,2.541428009292455e-12,6.071487239169943e-12,1.0107706701668566e-11,1.8376659035965085e-11,1.2843891094080712e-11
217,3.058090307215758e-11,5.63336888150888e-13,1.792920263892231e-12,4.574291962139884e-11,5.832420680433931e-12,1.4985198776101022e-11,7.102571858655697e-11,1.79228618327999e-12,6.366363617894642e-12,2.2513632404994454e-12,2.5724250902890916e-12,1.8900760032753635e-11,1.0081355844357812e-10,5.283608920387001e-11,9.00196104406556e-12,2.541428009292455e-12,6.071487239169943e-12,9.731127023205382e-12,1.8376659035965085e-11,1.1007067557935649e-11
218,2.9260896389751424e-11,5.63336888150888e-13,1.792920263892231e-12,4.574291962139884e-11,5.832420680433931e-12,1.4985198776101022e-11,7.102571858655697e-11,1.79228618327999e-12,6.366363617894642e-12,2.2513632404994454e-12,2.5724250902890916e-12,1.8900760032753635e-11,1.0081355844357812e-10,5.283608920387001e-11,8.876305644862563e-12,2.541428009292455e-12,6.071487239169943e-12,8.641225834462112e-12,1.8376659035965085e-11,1.1007067557935649e-11
219,2.9260896389751424e-11,5.63336888150888e-13,1.792920263892231e-12,4.574291962139884e-11,5.832420680433931e-12,1.4985198776101022e-11,7.102571858655697e-11,1.79228618327999e-12,6.366363617894642e-12,2.2513632404994454e-12,2.5724250902890916e-12,1.8900760032753635e-11,1.0081355844357812e-10,5.283608920387001e-11,8.876305644862563e-12,2.541428009292455e-12,6.071487239169943e-12,8.641225834462112e-12,1.8376659035965085e-11,1.1007067557935649e-11
220,2.9260896389751424e-11,5.63336888150888e-13,1.792920263892231e-12,4.574291962139884e-11,5.832420680433931e-12,1.4985198776101022e-11,7.102571858655697e-11,1.79228618327999e-12,6.366363617894642e-12,2.2513632404994454e-12,2.5724250902890916e-12,1.8900760032753635e-11,1.0081355844357812e-10,5.26602062861337e-11,8.876305644862563e-12,2.541428009292455e-12,6.071487239169943e-12,8.641225834462112e-12,1.8376659035965085e-11,1.1007067557935649e-11
221,2.9260896389751424e-11,5.63336888150888e-13,1.792920263892231e-12,4.574291962139884e-11,5.832420680433931e-12,1.4985198776101022e-11,7.102571858655697e-11,1.79228618327999e-12,6.366363617894642e-12,2.2513632404994454e-12,2.5724250902890916e-12,1.8900760032753635e-11,1.0081355844357812e-10,5.26602062861337e-11,8.876305644862563e-12,2.541428009292455e-12,6.071487239169943e-12,8.641225834462112e-12,1.8376659035965085e-11,1.1007067557935649e-11
222,2.9260896389751424e-11,5.63336888150888e-13,1.792920263892231e-12,4.574291962139884e-11,5.832420680433931e-12,1.2318026577495239e-11,7.102571858655697e-11,1.79228618327999e-12,6.366363617894642e-12,2.2513632404994454e-12,2.5724250902890916e-12,1.8900760032753635e-11,1.0081355844357812e-10,5.261153455230491e-11,8.876305644862563e-12,2.541428009292455e-12,6.071487239169943e-12,8.641225834462112e-12,1.8376659035965085e-11,1.1007067557935649e-11
223,2.9260896389751424e-11,5.63336888150888e-13,1.792920263892231e-12,4.574291962139884e-11,5.832420680433931e-12,1.2318026577495239e-11,5.296463165134518e-11,1.79228618327999e-12,6.366363617894642e-12,2.2513632404994454e-12,2.5724250902890916e-12,1.8900760032753635e-11,1.0081355844357812e-10,5.261153455230491e-11,8.876305644862563e-12,2.541428009292455e-12,6.071487239169943e-12,8.641225834462112e-12,1.8376659035965085e-11,1.1007067557935649e-11
224,2.9260896389751424e-11,5.63336888150888e-13,1.792920263892231e-12,4.5442389206527324e-11,5.832420680433931e-12,1.2318026577495239e-11,5.296463165134518e-11,1.79228618327999e-12,6.366363617894642e-12,2.2513632404994454e-12,2.5724250902890916e-12,1.8900760032753635e-11,1.0081355844357812e-10,5.1983024694937243e-11,8.876305644862563e-12,2.541428009292455e-12,6.071487239169943e-12,8.641225834462112e-12,1.8376659035965085e-11,1.1007067557935649e-11
225,1.40999110567468e-11,5.63336888150888e-13,1.792920263892231e-12,3.459659453282326e-11,5.832420680433931e-12,1.2318026577495239e-11,5.296463165134518e-11,1.79228618327999e-12,6.366363617894642e-12,2.2513632404994454e-12,2.5724250902890916e-12,1.8900760032753635e-11,1.0081355844357812e-10,5.193088125270641e-11,8.876305644862563e-12,2.541428009292455e-12,6.071487239169943e-12,8.641225834462112e-12,1.8376659035965085e-11,1.1007067557935649e-11
226,1.40999110567468e-11,5.63336888150888e-13,1.792920263892231e-12,3.459659453282326e-11,5.832420680433931e-12,1.2318026577495239e-11,4.6663363815858746e-11,1.79228618327999e-12,6.366363617894642e-12,2.2513632404994454e-12,2.5724250902890916e-12,1.8900760032753635e-11,1.0081355844357812e-10,4.792564403997277e-11,8.876305644862563e-12,2.541428009292455e-12,6.071487239169943e-12,8.641225834462112e-12,1.8376659035965085e-11,1.1007067557935649e-11
227,1.3896874506369338e-11,5.63336888150888e-13,1.792920263892231e-12,3.459659453282326e-11,5.832420680433931e-12,1.2148042940393574e-11,4.6663363815858746e-11,1.479356027164653e-12,6.366363617894642e-12,2.2513632404994454e-12,2.5724250902890916e-12,1.8900760032753635e-11,1.0081355844357812e-10,4.792564403997277e-11,7.142697234830257e-12,2.541428009292455e-12,6.071487239169943e-12,3.7126074940573984e-12,1.8376659035965085e-11,1.1007067557935649e-11
228,1.3896874506369338e-11,5.63336888150888e-13,1.792920263892231e-12,2.7949962420055487e-11,5.832420680433931e-12,1.2148042940393574e-11,4.6663363815858746e-11,1.0234116219517992e-12,6.366363617894642e-12,1.9871232999533725e-12,2.5724250902890916e-12,1.8900760032753635e-11,1.0081355844357812e-10,4.792564403997277e-11,7.142697234830257e-12,2.541428009292455e-12,6.071487239169943e-12,3.7126074940573984e-12,1.768183660178458e-11,1.1007067557935649e-11
229,1.3896874506369338e-11,5.63336888150888e-13,1.7224246986990104e-12,2.7949962420055487e-11,5.832420680433931e-12,1.2148042940393574e-11,4.6663363815858746e-11,1.0234116219517992e-12,6.366363617894642e-12,1.9871232999533725e-12,2.5724250902890916e-12,1.8900760032753635e-11,7.011913174905501e-11,4.741944200178293e-11,7.142697234830257e-12,2.541428009292455e-12,6.071487239169943e-12,3.3929395601876602e-12,1.768183660178458e-11,3.898830675947452e-12
230,1.3896874506369338e-11,5.63336888150888e-13,1.7224246986990104e-12,2.7949962420055487e-11,5.832420680433931e-12,1.2148042940393574e-11,4.6663363815858746e-11,1.0234116219517992e-12,6.366363617894642e-12,1.9871232999533725e-12,2.5724250902890916e-12,1.830095223334653e-11,7.011913174905501e-11,4.741944200178293e-11,7.142697234830257e-12,2.541428009292455e-12,6.071487239169943e-12,3.3929395601876602e-12,1.768183660178458e-11,3.898830675947452e-12
231,1.3458977719276965e-11,5.63336888150888e-13,1.7224246986990104e-12,2.63042485724713e-11,5.832420680433931e-12,1.2148042940393574e-11,4.6663363815858746e-11,1.0234116219517992e-12,6.366363617894642e-12,1.9871232999533725e-12,2.5724250902890916e-12,1.830095223334653e-11,7.011913174905501e-11,4.741944200178293e-11,7.142697234830257e-12,2.541428009292455e-12,6.071487239169943e-12,3.3929395601876602e-12,1.768183660178458e-11,3.898830675947452e-12
232,1.3458977719276965e-11,5.63336888150888e-13,1.7224246986990104e-12,2.63042485724713e-11,5.832420680433931e-12,1.2148042940393574e-11,4.6663363815858746e-11,1.0204112065349653e-12,6.366363617894642e-12,1.472918688341657e-12,2.5724250902890916e-12,1.830095223334653e-11,6.170385166057303e-11,4.741944200178293e-11,7.142697234830257e-12,2.541428009292455e-12,6.071487239169943e-12,3.3929395601876602e-12,1.768183660178458e-11,3.767914595328959e-12
233,1.3458977719276965e-11,5.63336888150888e-13,1.7224246986990104e-12,2.63042485724713e-11,5.832420680433931e-12,1.2148042940393574e-11,4.6663363815858746e-11,8.434224842785311e-13,6.366363617894642e-12,1.4613366360491676e-12,2.5724250902890916e-12,1.830095223334653e-11,6.170385166057303e-11,4.741944200178293e-11,7.142697234830257e-12,1.3004738049181007e-12,6.071487239169943e-12,3.3929395601876602e-12,1.7681836601784575e-11,3.572609054695956e-12
234,1.3458977719276965e-11,5.63336888150888e-13,1.7224246986990104e-12,1.8101702310427912e-11,5.832420680433931e-12,1.2148042940393574e-11,4.6663363815858746e-11,8.434224842785311e-13,6.366363617894642e-12,1.4613366360491676e-12,2.5724250902890916e-12,1.830095223334653e-11,6.170385166057303e-11,4.715026248840596e-11,7.142697234830257e-12,1.3004738049181007e-12,6.071487239169943e-12,3.3929395601876602e-12,1.7681836601784575e-11,2.6453882864226685e-12
235,1.3458977719276965e-11,5.03324782598805e-13,1.7224246986990104e-12,1.8101702310427912e-11,5.369184808440083e-12,1.2148042940393574e-11,4.6663363815858746e-11,8.434224842785311e-13,6.366363617894642e-12,1.4613366360491676e-12,2.5724250902890916e-12,1.8299097863580107e-11,6.170385166057303e-11,4.534356272336004e-11,7.142697234830257e-12,1.3004738049181007e-12,6.071487239169943e-12,3.3929395601876602e-12,1.7681836601784575e-11,2.6453882864226685e-12
236,1.3458977719276965e-11,4.4637251185847214e-13,1.7224246986990104e-12,1.4166735762410655e-11,5.369184808440083e-12,1.2148042940393574e-11,4.6663363815858746e-11,8.434224842785311e-13,6.366363617894642e-12,1.453838635538481e-12,2.5724250902890916e-12,1.8299097863580107e-11,6.170385166057303e-11,4.534356272336004e-11,7.142697234830257e-12,1.3004738049181007e-12,6.071487239169943e-12,3.3929395601876602e-12,1.7681836601784575e-11,2.6453882864226685e-12
237,1.3458977719276965e-11,4.4637251185847214e-13,1.7224246986990104e-12,1.3561692522705068e-11,5.369184808440083e-12,1.2148042940393574e-11,4.6663363815858746e-11,8.434224842785311e-13,6.366363617894642e-12,1.453838635538481e-12,2.5724250902890916e-12,1.8299097863580107e-11,6.170385166057303e-11,4.534356272336004e-11,7.142697234830257e-12,1.3004738049181007e-12,6.071487239169943e-12,3.3929395601876602e-12,1.7681836601784575e-11,2.6453882864226685e-12
238,1.3458977719276965e-11,4.4637251185847214e-13,1.7224246986990104e-12,1.3561692522705068e-11,5.369184808440083e-12,1.2148042940393574e-11,4.6663363815858746e-11,8.434224842785311e-13,6.366363617894642e-12,1.453838635538481e-12,2.5724250902890916e-12,1.7981210512013073e-11,5.581565942820989e-11,4.534356272336004e-11,7.142697234830257e-12,1.3004738049181007e-12,6.071487239169943e-12,3.3929395601876602e-12,1.7681836601784575e-11,2.6453882864226685e-12
239,7.755055620697881e-12,4.4637251185847214e-13,1.7224246986990104e-12,1.3561692522705068e-11,5.369184808440083e-12,1.2148042940393574e-11,3.237014835944503e-11,8.434224842785311e-13,6.366363617894642e-12,1.4504838850718902e-12,2.5724250902890916e-12,1.7981210512013073e-11,5.581565942820989e-11,4.3743762795206485e-11,5.741477240800895e-12,1.3004738049181007e-12,6.071487239169943e-12,2.757351846813176e-12,1.7681836601784575e-11,2.6453882864226685e-12
240,4.32479062475363e-12,4.4637251185847214e-13,1.7224246986990104e-12,1.3561692522705068e-11,5.369184808440083e-12,1.2148042940393574e-11,3.237014835944503e-11,6.057861490321488e-13,6.366363617894642e-12,1.4504838850718902e-12,2.5724250902890916e-12,1.7802518322732764e-11,5.581565942820989e-11,4.3743762795206485e-11,5.4549811590067295e-12,1.3004738049181007e-12,6.071487239169943e-12,2.757351846813176e-12,1.450762049993918e-11,2.6453882864226685e-12
241,4.32479062475363e-12,4.4637251185847214e-13,1.7224246986990104e-12,1.3561692522705068e-11,5.369184808440083e-12,1.2148042940393574e-11,3.237014835944503e-11,6.057861490321488e-13,6.366363617894642e-12,1.4504838850718902e-12,2.4545917741121478e-12,1.7802518322732764e-11,5.581565942820989e-11,4.0041621106032506e-11,3.343201455672959e-12,1.3004738049181007e-12,6.071487239169943e-12,2.486762064692855e-12,1.450762049993918e-11,2.6453882864226685e-12
242,4.32479062475363e-12,4.4637251185847214e-13,1.0048089101946167e-12,1.3561692522705068e-11,5.369184808440083e-12,1.2148042940393574e-11,3.237014835944503e-11,6.057861490321488e-13,6.366363617894642e-12,1.4504838850718902e-12,2.4545917741121478e-12,1.7802518322732764e-11,5.581565942820989e-11,3.8451912999028954e-11,2.637339407528886e-12,1.3004738049181007e-12,6.071487239169943e-12,2.486762064692855e-12,1.450762049993918e-11,2.5904831017779705e-12
243,4.32479062475363e-12,4.4637251185847214e-13,1.0048089101946167e-12,1.3561692522705068e-11,5.369184808440083e-12,1.2148042940393574e-11,3.237014835944503e-11,6.057861490321488e-13,6.366363617894642e-12,1.4504838850718902e-12,2.4545917741121478e-12,1.7802518322732764e-11,5.581565942820989e-11,3.8451912999028954e-11,2.637339407528886e-12,1.3004738049181007e-12,6.071487239169943e-12,2.486762064692855e-12,1.450762049993918e-11,2.5904831017779705e-12
244,4.32479062475363e-12,4.4637251185847214e-13,1.0048089101946167e-12,1.3561692522705068e-11,5.369184808440083e-12,1.2148042940393574e-11,3.1028542093863835e-11,6.057861490321488e-13,6.366363617894642e-12,1.4504838850718902e-12,2.4545917741121478e-12,1.443621499353531e-11,5.475227710744147e-11,3.8451912999028954e-11,2.637339407528886e-12,1.3004738049181007e-12,6.071487239169943e-12,2.486762064692855e-12,1.450762049993918e-11,2.5904831017779705e-12
245,4.32479062475363e-12,4.4637251185847214e-13,4.584857247430518e-13,1.3561692522705068e-11,4.419300171022553e-12,1.2148042940393574e-11,3.1028542093863835e-11,6.057861490321488e-13,6.366363617894642e-12,1.3128096530314644e-12,1.7454669379427624e-12,1.443621499353531e-11,5.42749595353246e-11,3.631236897914866e-11,2.637339407528886e-12,1.3004738049181007e-12,6.071487239169943e-12,2.486762064692855e-12,1.450762049993918e-11,2.2283433469092086e-12
246,3.2103594401411584e-12,4.4637251185847214e-13,4.584857247430518e-13,1.3561692522705068e-11,3.5384684956291517e-12,1.2148042940393574e-11,3.1028542093863835e-11,6.057861490321488e-13,3.925415520114618e-12,1.3128096530314644e-12,1.7454669379427624e-12,1.443621499353531e-11,5.42749595353246e-11,3.5429117902001485e-11,2.637339407528886e-12,1.3004738049181007e-12,6.071487239169943e-12,2.486762064692855e-12,1.450762049993918e-11,2.2283433469092086e-12
247,2.6839084351459186e-12,4.4637251185847214e-13,4.584857247430518e-13,1.3561692522705068e-11,3.5384684956291517e-12,1.2148042940393574e-11,2.690605893232756e-11,6.057861490321488e-13,3.925415520114618e-12,1.3128096530314644e-12,1.7454669379427624e-12,1.443621499353531e-11,5.42749595353246e-11,3.378884239181606e-11,2.637339407528886e-12,1.3004738049181007e-12,6.071487239169943e-12,2.486762064692855e-12,1.450762049993918e-11,2.2283433469092086e-12
248,1.9365464388026538e-12,4.4637251185847214e-13,4.584857247430518e-13,1.3561692522705068e-11,3.5384684956291517e-12,1.2148042940393574e-11,2.690605893232756e-11,6.057861490321488e-13,3.925415520114618e-12,1.3128096530314644e-12,1.7454669379427624e-12,1.443621499353531e-11,5.42749595353246e-11,3.378884239181606e-11,2.637339407528886e-12,1.3004738049181007e-12,4.091067431428535e-12,2.486762064692855e-12,1.4337925925877575e-11,2.2283433469092086e-12
249,1.9365464388026538e-12,4.4637251185847214e-13,4.584857247430518e-13,1.3561692522705068e-11,3.5384684956291517e-12,1.2148042940393574e-11,2.690605893232756e-11,6.057861490321488e-13,3.856037574953494e-12,1.3128096530314644e-12,1.7454669379427624e-12,1.443621499353531e-11,5.42749595353246e-11,3.378884239181606e-11,2.637339407528886e-12,1.3004738049181007e-12,4.091067431428535e-12,2.486762064692855e-12,1.4337925925877575e-11,2.22341838441489e-12
250,1.9160197505013922e-12,4.4637251185847214e-13,4.584857247430518e-13,1.3561692522705068e-11,3.5384684956291517e-12,1.2148042940393574e-11,2.6877450785853858e-11,4.561109077975503e-13,3.856037574953494e-12,1.3128096530314644e-12,1.7454669379427624e-12,1.443621499353531e-11,5.42749595353246e-11,3.378884239181606e-11,2.637339407528886e-12,1.3004738049181007e-12,4.091067431428535e-12,2.486762064692855e-12,1.4337925925877575e-11,2.22341838441489e-12
251,1.9160197505013922e-12,4.4637251185847214e-13,4.584857247430518e-13,1.3561692522705068e-11,3.5384684956291517e-12,1.2148042940393571e-11,2.6877450785853858e-11,4.561109077975503e-13,3.856037574953494e-12,1.3128096530314644e-12,1.7454669379427624e-12,1.443621499353531e-11,5.42749595353246e-11,3.378884239181606e-11,2.2865264053838144e-12,1.3004738049181007e-12,4.091067431428535e-12,2.4052930057260046e-12,1.4337925925877575e-11,2.22341838441489e-12
252,1.9160197505013922e-12,4.463725118584721e-13,4.584857247430518e-13,1.3561692522705068e-11,3.5384684956291517e-12,1.2148042940393571e-11,2.6877450785853858e-11,4.561109077975503e-13,3.856037574953494e-12,1.3128096530314644e-12,1.7454669379427624e-12,1.443621499353531e-11,5.42749595353246e-11,3.378884239181606e-11,2.223948860906203e-12,1.3004738049181007e-12,4.091067431428535e-12,2.4052930057260046e-12,1.4337925925877575e-11,2.22341838441489e-12
253,1.9160197505013922e-12,4.463725118584721e-13,4.584857247430518e-13,1.3561692522705068e-11,3.5384684956291517e-12,1.2148042940393571e-11,1.62106418154782e-11,4.561109077975503e-13,3.84258117229615e-12,1.3128096530314644e-12,1.7454669379427624e-12,1.1894670615615154e-11,5.42749595353246e-11,3.378884239181606e-11,1.6605854963282702e-12,1.3004738049181007e-12,4.091067431428535e-12,2.4052930057260046e-12,1.4337925925877575e-11,2.22341838441489e-12
254,1.9160197505013922e-12,4.463725118584721e-13,4.584857247430518e-13,1.3561692522705068e-11,3.5384684956291517e-12,1.2148042940393571e-11,1.62106418154782e-11,4.561109077975503e-13,3.832332758385422e-12,1.3128096530314644e-12,1.7454669379427624e-12,1.0382718104466264e-11,5.42749595353246e-11,3.360529241040655e-11,1.552127125213966e-12,1.1769489582935284e-12,4.091067431428535e-12,2.4052930057260046e-12,1.4337925925877575e-11,2.22341838441489e-12
255,1.9160197505013922e-12,4.463725118584721e-13,4.584857247430518e-13,1.3561692522705068e-11,2.8200703808145663e-12,1.2148042940393571e-11,1.62106418154782e-11,4.561109077975503e-13,3.787612786926518e-12,1.3128096530314644e-12,1.7454669379427624e-12,1.0382718104466264e-11,5.42749595353246e-11,3.0530480873850456e-11,1.4365583528900797e-12,1.1482117097672998e-12,4.091067431428535e-12,2.4052930057260046e-12,1.4337925925877575e-11,2.22341838441489e-12
256,1.9160197505013922e-12,4.463725118584721e-13,4.584857247430518e-13,1.3561692522705068e-11,2.8200703808145663e-12,1.2148042940393571e-11,1.62106418154782e-11,4.561109077975503e-13,3.787612786926518e-12,9.935144646688177e-13,1.7454669379427624e-12,1.0382718104466264e-11,5.42749595353246e-11,3.0530480873850456e-11,1.3617822280235612e-12,1.1482117097672998e-12,4.091067431428535e-12,1.5707903812394723e-12,1.4337925925877575e-11,2.22341838441489e-12
257,1.178805994403086e-12,4.463725118584721e-13,4.584857247430518e-13,1.3561692522705068e-11,2.8200703808145663e-12,1.2148042940393571e-11,1.62106418154782e-11,4.561109077975503e-13,3.787612786926518e-12,9.935144646688177e-13,1.7454669379427624e-12,1.0382718104466264e-11,5.42749595353246e-11,2.634021242838406e-11,1.3617822280235612e-12,1.1482117097672998e-12,4.002590915641352e-12,1.5707903812394723e-12,1.4337925925877575e-11,2.22341838441489e-12
258,1.1784326477592396e-12,4.463725118584721e-13,4.584857247430518e-13,1.3561692522705068e-11,2.8200703808145663e-12,1.2148042940393571e-11,1.62106418154782e-11,4.561109077975503e-13,3.783415537411035e-12,9.935144646688177e-13,1.7454669379427624e-12,1.0382718104466264e-11,5.413207167365948e-11,2.634021242838406e-11,1.1791580298841542e-12,1.1482117097672998e-12,4.002590915641352e-12,1.5707903812394723e-12,1.4337925925877575e-11,2.22341838441489e-12
259,1.1784326477592396e-12,4.463725118584721e-13,4.584857247430518e-13,1.3561692522705068e-11,2.8200703808145663e-12,1.2148042940393571e-11,1.62106418154782e-11,4.561109077975503e-13,3.6191644973735265e-12,9.935144646688177e-13,1.7454669379427624e-12,1.0382718104466264e-11,5.413207167365948e-11,2.634021242838406e-11,8.02522627212002e-13,1.1482117097672998e-12,4.002590915641352e-12,1.5707903812394723e-12,1.4337925925877575e-11,2.22341838441489e-12
260,1.1784326477592396e-12,4.463725118584721e-13,4.584857247430518e-13,1.3561692522705068e-11,2.8200703808145663e-12,1.2148042940393571e-11,1.62106418154782e-11,4.561109077975503e-13,3.6191644973735265e-12,9.935144646688177e-13,1.7454669379427624e-12,1.0382718104466264e-11,5.413207167365948e-11,2.634021242838406e-11,8.02522627212002e-13,1.1482117097672998e-12,4.002590915641352e-12,1.5707903812394723e-12,1.4337925925877575e-11,2.2147729486476065e-12
261,1.1784326477592396e-12,4.463725118584721e-13,2.399444878632931e-13,1.3561692522705068e-11,2.8200703808145663e-12,1.2148042940393571e-11,1.62106418154782e-11,4.561109077975503e-13,3.6191644973735265e-12,9.935144646688177e-13,1.7454669379427624e-12,1.0382718104466264e-11,5.413207167365948e-11,2.634021242838406e-11,7.339533008000918e-13,1.1482117097672998e-12,4.002590915641352e-12,1.5707903812394723e-12,1.4337925925877575e-11,2.2147729486476065e-12
262,1.1784326477592396e-12,4.463725118584721e-13,2.399444878632931e-13,1.3561692522705068e-11,2.8200377296515396e-12,1.157214006584037e-11,1.62106418154782e-11,4.561109077975503e-13,3.6191644973735265e-12,9.935144646688177e-13,1.7454669379427624e-12,1.0382718104466264e-11,5.413207167365948e-11,2.634021242838406e-11,6.785631064538485e-13,1.1482117097672998e-12,4.002590915641352e-12,1.5707903812394723e-12,1.4337925925877575e-11,2.2147729486476065e-12
263,1.1784326477592396e-12,4.463725118584721e-13,1.5661860897460452e-13,1.3561692522705068e-11,2.8200377296515396e-12,1.157214006584037e-11,1.62106418154782e-11,4.561109077975503e-13,3.6191644973735265e-12,9.935144646688177e-13,1.7454669379427624e-12,1.0382718104466264e-11,5.413207167365948e-11,2.634021242838406e-11,6.785631064538485e-13,1.1482117097672998e-12,4.002590915641352e-12,1.5707903812394723e-12,1.4337925925877575e-11,2.2147729486476065e-12
264,1.1784326477592396e-12,4.463725118584721e-13,1.5661860897460452e-13,1.3561692522705068e-11,2.8200377296515396e-12,1.157214006584037e-11,1.62106418154782e-11,4.561109077975503e-13,3.6191644973735265e-12,9.935144646688177e-13,1.7454669379427624e-12,1.0382718104466264e-11,5.413207167365948e-11,2.6094035815546114e-11,6.785631064538485e-13,1.1482117097672998e-12,4.002590915641352e-12,1.5707903812394723e-12,1.4337925925877575e-11,1.896332165012834e-12
265,1.1784326477592396e-12,4.463725118584721e-13,1.5661860897460452e-13,1.3561692522705068e-11,2.8200377296515396e-12,1.157214006584037e-11,1.609344546231185e-11,4.561109077975503e-13,3.6191644973735265e-12,9.935144646688177e-13,1.7454669379427624e-12,1.0382718104466264e-11,5.413207167365948e-11,2.5266677251161775e-11,6.785631064538485e-13,1.1482117097672998e-12,4.002590915641352e-12,1.5707903812394723e-12,1.4337925925877575e-11,1.896332165012834e-12
266,1.1784326477592396e-12,3.4973705768579036e-13,1.5661860897460452e-13,1.3561692522705068e-11,2.8200377296515396e-12,1.157214006584037e-11,1.2429247588340075e-11,4.561109077975503e-13,3.6191644973735265e-12,9.935144646688177e-13,1.7454669379427624e-12,1.0382718104466264e-11,5.413207167365948e-11,2.5266677251161775e-11,5.255531803640932e-13,1.1482117097672998e-12,4.002590915641352e-12,1.5707903812394723e-12,1.4337925925877575e-11,1.896332165012834e-12
267,1.153796017188833e-12,3.4973705768579036e-13,1.5661860897460452e-13,1.3561692522705068e-11,2.8200377296515396e-12,1.157214006584037e-11,1.2429247588340075e-11,4.561109077975503e-13,3.6182940200554595e-12,9.935144646688177e-13,1.7454669379427624e-12,1.0382718104466264e-11,5.413207167365948e-11,2.5266677251161775e-11,5.255531803640932e-13,1.1482117097672998e-12,4.002590915641352e-12,1.5707903812394723e-12,1.4337925925877575e-11,1.896332165012834e-12
268,1.153796017188833e-12,3.4973705768579036e-13,1.5661860897460452e-13,1.3561692522705068e-11,2.8200377296515396e-12,1.157214006584037e-11,1.2429247588340075e-11,4.561109077975503e-13,3.6182940200554595e-12,9.935144646688177e-13,1.7454669379427624e-12,1.0382718104466264e-11,5.413207167365948e-11,2.5266677251161775e-11,5.255531803640932e-13,1.1482117097672998e-12,4.002590915641352e-12,1.5707903812394723e-12,1.4337925925877575e-11,1.896332165012834e-12
269,1.153796017188833e-12,3.4973705768579036e-13,1.5661860897460452e-13,1.3561692522705068e-11,2.8200377296515396e-12,1.157214006584037e-11,1.2429247588340075e-11,4.561109077975503e-13,3.6182940200554595e-12,9.935144646688177e-13,1.7454669379427624e-12,1.0382718104466264e-11,5.413207167365948e-11,2.5266677251161775e-11,4.607313343512975e-13,1.1482117097672998e-12,4.002590915641352e-12,1.5690465736603167e-12,1.4337925925877575e-11,1.896332165012834e-12
270,1.153796017188833e-12,3.4973705768579036e-13,1.5661860897460452e-13,1.3561692522705068e-11,2.8200377296515396e-12,1.157214006584037e-11,1.2429247588340075e-11,4.561109077975503e-13,3.6182940200554595e-12,9.935144646688177e-13,1.7454669379427624e-12,1.0382718104466264e-11,5.413207167365948e-11,2.5266677251161775e-11,2.550656975932745e-13,1.1482117097672998e-12,4.002590915641352e-12,1.5690465736603167e-12,1.4337925925877575e-11,1.896332165012834e-12
271,1.153796017188833e-12,2.8447214665252146e-13,1.5661860897460452e-13,1.3561692522705068e-11,2.820037729651539e-12,1.157214006584037e-11,1.2429247588340075e-11,4.561109077975503e-13,3.512882737979859e-12,9.935144646688177e-13,1.7454669379427624e-12,1.0382718104466264e-11,5.413207167365948e-11,2.5266677251161775e-11,2.550656975932745e-13,1.041867102070965e-12,2.5938674921747816e-12,1.5690465736603167e-12,1.4168096738888736e-11,1.896332165012834e-12
272,1.153796017188833e-12,2.8447214665252146e-13,1.5661860897460452e-13,1.3561692522705068e-11,2.820037729651539e-12,1.157214006584037e-11,7.675957338424068e-12,4.561109077975503e-13,3.512882737979859e-12,9.935144646688177e-13,1.7454669379427624e-12,1.0382718104466264e-11,5.1637587439388375e-11,2.4977031410660267e-11,2.550656975932745e-13,1.041867102070965e-12,2.5938674921747816e-12,8.447042946237271e-13,1.4168096738888736e-11,1.896332165012834e-12
273,1.153796017188833e-12,2.8447214665252146e-13,1.5661860897460452e-13,1.3561692522705068e-11,2.689480806276084e-12,1.157214006584037e-11,7.675957338424068e-12,4.561109077975503e-13,3.319309732880857e-12,9.935144646688177e-13,1.7454669379427624e-12,1.0354859636781748e-11,5.1637587439388375e-11,2.4799140415760737e-11,2.550656975932745e-13,1.041867102070965e-12,2.5938674921747816e-12,8.447042946237271e-13,1.3829151309739616e-11,1.896332165012834e-12
274,1.153796017188833e-12,2.8447214665252146e-13,1.5661860897460452e-13,1.3561692522705068e-11,2.689480806276084e-12,1.157214006584037e-11,7.675957338424068e-12,4.561109077975503e-13,3.319309732880857e-12,9.935144646688177e-13,1.7454669379427624e-12,1.0354859636781748e-11,5.0440030667464826e-11,2.4799140415760737e-11,2.550656975932745e-13,1.041867102070965e-12,2.5938674921747816e-12,8.447042946237271e-13,1.3829151309739616e-11,1.896332165012834e-12
275,1.1449097606315017e-12,2.8447214665252146e-13,1.5661860897460452e-13,1.3561692522705068e-11,1.9064143468197808e-12,1.157214006584037e-11,7.675957338424068e-12,4.561109077975503e-13,3.319309732880857e-12,9.935144646688177e-13,1.7454669379427624e-12,1.0354859636781748e-11,5.0440030667464826e-11,2.4799140415760737e-11,2.153808385815608e-13,1.041867102070965e-12,2.5938674921747816e-12,8.447042946237271e-13,1.3829151309739616e-11,1.896332165012834e-12
276,1.1449097606315017e-12,2.8447214665252146e-13,1.5661860897460452e-13,1.3561692522705068e-11,1.9064143468197808e-12,1.157214006584037e-11,7.675957338424068e-12,4.561109077975503e-13,3.319309732880857e-12,9.935144646688177e-13,1.7454669379427624e-12,9.626835465497591e-12,5.0440030667464826e-11,2.4799140415760737e-11,2.153808385815608e-13,1.041867102070965e-12,2.5938674921747816e-12,8.194036424823424e-13,1.3829151309739616e-11,1.896332165012834e-12
277,1.1449097606315017e-12,2.8447214665252146e-13,1.3168843174402907e-13,1.3561692522705068e-11,1.3539388816105818e-12,1.157214006584037e-11,7.675957338424068e-12,4.561109077975503e-13,3.319309732880857e-12,9.935144646688177e-13,1.7454669379427624e-12,9.626835465497591e-12,5.0440030667464826e-11,2.4799140415760737e-11,2.153808385815608e-13,1.041867102070965e-12,1.8754613371364567e-12,8.194036424823424e-13,1.3829151309739616e-11,1.896332165012834e-12
278,1.1449097606315017e-12,2.8447214665252146e-13,1.3168843174402907e-13,1.3561692522705068e-11,1.3539388816105818e-12,1.157214006584037e-11,7.675957338424068e-12,4.561109077975503e-13,3.3061315840396602e-12,9.935144646688177e-13,1.7454669379427624e-12,9.626835465497591e-12,5.0440030667464826e-11,2.4799140415760737e-11,2.153808385815608e-13,1.041867102070965e-12,1.8754613371364567e-12,8.194036424823424e-13,1.3829151309739616e-11,1.869393077524952e-12
279,1.1449097606315017e-12,2.8447214665252146e-13,1.3168843174402907e-13,1.3160011701898851e-11,1.2960656753480602e-12,7.171168407586236e-12,7.675957338424068e-12,4.561109077975503e-13,3.3061315840396602e-12,9.935144646688177e-13,1.7454669379427624e-12,9.626835465497591e-12,2.8046761299068776e-11,2.4799140415760737e-11,2.153808385815608e-13,1.041867102070965e-12,1.8754613371364567e-12,7.733214610307984e-13,1.3829151309739616e-11,1.869393077524952e-12
280,1.1449097606315017e-12,2.8447214665252146e-13,1.151968859945102e-13,1.3160011701898851e-11,1.2960656753480602e-12,7.075896836661913e-12,7.675957338424068e-12,4.561109077975503e-13,3.3061315840396602e-12,9.935144646688177e-13,1.7454669379427624e-12,9.596673856779689e-12,2.8046761299068776e-11,2.4799140415760737e-11,2.153808385815608e-13,1.041867102070965e-12,1.8754613371364567e-12,7.733214610307984e-13,1.3829151309739616e-11,1.869393077524952e-12
281,1.1449097606315017e-12,2.8447214665252146e-13,1.151968859945102e-13,1.2096519664686672e-11,1.2960656753480602e-12,7.075896836661913e-12,7.675957338424068e-12,4.561109077975503e-13,3.3061315840396602e-12,9.935144646688177e-13,1.7454669379427624e-12,9.596673856779689e-12,2.8046761299068776e-11,2.4799140415760737e-11,2.153808385815608e-13,1.041867102070965e-12,1.8754613371364567e-12,7.698938304205314e-13,1.3829151309739616e-11,1.869393077524952e-12
282,1.1449097606315017e-12,2.452060366586393e-13,1.151968859945102e-13,1.2096519664686672e-11,1.2960656753480602e-12,7.075896836661913e-12,5.180818870990402e-12,4.561109077975503e-13,3.3061315840396602e-12,9.935144646688177e-13,1.6377353820240165e-12,9.593613414003411e-12,2.8046761299068776e-11,1.4754423968203745e-11,2.153808385815608e-13,1.041867102070965e-12,1.8754613371364567e-12,7.30778511939059e-13,1.3829151309739616e-11,1.869393077524952e-12
283,1.1449097606315017e-12,2.452060366586393e-13,1.151968859945102e-13,1.2096519664686672e-11,1.2960656753480602e-12,7.075896836661913e-12,5.180818870990402e-12,4.561109077975503e-13,3.3061315840396602e-12,9.935144646688177e-13,1.6377353820240165e-12,8.517503599494738e-12,2.3283928143577566e-11,1.4754423968203745e-11,2.153808385815608e-13,1.041867102070965e-12,1.8694346723610005e-12,6.923364852779023e-13,1.3829151309739616e-11,1.869393077524952e-12
284,1.1449097606315017e-12,2.452060366586393e-13,1.151968859945102e-13,1.2096519664686672e-11,1.2960656753480602e-12,7.075896836661913e-12,3.6192826065226416e-12,4.561109077975503e-13,3.3061315840396602e-12,9.935144646688177e-13,1.6377353820240165e-12,7.945573204988175e-12,2.3283928143577566e-11,1.4754423968203745e-11,2.153808385815608e-13,1.041867102070965e-12,1.8694346723610005e-12,6.923364852779023e-13,1.3829151309739616e-11,1.869393077524952e-12
285,1.1449097606315017e-12,2.452060366586393e-13,1.151968859945102e-13,1.2096519664686672e-11,1.2281766435545408e-12,7.075896836661913e-12,3.6192826065226416e-12,4.561109077975503e-13,3.3061315840396602e-12,9.935144646688177e-13,1.6377353820240165e-12,7.945573204988175e-12,2.3283928143577566e-11,1.4754423968203745e-11,2.153808385815608e-13,1.041867102070965e-12,1.8694346723610005e-12,6.923364852779023e-13,1.3740307608730448e-11,1.869393077524952e-12
286,1.1449097606315017e-12,2.452060366586393e-13,1.151968859945102e-13,1.0740622767004076e-11,1.2281766435545408e-12,7.075896836661913e-12,3.4086816705962634e-12,4.561109077975503e-13,3.3061315840396602e-12,9.935144646688177e-13,1.6377353820240165e-12,7.40807879043887e-12,2.3283928143577566e-11,1.4754423968203745e-11,2.153808385815608e-13,1.041867102070965e-12,1.8694346723610005e-12,6.923364852779023e-13,1.3272284114311284e-11,1.869393077524952e-12
287,1.1449097606315017e-12,2.452060366586393e-13,1.1505313612480238e-13,1.0740622767004076e-11,1.2281766435545408e-12,7.075896836661913e-12,3.4086816705962634e-12,4.561109077975503e-13,3.3061315840396602e-12,9.935144646688177e-13,1.636149526079932e-12,7.40807879043887e-12,2.3283928143577566e-11,1.4754423968203745e-11,1.9522434726908836e-13,1.041867102070965e-12,1.8694346723610005e-12,6.923364852779023e-13,9.625896432808492e-12,1.869393077524952e-12
288,1.1449097606315017e-12,2.452060366586393e-13,1.1505313612480238e-13,1.0740622767004076e-11,1.2281766435545408e-12,7.075896836661913e-12,3.4086816705962634e-12,4.561109077975503e-13,1.5983349441232036e-12,9.935144646688177e-13,1.636149526079932e-12,7.40807879043887e-12,2.3283928143577566e-11,1.4754423968203745e-11,1.9522434726908836e-13,1.041867102070965e-12,1.8694346723610005e-12,6.923364852779023e-13,9.625896432808492e-12,1.869393077524952e-12
289,1.1449097606315017e-12,1.5046484733756478e-13,1.1505313612480238e-13,1.0740622767004076e-11,1.2281766435545408e-12,7.075896836661913e-12,3.4086816705962634e-12,4.561109077975503e-13,1.5596619050999971e-12,9.935144646688177e-13,1.636149526079932e-12,7.40807879043887e-12,2.3283928143577566e-11,1.4754423968203745e-11,1.9522434726908836e-13,1.041867102070965e-12,1.8694346723610005e-12,6.923364852779023e-13,9.625896432808492e-12,1.869393077524952e-12
290,1.1449097606315017e-12,1.5046484733756478e-13,1.1505313612480238e-13,1.0740622767004076e-11,1.2281766435545408e-12,7.075896836661913e-12,3.4086816705962634e-12,4.561109077975503e-13,9.845008572811614e-13,9.935144646688177e-13,1.636149526079932e-12,7.40807879043887e-12,2.3283928143577566e-11,1.4754423968203745e-11,1.9522434726908836e-13,1.041867102070965e-12,1.8694346723610005e-12,6.923364852779023e-13,9.625896432808492e-12,1.869393077524952e-12
291,1.1449097606315017e-12,1.5046484733756478e-13,1.1505313612480238e-13,1.0740622767004076e-11,1.2281766435545408e-12,7.075896836661913e-12,3.4086816705962634e-12,4.561109077975503e-13,8.185508947816259e-13,9.935144646688177e-13,1.4832051679244654e-12,7.40807879043887e-12,2.3283928143577566e-11,1.4754423968203745e-11,1.9522422245078717e-13,1.041867102070965e-12,1.8694346723610005e-12,6.923364852779023e-13,9.625896432808492e-12,1.869393077524952e-12
292,1.1449097606315017e-12,1.5046484733756478e-13,1.1505313612480238e-13,3.0799095470047213e-12,1.2281766435545408e-12,7.075896836661913e-12,3.3368754595496346e-12,4.561109077975503e-13,8.185508947816259e-13,9.935144646688177e-13,1.4832051679244654e-12,7.40807879043887e-12,2.0147870012040856e-11,1.4754423968203745e-11,1.9522422245078717e-13,1.041867102070965e-12,1.8694346723610005e-12,6.923364852779023e-13,9.625896432808492e-12,1.869393077524952e-12
293,1.1194248757792315e-12,1.5046484733756478e-13,1.1505313612480238e-13,3.0799095470047213e-12,1.2281766435545408e-12,6.3742271404813495e-12,3.2812599837195856e-12,4.561109077975503e-13,8.185508947816259e-13,9.935144646688177e-13,1.4832051679244654e-12,7.40807879043887e-12,2.0147870012040856e-11,1.4754423968203745e-11,1.9522422245078717e-13,1.041867102070965e-12,1.8283515252337303e-12,6.923364852779023e-13,9.625896432808492e-12,1.869393077524952e-12
294,1.0857344217967536e-12,1.5046484733756478e-13,1.1505313612480238e-13,3.0799095470047213e-12,1.2281766435545408e-12,6.3742271404813495e-12,3.2812599837195856e-12,4.561109077975503e-13,8.185508947816259e-13,9.935144646688177e-13,1.4832051679244654e-12,7.40807879043887e-12,2.0147870012040856e-11,1.4754423968203745e-11,1.9522422245078717e-13,1.041867102070965e-12,1.8283515252337303e-12,6.923364852779023e-13,9.625896432808492e-12,1.869393077524952e-12
295,1.0506493369287342e-12,1.5046484733756478e-13,1.1505313612480238e-13,3.0799095470047213e-12,1.2281766435545408e-12,6.3742271404813495e-12,3.2812599837195856e-12,4.561109077975503e-13,7.333105634160075e-13,9.935144646688177e-13,1.4832051679244654e-12,7.40807879043887e-12,2.0147870012040856e-11,1.4754423968203745e-11,1.9522422245078717e-13,1.041867102070965e-12,1.8283515252337303e-12,6.923364852779023e-13,9.625896432808492e-12,1.869393077524952e-12
296,1.0506493369287342e-12,1.5046484733756478e-13,1.1505313612480238e-13,3.0799095470047213e-12,1.2281766435545408e-12,6.3742271404813495e-12,3.2812599837195856e-12,4.561109077975503e-13,7.333105634160075e-13,9.935144646688177e-13,1.4832051679244654e-12,7.40807879043887e-12,2.0147870012040856e-11,1.4754423968203745e-11,1.9522422245078717e-13,1.041867102070965e-12,1.8283515252337303e-12,6.923364852779023e-13,9.625896432808492e-12,1.869393077524952e-12
297,1.0506493369287342e-12,1.5046484733756478e-13,1.1505313612480238e-13,3.0799095470047213e-12,1.2281766435545408e-12,6.3742271404813495e-12,3.2812599837195856e-12,4.561109077975503e-13,7.333105634160075e-13,9.935144646688177e-13,1.4832051679244654e-12,7.40807879043887e-12,2.0147870012040856e-11,1.4754423968203745e-11,1.9522422245078717e-13,1.041867102070965e-12,1.8283515252337303e-12,6.923364852779023e-13,9.19101643525584e-12,1.4320016228555913e-12
298,1.0506493369287342e-12,1.5046484733756478e-13,1.1505313612480238e-13,2.1643316067463514e-12,1.2281766435545408e-12,6.3742271404813495e-12,3.2812599837195856e-12,4.561109077975503e-13,5.803290806723115e-13,9.935144646688177e-13,1.4832051679244654e-12,7.40807879043887e-12,2.0147870012040856e-11,1.4754423968203745e-11,1.9522422245078717e-13,1.041867102070965e-12,1.8283515252337303e-12,6.923364852779023e-13,8.406054128819525e-12,1.4320016228555913e-12
299,1.0506493369287342e-12,1.5046484733756478e-13,1.1505313612480238e-13,2.1643316067463514e-12,1.2281766435545408e-12,5.6778502042623145e-12,3.2812599837195856e-12,4.561109077975503e-13,5.803290806723115e-13,9.935144646688177e-13,1.4832051679244654e-12,7.40807879043887e-12,2.0147870012040856e-11,1.4754423968203745e-11,1.9522422245078717e-13,1.041867102070965e-12,1.8283515252337303e-12,6.923364852779023e-13,8.406054128819525e-12,1.4320016228555913e-12
300,1.0506493369287342e-12,1.5046484733756478e-13,1.1505313612480238e-13,2.1643316067463514e-12,1.2281766435545408e-12,4.072689223380586e-12,3.2812599837195856e-12,4.561109077975503e-13,5.050335105425753e-13,9.935144646688177e-13,1.4832051679244654e-12,7.40807879043887e-12,2.0147870012040856e-11,1.4754423968203745e-11,1.9522422245078717e-13,1.041867102070965e-12,1.8194977766616766e-12,6.923364852779023e-13,8.406054128819525e-12,1.4320016228555913e-12
301,1.0506493369287342e-12,1.5046484733756478e-13,1.1505313612480238e-13,2.1643316067463514e-12,1.2281766435545408e-12,4.072689223380586e-12,3.2812599837195856e-12,4.561109077975503e-13,5.050335105425753e-13,9.935144646688177e-13,1.4832051679244654e-12,7.40807879043887e-12,1.148681756741982e-11,1.4754423968203745e-11,1.9522422245078717e-13,1.041867102070965e-12,1.8194977766616766e-12,6.923364852779023e-13,8.406054128819525e-12,1.4320016228555913e-12
302,1.047812145729733e-12,1.5046484733756478e-13,1.1505313612480238e-13,2.1643316067463514e-12,1.2281766435545408e-12,4.072689223380586e-12,3.2812599837195856e-12,4.561109077975503e-13,5.050335105425753e-13,9.935144646688177e-13,1.4832051679244654e-12,7.40807879043887e-12,1.148681756741982e-11,1.4754423968203745e-11,1.9522422245078717e-13,1.041867102070965e-12,1.8194977766616766e-12,6.923364852779023e-13,5.203300933577182e-12,1.4320016228555913e-12
303,8.069986599355878e-13,1.5046484733756478e-13,1.1505313612480238e-13,2.1643316067463514e-12,1.2281766435545408e-12,4.072689223380586e-12,3.2812599837195856e-12,4.561109077975503e-13,5.050335105425753e-13,9.935144646688177e-13,1.4832051679244654e-12,7.393586943048742e-12,1.148681756741982e-11,1.4754423968203745e-11,1.9522422245078717e-13,1.0399553863090268e-12,1.8194977766616766e-12,6.923364852779023e-13,5.203300933577182e-12,1.4320016228555913e-12
304,8.069986599355878e-13,1.5046484733756478e-13,1.1505313612480238e-13,2.1643316067463514e-12,1.2281766435545408e-12,4.072689223380586e-12,3.2812599837195856e-12,4.561109077975503e-13,5.050335105425753e-13,9.935144646688177e-13,1.426059698149951e-12,7.393586943048742e-12,1.148681756741982e-11,1.4754423968203745e-11,1.9522422245078717e-13,1.0399553863090268e-12,1.8194977766616766e-12,6.169192262083937e-13,5.203300933577182e-12,1.4320016228555913e-12
305,8.069986599355878e-13,1.5046484733756478e-13,1.1505313612480238e-13,2.1643316067463514e-12,1.2281766435545408e-12,4.072689223380586e-12,3.2812599837195856e-12,4.561109077975503e-13,5.050335105425753e-13,9.935144646688177e-13,1.369083449466807e-12,6.5815517217882465e-12,1.148681756741982e-11,1.3736466381539526e-11,1.9522422245078717e-13,1.0399553863090268e-12,1.8194977766616766e-12,6.169192262083937e-13,5.203300933577182e-12,1.4320016228555913e-12
306,8.069986599355878e-13,1.5046484733756478e-13,1.1505313612480238e-13,2.1643316067463514e-12,1.2281766435545408e-12,4.072689223380586e-12,3.2812599837195856e-12,4.103833015633057e-13,5.050335105425753e-13,9.935144646688177e-13,1.369083449466807e-12,6.5815517217882465e-12,1.148681756741982e-11,1.3736466381539526e-11,1.9522422245078717e-13,1.0399553863090268e-12,1.819497776661676e-12,6.169192262083937e-13,5.203300933577182e-12,1.3917910477324714e-12
307,8.069986599355878e-13,1.5046484733756478e-13,1.1505313612480238e-13,2.1643316067463514e-12,1.2281766435545408e-12,4.072689223380586e-12,3.2812599837195856e-12,4.103833015633057e-13,5.050335105425753e-13,9.935144646688177e-13,1.369083449466807e-12,6.5815517217882465e-12,1.047954430238863e-11,1.3736466381539526e-11,1.9522422245078717e-13,1.0399553863090268e-12,1.819497776661676e-12,6.169192262083937e-13,5.203300933577182e-12,1.3917910477324714e-12
308,7.028332293243411e-13,1.5046484733756478e-13,1.1505313612480238e-13,2.1643316067463514e-12,1.2281766435545408e-12,4.072689223380586e-12,3.2812599837195856e-12,4.103833015633057e-13,5.050335105425753e-13,9.537610567626962e-13,1.369083449466807e-12,6.5815517217882465e-12,1.047954430238863e-11,1.3736466381539526e-11,1.9522422245078717e-13,1.0399553863090268e-12,1.819497776661676e-12,6.169192262083937e-13,5.203300933577182e-12,1.384678121826291e-12
309,7.028332293243411e-13,1.5046484733756478e-13,1.1505313612480238e-13,2.1643316067463514e-12,1.2281766435545408e-12,4.072689223380586e-12,3.2812599837195856e-12,4.103833015633057e-13,5.050335105425753e-13,9.537610567626962e-13,1.360752312327807e-12,6.5815517217882465e-12,1.047954430238863e-11,1.3736466381539526e-11,1.9522422245078717e-13,1.0399553863090268e-12,1.819497776661676e-12,6.169192262083937e-13,5.203300933577182e-12,1.1025836651761506e-12
310,7.028332293243411e-13,1.5046484733756478e-13,1.1505313612480238e-13,2.1182742206098133e-12,1.2281766435545408e-12,4.072689223380586e-12,3.2812599837195856e-12,4.103833015633057e-13,5.050335105425753e-13,9.537610567626962e-13,1.360752312327807e-12,6.5815517217882465e-12,1.047954430238863e-11,1.3736466381539526e-11,1.9522422245078717e-13,1.0399553863090268e-12,1.819497776661676e-12,6.169192262083937e-13,5.203300933577182e-12,9.643921087446365e-13
311,7.028332293243411e-13,1.5046484733756478e-13,1.1505313612480238e-13,2.1182742206098133e-12,1.2281766435545408e-12,4.072689223380586e-12,3.2812599837195856e-12,4.103833015633057e-13,3.310418594535291e-13,9.537610567626962e-13,1.360752312327807e-12,6.5815517217882465e-12,1.047954430238863e-11,1.3736466381539526e-11,1.9522422245078717e-13,1.0399553863090268e-12,1.819497776661676e-12,6.169192262083937e-13,5.203300933577182e-12,9.643921087446365e-13
312,7.028332293243411e-13,1.5046484733756478e-13,1.1505313612480238e-13,2.1182742206098133e-12,1.2281766435545408e-12,4.072689223380586e-12,3.2812599837195856e-12,3.968180124929616e-13,3.310418594535291e-13,9.537610567626962e-13,1.360752312327807e-12,6.5815517217882465e-12,1.047954430238863e-11,1.3736466381539526e-11,1.9522422245078717e-13,1.0399553863090268e-12,1.819497776661676e-12,6.169192262083937e-13,3.384277920658881e-12,9.643921087446365e-13
313,7.028332293243411e-13,1.5046484733756478e-13,1.1505313612480238e-13,2.1182742206098133e-12,1.2281766435545408e-12,4.072689223380586e-12,3.2812599837195856e-12,3.968180124929616e-13,3.310418594535291e-13,9.537610567626962e-13,1.360752312327807e-12,6.580920848139997e-12,1.047954430238863e-11,1.3670518609692571e-11,1.9522422245078717e-13,1.0399553863090268e-12,1.819497776661676e-12,6.169192262083937e-13,2.8816140831526257e-12,8.220669791433926e-13
314,7.028332293243411e-13,1.5046484733756478e-13,1.1505313612480238e-13,2.1182742206098133e-12,1.2281766435545408e-12,4.072689223380586e-12,3.2812599837195856e-12,3.968180124929616e-13,3.310418594535291e-13,9.537610567626962e-13,1.360752312327807e-12,6.580920848139997e-12,1.047954430238863e-11,1.3670518609692571e-11,1.9522422245078717e-13,1.0399553863090268e-12,1.7376204186462994e-12,6.169192262083937e-13,2.8816140831526257e-12,8.220669791433926e-13
315,7.028332293243411e-13,1.5046484733756478e-13,1.1505313612480238e-13,2.1182742206098133e-12,1.2281766435545408e-12,4.072689223380586e-12,3.2812599837195856e-12,1.9987686040457267e-13,3.2468125341409655e-13,9.537610567626962e-13,1.360752312327807e-12,6.580920848139997e-12,1.047954430238863e-11,1.3670518609692571e-11,1.9522422245078717e-13,1.0399553863090268e-12,1.7376204186462994e-12,6.169192262083937e-13,2.8816140831526257e-12,8.220669791433926e-13
316,7.028332293243411e-13,1.5046484733756478e-13,1.1505313612480238e-13,2.1182742206098133e-12,5.542830132417757e-13,4.072689223380586e-12,3.2812599837195856e-12,1.9987686040457267e-13,3.2468125341409655e-13,9.537610567626962e-13,1.360752312327807e-12,6.580920848139997e-12,1.047954430238863e-11,1.3670518609692571e-11,1.9522422245078717e-13,8.797766324006786e-13,1.7376204186462994e-12,6.133751908342602e-13,2.8816140831526257e-12,8.220669791433926e-13
317,6.99573225596443e-13,1.5046484733756478e-13,1.1505313612480238e-13,2.1182742206098133e-12,2.5380853592770896e-13,3.775002478608979e-12,3.2812599837195856e-12,1.9987686040457267e-13,3.2468125341409655e-13,9.537610567626962e-13,1.360752312327807e-12,6.580920848139997e-12,1.047954430238863e-11,1.3670518609692571e-11,1.9522422245078717e-13,8.797766324006786e-13,1.7376204186462994e-12,6.133751908342602e-13,2.8816140831526257e-12,8.220669791433926e-13
318,6.99573225596443e-13,1.5046484733756478e-13,1.1505313612480238e-13,2.1182742206098133e-12,2.2568362666510733e-13,3.775002478608979e-12,3.2812599837195856e-12,1.9987686040457267e-13,3.2468125341409655e-13,9.537610567626962e-13,1.360752312327807e-12,6.580920848139997e-12,1.047954430238863e-11,1.3670518609692571e-11,1.9522422245078717e-13,8.797766324006786e-13,1.7376204186462994e-12,6.133751908342602e-13,2.8816140831526257e-12,6.418714241540785e-13
319,6.99573225596443e-13,1.5046484733756478e-13,1.1505313612480238e-13,1.0579229941387086e-12,9.827910060606315e-14,3.775002478608979e-12,3.2812599837195856e-12,1.439134799789619e-13,3.2468125341409655e-13,9.537610567626962e-13,1.360752312327807e-12,6.580920848139997e-12,1.047954430238863e-11,1.3670518609692571e-11,1.9522422245078717e-13,7.413308320167627e-13,1.7376204186462994e-12,6.133751908342602e-13,2.414104005641013e-12,6.418714241540785e-13
320,6.99573225596443e-13,1.5046484733756478e-13,1.1505313612480238e-13,1.0579229941387086e-12,9.827910060606315e-14,3.775002478608979e-12,3.2812599837195856e-12,1.439134799789619e-13,3.2468125341409655e-13,9.537610567626962e-13,1.360752312327807e-12,6.5742705069739e-12,1.047954430238863e-11,1.3670518609692571e-11,1.9522422245078717e-13,7.413308320167627e-13,1.7376204186462994e-12,6.133751908342602e-13,2.414104005641013e-12,5.981956096962305e-13
321,6.99573225596443e-13,1.5046484733756478e-13,1.1505313612480238e-13,1.0579229941387086e-12,9.827910060606315e-14,3.775002478608979e-12,3.069436078701157e-12,1.439134799789619e-13,3.2468125341409655e-13,9.537610567626962e-13,1.360752312327807e-12,6.5742705069739e-12,1.047954430238863e-11,1.3670518609692571e-11,1.9522422245078717e-13,7.413308320167627e-13,1.7376204186462994e-12,6.133751908342602e-13,2.414104005641013e-12,5.981956096962305e-13
322,6.99573225596443e-13,1.5046484733756478e-13,1.1505313612480238e-13,1.0579229941387086e-12,9.827910060606315e-14,3.775002478608979e-12,3.069436078701157e-12,1.439134799789619e-13,3.2468125341409655e-13,9.537610567626962e-13,1.360752312327807e-12,6.5742705069739e-12,1.047954430238863e-11,1.3670518609692571e-11,1.9522422245078717e-13,7.413308320167627e-13,1.7376204186462994e-12,6.133751908342602e-13,2.414104005641013e-12,5.981956096962305e-13
323,6.99573225596443e-13,1.5046484733756478e-13,1.1505313612480238e-13,1.0579229941387086e-12,9.827910060606315e-14,3.3880507399521805e-12,2.9191523599896844e-12,1.439134799789619e-13,3.2468125341409655e-13,9.537610567626962e-13,1.360752312327807e-12,6.5742705069739e-12,1.047954430238863e-11,1.3670518609692571e-11,1.9522422245078717e-13,7.413308320167627e-13,1.7376204186462994e-12,6.133751908342602e-13,2.414104005641013e-12,5.981956096962305e-13
324,6.99573225596443e-13,1.5046484733756478e-13,1.0151469414727656e-13,1.0579229941387086e-12,9.827910060606315e-14,3.3880507399521805e-12,2.9191523599896844e-12,1.439134799789619e-13,3.2468125341409655e-13,9.537610567626962e-13,9.290704124111276e-13,6.5742705069739e-12,1.047954430238863e-11,1.3670518609692571e-11,1.9522422245078717e-13,7.413308320167627e-13,1.7376204186462994e-12,6.133751908342602e-13,2.414104005641013e-12,5.981956096962305e-13
325,6.99573225596443e-13,1.5046484733756478e-13,1.0151469414727656e-13,1.0579229941387086e-12,9.827910060606315e-14,2.9286644497252475e-12,2.9191523599896844e-12,1.439134799789619e-13,3.2468125341409655e-13,9.537610567626962e-13,9.290704124111276e-13,6.5742705069739e-12,1.047954430238863e-11,1.281683971277603e-11,1.9522422245078717e-13,7.413308320167627e-13,1.7376204186462994e-12,6.133751908342602e-13,2.414104005641013e-12,5.981956096962305e-13
326,6.99573225596443e-13,1.5046484733756478e-13,1.0151469414727656e-13,1.0579229941387086e-12,9.827910060606315e-14,2.347861049892157e-12,2.9191523599896844e-12,1.439134799789619e-13,3.2468125341409655e-13,9.537610567626962e-13,9.290704124111276e-13,6.443826184963419e-12,1.047954430238863e-11,1.281683971277603e-11,1.9522422245078717e-13,7.413308320167627e-13,1.7376204186462994e-12,6.133751908342602e-13,2.414104005641013e-12,5.981956096962305e-13
327,6.99573225596443e-13,1.5046484733756478e-13,1.0151469414727656e-13,1.0579229941387086e-12,9.827910060606315e-14,2.254150696383028e-12,2.9191523599896844e-12,1.439134799789619e-13,3.2468125341409655e-13,9.537610567626962e-13,9.290704124111276e-13,6.443826184963419e-12,1.047954430238863e-11,1.281683971277603e-11,1.9522422245078717e-13,7.072407795417892e-13,1.7376204186462994e-12,6.133751908342602e-13,2.006792843024994e-12,5.981956096962305e-13
328,6.99573225596443e-13,1.5046484733756478e-13,1.0151469414727656e-13,1.0579229941387086e-12,9.827910060606315e-14,2.254150696383028e-12,2.9191523599896844e-12,1.439134799789619e-13,3.2468125341409655e-13,9.537610567626962e-13,9.290704124111276e-13,6.443826184963419e-12,1.047954430238863e-11,1.281683971277603e-11,1.9522422245078717e-13,7.072407795417892e-13,1.7376204186462994e-12,6.133751908342602e-13,1.293956745424314e-12,5.981956096962305e-13
329,6.99573225596443e-13,1.5046484733756478e-13,1.0151469414727656e-13,1.0579229941387086e-12,9.827910060606315e-14,2.254150696383028e-12,2.8997351902543874e-12,1.439134799789619e-13,3.2468125341409655e-13,9.537610567626962e-13,9.290704124111276e-13,6.443826184963419e-12,1.047954430238863e-11,1.2787692131245501e-11,1.9522422245078717e-13,7.072407795417892e-13,1.7376204186462994e-12,6.133751908342602e-13,1.293956745424314e-12,5.981956096962305e-13
330,6.99573225596443e-13,1.5046484733756478e-13,1.0151469414727656e-13,1.0579229941387086e-12,9.827910060606315e-14,2.254150696383028e-12,2.127211006350544e-12,1.439134799789619e-13,3.2468125341409655e-13,9.537610567626962e-13,9.290704124111276e-13,6.340430411838548e-12,1.047954430238863e-11,1.2395455494971279e-11,1.9522422245078717e-13,7.072407795417892e-13,1.7376204186462994e-12,6.133751908342602e-13,1.293956745424314e-12,5.981956096962305e-13
331,5.703615950595943e-13,1.45833153789478e-13,1.0151469414727656e-13,1.0579229941387086e-12,9.827910060606315e-14,2.254150696383028e-12,2.127211006350544e-12,1.439134799789619e-13,3.2468125341409655e-13,9.537610567626962e-13,9.290704124111276e-13,6.340430411838548e-12,1.047954430238863e-11,1.2395455494971279e-11,1.9522422245078717e-13,7.072407795417892e-13,1.7376204186462994e-12,6.133751908342602e-13,1.198543502363964e-12,5.981956096962305e-13
332,5.703615950595943e-13,9.867466466123499e-14,1.0151469414727656e-13,5.572633690902644e-13,9.827910060606315e-14,2.254150696383028e-12,2.0208042528597836e-12,1.439134799789619e-13,3.2468125341409655e-13,9.537610567626962e-13,9.290704124111276e-13,6.340430411838548e-12,1.047954430238863e-11,1.2395455494971279e-11,1.9522422245078717e-13,7.072407795417892e-13,1.2830619795908988e-12,6.133751908342602e-13,1.198543502363964e-12,5.981956096962305e-13
333,5.703615950595943e-13,9.867466466123499e-14,1.0151469414727656e-13,4.843053058209347e-13,9.827910060606315e-14,2.254150696383028e-12,2.0208042528597836e-12,1.439134799789619e-13,3.246812534140965e-13,9.537610567626962e-13,9.290704124111276e-13,6.340430411838548e-12,1.047954430238863e-11,1.2395455494971279e-11,1.9522422245078717e-13,7.072407795417892e-13,1.2830619795908988e-12,6.133751908342602e-13,1.198543502363964e-12,5.981956096962305e-13
334,5.703615950595943e-13,9.867466466123499e-14,1.0151469414727656e-13,4.843053058209347e-13,9.827910060606315e-14,2.254150696383028e-12,2.0208042528597836e-12,1.439134799789619e-13,3.246812534140965e-13,9.537610567626962e-13,9.290704124111276e-13,6.340430411838548e-12,1.047954430238863e-11,1.2359559769214563e-11,1.9522422245078717e-13,7.072407795417892e-13,1.2830619795908988e-12,6.133751908342602e-13,1.198543502363964e-12,5.981956096962305e-13
335,3.246994793571226e-13,9.867466466123499e-14,1.0151469414727656e-13,4.030049994338113e-13,9.827910060606315e-14,2.1651449598449205e-12,2.0208042528597836e-12,1.439134799789619e-13,3.246812534140965e-13,9.537610567626962e-13,9.290704124111276e-13,6.340430411838548e-12,1.047954430238863e-11,1.2359559769214563e-11,1.9522422245078717e-13,7.072407795417892e-13,1.2830619795908988e-12,6.133751908342602e-13,1.198543502363964e-12,5.981956096962305e-13
336,2.6129673860445827e-13,9.867466466123499e-14,1.0151469414727656e-13,2.606779062971671e-13,9.827910060606315e-14,1.9653571546418116e-12,2.0208042528597836e-12,1.439134799789619e-13,3.246812534140965e-13,9.537610567626962e-13,9.290704124111276e-13,6.340430411838548e-12,1.047954430238863e-11,1.2359559769214563e-11,1.9522422245078717e-13,7.072407795417892e-13,1.2830619795908988e-12,6.133751908342602e-13,1.198543502363964e-12,5.981956096962305e-13
337,2.6129673860445827e-13,9.867466466123498e-14,1.0014230692103536e-13,2.4129418367852146e-13,9.827910060606315e-14,1.4123842400296693e-12,2.0208042528597836e-12,1.439134799789619e-13,3.246812534140965e-13,9.537610567626962e-13,7.971748921649784e-13,6.340430411838548e-12,1.047954430238863e-11,1.2359559769214563e-11,1.9522422245078717e-13,7.072407795417892e-13,1.2830619795908988e-12,6.133751908342602e-13,1.198543502363964e-12,5.981956096962305e-13
338,2.6129673860445827e-13,9.867466466123498e-14,1.0014230692103536e-13,1.602398908136907e-13,9.827910060606315e-14,1.4123842400296693e-12,2.0208042528597836e-12,1.439134799789619e-13,3.246812534140965e-13,9.537610567626962e-13,7.971748921649784e-13,6.340430411838548e-12,1.047954430238863e-11,1.235955976921456e-11,1.9196694691484285e-13,7.072407795417892e-13,1.241591999647877e-12,4.055619870026145e-13,1.198543502363964e-12,5.981956096962305e-13
339,2.6129673860445827e-13,9.867466466123498e-14,1.0014230692103536e-13,1.602398908136907e-13,9.827910060606315e-14,1.2263684564374512e-12,2.0208042528597836e-12,1.439134799789619e-13,3.246812534140965e-13,9.537610567626962e-13,7.971748921649784e-13,6.340430411838548e-12,1.047954430238863e-11,1.235955976921456e-11,1.9196694691484285e-13,7.06664990836628e-13,1.241591999647877e-12,4.055619870026145e-13,1.198543502363964e-12,5.981956096962305e-13
340,2.6129673860445827e-13,9.867466466123498e-14,1.0014230692103536e-13,1.602398908136907e-13,9.827910060606315e-14,1.2263684564374512e-12,2.0208042528597836e-12,1.439134799789619e-13,3.246812534140965e-13,9.537610567626962e-13,7.971748921649784e-13,6.149876641636097e-12,1.047954430238863e-11,1.235955976921456e-11,1.9196694691484285e-13,6.914328678471654e-13,1.241591999647877e-12,4.055619870026145e-13,1.198543502363964e-12,5.981956096962305e-13
341,2.6129673860445827e-13,9.867466466123498e-14,9.976149543996375e-14,1.602398908136907e-13,9.827910060606315e-14,1.2263684564374512e-12,2.0208042528597836e-12,1.439134799789619e-13,3.246812534140965e-13,9.537610567626962e-13,7.971748921649784e-13,6.149876641636097e-12,1.047954430238863e-11,1.235955976921456e-11,1.9196694691484285e-13,6.914328678471654e-13,1.241591999647877e-12,4.055619870026145e-13,1.198543502363964e-12,5.981956096962305e-13
342,2.6129673860445827e-13,9.867466466123498e-14,9.976149543996375e-14,1.5027809214599378e-13,9.827910060606315e-14,1.2263684564374512e-12,2.0208042528597836e-12,1.439134799789619e-13,3.246812534140965e-13,9.537610567626962e-13,7.971748921649784e-13,6.149876641636097e-12,1.047954430238863e-11,1.235955976921456e-11,1.9196694691484285e-13,6.914328678471654e-13,1.241591999647877e-12,4.055619870026145e-13,1.198543502363964e-12,5.981956096962305e-13
343,2.6129673860445827e-13,9.867466466123498e-14,9.976149543996375e-14,8.086628547385012e-14,9.827910060606315e-14,1.2263684564374512e-12,1.3935438593697995e-12,1.436258445895716e-13,3.246812534140965e-13,9.537610567626962e-13,7.971748921649784e-13,6.149876641636097e-12,1.047954430238863e-11,1.235955976921456e-11,1.897973037854465e-13,6.914328678471654e-13,1.241591999647877e-12,4.055619870026145e-13,1.198543502363964e-12,5.981956096962305e-13
344,2.6129673860445827e-13,9.867466466123498e-14,9.976149543996375e-14,6.68659151643828e-14,9.827910060606315e-14,1.2263684564374512e-12,1.3935438593697995e-12,1.436258445895716e-13,3.246812534140965e-13,9.537610567626962e-13,7.971748921649784e-13,6.149876641636097e-12,1.047954430238863e-11,1.2126399057027285e-11,1.897973037854465e-13,6.914328678471654e-13,1.241591999647877e-12,4.055619870026145e-13,1.198543502363964e-12,5.981956096962305e-13
345,2.6129673860445827e-13,9.867466466123498e-14,9.976149543996375e-14,6.68659151643828e-14,8.876066026870705e-14,1.2076214800396735e-12,1.3935438593697995e-12,1.436258445895716e-13,3.246812534140965e-13,9.537610567626962e-13,7.971748921649784e-13,6.149876641636097e-12,1.047954430238863e-11,1.2126399057027285e-11,1.897973037854465e-13,6.914328678471654e-13,1.241591999647877e-12,4.055619870026145e-13,1.198543502363964e-12,5.981956096962305e-13
346,2.6129673860445827e-13,9.867466466123498e-14,9.976149543996375e-14,6.68659151643828e-14,8.876066026870705e-14,1.2076214800396735e-12,1.3935438593697995e-12,1.436258445895716e-13,3.246812534140965e-13,9.537610567626962e-13,7.971748921649784e-13,6.149876641636097e-12,1.047954430238863e-11,1.2126399057027285e-11,1.897973037854465e-13,6.914328678471654e-13,1.207716703096606e-12,4.055619870026145e-13,1.198543502363964e-12,5.981956096962305e-13
347,2.6129673860445827e-13,9.867466466123498e-14,9.976149543996375e-14,6.68659151643828e-14,8.876066026870705e-14,1.2076214800396735e-12,1.3935438593697995e-12,1.436258445895716e-13,3.246812534140965e-13,9.537610567626962e-13,7.971748921649784e-13,6.149876641636097e-12,1.047954430238863e-11,1.2126399057027285e-11,1.897973037854465e-13,6.914328678471654e-13,1.207716703096606e-12,4.055619870026145e-13,1.1372852088277567e-12,5.981956096962305e-13
348,2.6129673860445827e-13,9.867466466123498e-14,9.976149543996375e-14,6.68659151643828e-14,8.876066026870705e-14,1.2076214800396735e-12,1.3935438593697995e-12,1.436258445895716e-13,3.246812534140965e-13,9.537610567626962e-13,7.971748921649784e-13,6.149876641636097e-12,1.047954430238863e-11,1.2126399057027285e-11,1.897973037854465e-13,6.914328678471654e-13,8.855389241004316e-13,4.055619870026145e-13,1.1372852088277567e-12,5.981956096962305e-13
349,2.6129673860445827e-13,9.867466466123498e-14,9.976149543996375e-14,6.68659151643828e-14,8.876066026870705e-14,1.2076214800396735e-12,1.3935438593697995e-12,1.436258445895716e-13,3.246812534140965e-13,9.537610567626962e-13,7.971748921649784e-13,6.149876641636097e-12,1.047954430238863e-11,1.2023616531909828e-11,1.897973037854465e-13,6.914328678471654e-13,8.396486721578595e-13,2.903896701717111e-13,1.1227963823390628e-12,5.981956096962305e-13
350,2.125111378856276e-13,9.867466466123498e-14,9.976149543996375e-14,5.736965941085161e-14,5.941872980296125e-14,1.1920658510365995e-12,1.3657502657248008e-12,1.436258445895716e-13,3.246812534140965e-13,9.537610567626962e-13,7.971748921649784e-13,6.149876641636097e-12,1.0465988994744797e-11,1.1408024339289676e-11,1.897973037854465e-13,6.914328678471654e-13,8.396486721578595e-13,2.903896701717111e-13,1.1227963823390628e-12,5.981956096962305e-13
351,2.125111378856276e-13,9.867466466123498e-14,9.976149543996375e-14,5.557504001707321e-14,5.941872980296125e-14,1.1920658510365995e-12,1.3657502657248008e-12,1.436258445895716e-13,3.246812534140965e-13,9.537610567626962e-13,7.971748921649784e-13,6.149876641636097e-12,1.0465988994744797e-11,1.1408024339289676e-11,1.897973037854465e-13,6.914328678471654e-13,8.396486721578595e-13,2.903896701717111e-13,1.0615968192642531e-12,5.981956096962305e-13
352,2.0918107301886834e-13,9.867466466123498e-14,9.976149543996375e-14,5.557504001707321e-14,5.941872980296125e-14,1.1920658510365995e-12,1.3657502657248008e-12,1.436258445895716e-13,3.0881429451617935e-13,9.537610567626962e-13,7.971748921649784e-13,6.149876641636097e-12,1.0465988994744797e-11,1.1408024339289676e-11,1.897973037854465e-13,6.914328678471654e-13,8.396486721578595e-13,2.903896701717111e-13,1.0615968192642531e-12,5.981956096962305e-13
353,2.0918107301886834e-13,9.867466466123498e-14,9.976149543996375e-14,5.557504001707321e-14,5.941872980296125e-14,1.1920658510365995e-12,1.3657502657248008e-12,1.436258445895716e-13,3.0881429451617935e-13,9.537610567626962e-13,7.971748921649784e-13,6.149876641636097e-12,1.0465988994744797e-11,1.1408024339289676e-11,1.897973037854465e-13,6.914328678471654e-13,8.396486721578595e-13,2.903896701717111e-13,1.0615968192642531e-12,5.981956096962305e-13
354,2.0918107301886834e-13,9.867466466123498e-14,9.976149543996375e-14,5.540020883462594e-14,5.941872980296125e-14,1.1920658510365995e-12,1.3657502657248008e-12,1.436258445895716e-13,3.0881429451617935e-13,9.537610567626962e-13,7.971748921649784e-13,6.149876641636097e-12,1.0465988994744797e-11,6.707017816286017e-12,1.897973037854465e-13,6.914328678471654e-13,8.396486721578595e-13,2.903896701717111e-13,1.0615968192642531e-12,5.981956096962305e-13
355,2.0918107301886834e-13,9.867466466123498e-14,9.976149543996375e-14,5.540020883462594e-14,5.941872980296125e-14,1.1920658510365995e-12,1.3423102160713966e-12,1.436258445895716e-13,3.0881429451617935e-13,9.537610567626962e-13,7.971748921649784e-13,6.149876641636097e-12,1.0465988994744797e-11,6.707017816286017e-12,1.897973037854465e-13,6.914328678471652e-13,8.396486721578595e-13,2.903896701717111e-13,1.0615968192642531e-12,5.981956096962305e-13
356,2.0918107301886834e-13,9.867466466123498e-14,9.976149543996375e-14,5.540020883462594e-14,5.941872980296125e-14,1.1920658510365995e-12,1.3423102160713966e-12,1.436258445895716e-13,3.0881429451617935e-13,9.537610567626962e-13,7.695696138679292e-13,6.149876641636097e-12,8.420075511637916e-12,6.707017816286017e-12,1.897973037854465e-13,6.914328678471652e-13,8.396486721578595e-13,2.903896701717111e-13,1.0615968192642531e-12,5.981956096962305e-13
357,2.0918107301886834e-13,9.867466466123498e-14,9.976149543996375e-14,5.540020883462594e-14,5.941872980296125e-14,1.1920658510365995e-12,1.3423102160713966e-12,1.436258445895716e-13,3.0881429451617935e-13,9.537610567626962e-13,7.695696138679292e-13,5.903889086736351e-12,8.420075511637916e-12,6.707017816286017e-12,1.897973037854465e-13,6.914328678471652e-13,8.396486721578595e-13,2.903896701717111e-13,8.692595880676493e-13,5.981956096962305e-13
358,2.0918107301886834e-13,9.867466466123498e-14,9.976149543996375e-14,5.540020883462594e-14,5.941872980296125e-14,1.1920658510365995e-12,1.3423102160713966e-12,1.436258445895716e-13,3.0881429451617935e-13,9.537610567626962e-13,7.695696138679292e-13,5.903889086736351e-12,8.420075511637916e-12,6.707017816286017e-12,1.897973037854465e-13,6.914328678471652e-13,8.396486721578595e-13,2.903896701717111e-13,8.692595880676493e-13,5.981956096962305e-13
359,2.0918107301886834e-13,9.867466466123498e-14,9.976149543996375e-14,5.540020883462594e-14,5.941872980296125e-14,1.1920658510365995e-12,1.3423102160713966e-12,1.436258445895716e-13,3.0881429451617935e-13,8.693379914916922e-13,7.695696138679292e-13,5.903889086736351e-12,8.420075511637916e-12,6.707017816286017e-12,1.897973037854465e-13,6.914328678471652e-13,8.396486721578595e-13,2.903896701717111e-13,8.692595880676493e-13,5.981956096962305e-13
360,2.0918107301886834e-13,9.867466466123498e-14,9.976149543996375e-14,5.540020883462594e-14,5.941872980296125e-14,1.1881125526241603e-12,1.3423102160713966e-12,1.436258445895716e-13,3.0881429451617935e-13,8.693379914916922e-13,7.695696138679292e-13,3.98109753601414e-12,8.420075511637916e-12,6.707017816286017e-12,1.897973037854465e-13,6.914328678471652e-13,8.396486721578595e-13,2.903896701717111e-13,8.692595880676493e-13,5.981956096962305e-13
361,2.0918107301886834e-13,9.867466466123498e-14,9.976149543996375e-14,5.540020883462594e-14,5.941872980296125e-14,1.1881125526241603e-12,1.3408583338517807e-12,1.436258445895716e-13,3.0881429451617935e-13,7.722092861738936e-13,7.695696138679292e-13,3.98109753601414e-12,8.420075511637916e-12,6.654568652702912e-12,1.897973037854465e-13,6.914328678471652e-13,8.396486721578595e-13,2.903896701717111e-13,8.692595880676493e-13,5.981956096962305e-13
362,2.0918107301886834e-13,9.867466466123498e-14,9.976149543996375e-14,5.540020883462594e-14,5.941872980296125e-14,1.1881125526241603e-12,1.3408583338517807e-12,1.436258445895716e-13,3.0881429451617935e-13,7.722092861738936e-13,7.695696138679292e-13,3.98109753601414e-12,8.420075511637916e-12,6.654568652702912e-12,1.897973037854465e-13,6.914328678471652e-13,8.396486721578595e-13,2.40243562230435e-13,8.692595880676493e-13,5.981956096962305e-13
363,2.0918107301886834e-13,9.867466466123498e-14,9.976149543996375e-14,5.540020883462594e-14,5.941872980296125e-14,1.1881125526241603e-12,1.3408583338517807e-12,1.436258445895716e-13,3.0881429451617935e-13,7.722092861738936e-13,7.695696138679292e-13,3.98109753601414e-12,8.420075511637916e-12,6.654568652702912e-12,1.897973037854465e-13,6.914328678471652e-13,8.396486721578595e-13,2.40243562230435e-13,8.692595880676493e-13,5.981956096962305e-13
364,2.0918107301886834e-13,9.867466466123498e-14,9.976149543996375e-14,5.540020883462594e-14,5.941872980296125e-14,1.1881125526241603e-12,1.3408583338517807e-12,9.26871240677236e-14,3.0881429451617935e-13,7.722092861738936e-13,7.695696138679292e-13,3.98109753601414e-12,8.420075511637916e-12,6.654568652702912e-12,1.897973037854465e-13,6.914328678471652e-13,8.396486721578595e-13,2.40243562230435e-13,8.692595880676493e-13,5.981956096962305e-13
365,2.0918107301886834e-13,9.867466466123498e-14,9.976149543996375e-14,5.517155406339592e-14,5.075029342995561e-14,1.1881125526241603e-12,1.340728376880358e-12,9.26871240677236e-14,3.0881429451617935e-13,7.722092861738936e-13,7.695696138679292e-13,3.98109753601414e-12,8.420075511637916e-12,6.654568652702912e-12,1.8490259515297146e-13,6.914328678471652e-13,8.396486721578595e-13,2.40243562230435e-13,8.692595880676493e-13,5.981956096962305e-13
366,2.0918107301886834e-13,9.867466466123498e-14,9.976149543996375e-14,5.517155406339592e-14,5.075029342995561e-14,1.1881125526241603e-12,1.340728376880358e-12,9.26871240677236e-14,3.0881429451617935e-13,7.722092861738936e-13,7.695696138679292e-13,3.98109753601414e-12,8.420075511637916e-12,6.654568652702912e-12,1.8490259515297146e-13,6.914328678471652e-13,8.396486721578595e-13,2.3304207647349405e-13,8.692595880676493e-13,5.981956096962305e-13
367,1.6826077569233614e-13,9.867466466123498e-14,9.976149543996375e-14,5.517155406339592e-14,5.075029342995561e-14,1.1881125526241603e-12,1.340728376880358e-12,9.26871240677236e-14,3.0881429451617935e-13,3.777672001351113e-13,7.695696138679292e-13,3.98109753601414e-12,8.420075511637916e-12,6.654568652702912e-12,1.8490259515297146e-13,6.914328678471652e-13,8.396486721578595e-13,2.3304207647349405e-13,8.692595880676493e-13,5.981956096962305e-13
368,1.6826077569233614e-13,9.867466466123498e-14,9.976149543996375e-14,5.517155406339592e-14,5.075029342995561e-14,1.1881125526241603e-12,1.340728376880358e-12,9.26871240677236e-14,3.0881429451617935e-13,3.777672001351113e-13,7.695696138679292e-13,3.98109753601414e-12,8.420075511637916e-12,5.9463439966632865e-12,1.8490259515297146e-13,6.914328678471652e-13,8.396486721578595e-13,2.3304207647349405e-13,8.692595880676493e-13,5.981956096962305e-13
369,1.6826077569233614e-13,9.867466466123498e-14,9.976149543996375e-14,5.517155406339592e-14,5.075029342995561e-14,1.1822682320050394e-12,1.340728376880358e-12,9.26871240677236e-14,3.0881429451617935e-13,3.777672001351113e-13,7.695696138679292e-13,3.98109753601414e-12,8.420075511637916e-12,5.9463439966632865e-12,1.8490259515297146e-13,6.914328678471652e-13,8.396486721578595e-13,2.1001652042760986e-13,8.692595880676493e-13,4.852302765236446e-13
370,1.6826077569233614e-13,9.867466466123498e-14,9.976149543996375e-14,5.517155406339592e-14,5.075029342995561e-14,1.1822682320050394e-12,1.340728376880358e-12,9.26871240677236e-14,3.0881429451617935e-13,3.777672001351113e-13,7.695696138679292e-13,3.98109753601414e-12,8.420075511637916e-12,5.9463439966632865e-12,1.8490259515297146e-13,4.745462007771464e-13,8.396486721578595e-13,2.1001652042760986e-13,8.468092848753872e-13,4.852302765236446e-13
371,1.6826077569233614e-13,9.867466466123497e-14,9.976149543996375e-14,5.517155406339592e-14,5.075029342995561e-14,1.1822682320050394e-12,1.340728376880358e-12,9.26871240677236e-14,3.0881429451617935e-13,3.777672001351113e-13,7.695696138679292e-13,3.98109753601414e-12,8.420075511637916e-12,5.9463439966632865e-12,1.8490259515297146e-13,4.745462007771464e-13,8.396486721578595e-13,2.1001652042760986e-13,8.468092848753872e-13,4.852302765236446e-13
372,1.6826077569233614e-13,9.867466466123497e-14,9.976149543996375e-14,5.517155406339592e-14,5.075029342995561e-14,9.993773270524193e-13,1.340728376880358e-12,9.26871240677236e-14,3.0881429451617935e-13,3.777672001351113e-13,7.695696138679292e-13,3.98109753601414e-12,8.420075511637916e-12,5.9463439966632865e-12,1.8490259515297146e-13,4.745462007771464e-13,8.396486721578595e-13,2.1001652042760986e-13,8.468092848753872e-13,4.852302765236446e-13
373,1.6826077569233614e-13,9.867466466123497e-14,9.976149543996375e-14,5.517155406339592e-14,5.075029342995561e-14,9.993773270524193e-13,1.340728376880358e-12,9.26871240677236e-14,3.0881429451617935e-13,3.777672001351113e-13,7.695696138679292e-13,3.98109753601414e-12,8.420075511637916e-12,5.65093501777659e-12,1.8490259515297146e-13,4.745462007771464e-13,7.578571892574696e-13,2.1001652042760986e-13,8.468092848753872e-13,4.852302765236446e-13
374,1.6826077569233614e-13,9.867466466123497e-14,9.976149543996375e-14,5.517155406339592e-14,5.075029342995561e-14,9.74995128966482e-13,1.340728376880358e-12,9.26871240677236e-14,3.0881429451617935e-13,3.777672001351113e-13,7.695696138679292e-13,3.98109753601414e-12,8.420075511637916e-12,5.65093501777659e-12,1.8490259515297146e-13,4.745462007771464e-13,7.578571892574696e-13,2.1001652042760986e-13,8.468092848753872e-13,4.852302765236446e-13
375,1.6826077569233614e-13,9.867466466123497e-14,9.976149543996375e-14,5.517155406339592e-14,5.075029342995561e-14,9.74995128966482e-13,1.340728376880358e-12,9.26871240677236e-14,3.0881429451617935e-13,3.777672001351113e-13,7.695696138679292e-13,3.242886667606392e-12,8.420075511637916e-12,5.65093501777659e-12,1.8490259515297146e-13,4.745462007771464e-13,7.578571892574696e-13,2.1001652042760986e-13,8.436508885378122e-13,3.0371613996369403e-13
376,1.6826077569233614e-13,9.867466466123497e-14,9.976149543996375e-14,5.517155406339592e-14,5.075029342995561e-14,9.74995128966482e-13,9.84506058234062e-13,9.26871240677236e-14,3.0881429451617935e-13,3.777672001351113e-13,7.695696138679292e-13,3.242886667606392e-12,8.420075511637916e-12,5.65093501777659e-12,1.8490259515297146e-13,4.745462007771464e-13,7.578571892574696e-13,2.1001652042760986e-13,8.436508885378122e-13,3.0371613996369403e-13
377,1.6826077569233614e-13,9.867466466123497e-14,9.976149543996375e-14,5.517155406339592e-14,5.075029342995561e-14,9.74995128966482e-13,7.351440999894303e-13,9.26871240677236e-14,3.0881429451617935e-13,3.777672001351113e-13,7.695696138679292e-13,3.242886667606392e-12,8.41220886864101e-12,5.65093501777659e-12,1.8490259515297146e-13,4.745462007771464e-13,7.578571892574696e-13,2.1001652042760986e-13,8.436508885378122e-13,3.0371613996369403e-13
378,1.6826077569233614e-13,9.867466466123497e-14,9.976149543996375e-14,5.517155406339592e-14,5.075029342995561e-14,9.74995128966482e-13,7.351440999894303e-13,9.26871240677236e-14,3.0881429451617935e-13,3.777672001351113e-13,7.695696138679292e-13,3.242886667606392e-12,8.41220886864101e-12,5.65093501777659e-12,1.8490259515297146e-13,4.745462007771464e-13,7.578571892574696e-13,2.1001652042760986e-13,8.436508885378122e-13,3.0371613996369403e-13
379,1.6826077569233614e-13,9.867466466123497e-14,9.976149543996375e-14,5.517155406339592e-14,5.075029342995561e-14,9.74995128966482e-13,7.351440999894303e-13,9.26871240677236e-14,3.0881429451617935e-13,3.777672001351113e-13,7.695696138679292e-13,3.242886667606392e-12,8.41220886864101e-12,5.65093501777659e-12,1.8490259515297146e-13,4.745462007771464e-13,7.578571892574696e-13,2.1001652042760986e-13,8.436508885378122e-13,3.0371613996369403e-13
380,1.6826077569233614e-13,9.867466466123497e-14,9.944937496236624e-14,5.517155406339592e-14,5.075029342995561e-14,9.74995128966482e-13,7.351440999894303e-13,9.26871240677236e-14,3.0881429451617935e-13,3.777672001351113e-13,7.695696138679292e-13,3.242886667606392e-12,8.41220886864101e-12,5.65093501777659e-12,1.8490259515297146e-13,4.745462007771464e-13,7.470754011940817e-13,2.1001652042760986e-13,8.031326216410652e-13,3.0371613996369403e-13
381,1.6826077569233614e-13,9.867466466123497e-14,9.944937496236624e-14,5.517155406339592e-14,5.075029342995561e-14,9.74995128966482e-13,7.058295851480054e-13,8.840569548464527e-14,3.0881429451617935e-13,3.777672001351113e-13,7.695696138679292e-13,3.242886667606392e-12,8.41220886864101e-12,5.65093501777659e-12,1.8490259515297146e-13,4.745462007771464e-13,7.420434274606271e-13,2.1001652042760986e-13,8.031326216410652e-13,1.7260781341409032e-13
382,1.6826077569233614e-13,9.867466466123497e-14,9.944937496236624e-14,5.517155406339592e-14,5.075029342995561e-14,9.74995128966482e-13,7.058295851480054e-13,8.814947830264514e-14,3.0881429451617935e-13,3.777672001351113e-13,7.695696138679292e-13,3.242886667606392e-12,8.41220886864101e-12,5.65093501777659e-12,1.8490259515297146e-13,4.745462007771464e-13,7.420434274606271e-13,2.1001652042760986e-13,8.031326216410652e-13,1.7260781341409032e-13
383,1.6826077569233614e-13,9.867466466123497e-14,9.944937496236624e-14,5.517155406339592e-14,5.075029342995561e-14,9.74995128966482e-13,7.058295851480054e-13,8.814947830264514e-14,3.0881429451617935e-13,3.777672001351113e-13,7.695696138679292e-13,3.242886667606392e-12,8.41220886864101e-12,5.65093501777659e-12,1.8490259515297146e-13,4.745462007771464e-13,7.349892829462258e-13,2.1001652042760986e-13,7.741103060843777e-13,1.7260781341409032e-13
384,1.6807328630148763e-13,9.867466466123497e-14,9.944937496236624e-14,5.517155406339592e-14,5.075029342995561e-14,9.258007858039146e-13,7.058295851480054e-13,8.814947830264514e-14,3.0881429451617935e-13,3.777672001351113e-13,7.695696138679292e-13,2.04071434100614e-12,8.41220886864101e-12,5.65093501777659e-12,1.8490259515297146e-13,4.745462007771464e-13,7.349892829462258e-13,2.1001652042760986e-13,7.741103060843777e-13,1.7260781341409032e-13
385,1.6807328630148763e-13,9.867466466123497e-14,9.944937496236624e-14,5.517155406339592e-14,5.075029342995561e-14,8.817933720871805e-13,6.142872059204614e-13,8.814947830264514e-14,3.0881429451617935e-13,3.777672001351113e-13,7.695696138679292e-13,2.04071434100614e-12,8.41220886864101e-12,5.65093501777659e-12,1.8490259515297146e-13,4.745462007771464e-13,5.310324536592073e-13,2.1001652042760986e-13,6.4493983696023e-13,1.7260781341409032e-13
386,1.6807328630148763e-13,9.867466466123497e-14,9.944937496236624e-14,5.517155406339592e-14,5.075029342995561e-14,8.817933720871805e-13,3.868703501295928e-13,8.814947830264514e-14,3.0881429451617935e-13,3.777672001351113e-13,7.695696138679292e-13,2.04071434100614e-12,8.41220886864101e-12,5.65093501777659e-12,1.8490259515297146e-13,4.745462007771464e-13,2.3987840234307453e-13,2.1001652042760986e-13,6.4493983696023e-13,1.7260781341409032e-13
387,1.3576899456216127e-13,9.867466466123497e-14,9.944937496236624e-14,5.517155406339592e-14,5.075029342995561e-14,8.817933720871805e-13,3.868703501295928e-13,8.814947830264514e-14,3.0881429451617935e-13,3.777672001351113e-13,7.695696138679292e-13,2.04071434100614e-12,8.41220886864101e-12,5.65093501777659e-12,1.7905653701319797e-13,4.745462007771464e-13,2.3987840234307453e-13,2.1001652042760986e-13,6.236102240503324e-13,1.7260781341409032e-13
388,1.3576899456216127e-13,9.867466466123497e-14,9.944937496236624e-14,5.517155406339592e-14,5.075029342995561e-14,8.817933720871805e-13,3.868703501295928e-13,7.107795092205621e-14,3.0881429451617935e-13,3.777672001351113e-13,7.695696138679292e-13,2.04071434100614e-12,8.41220886864101e-12,5.65093501777659e-12,1.7905653701319797e-13,4.745462007771464e-13,2.3987840234307453e-13,2.1001652042760986e-13,6.236102240503324e-13,1.7260781341409032e-13
389,1.3576899456216127e-13,9.867466466123497e-14,9.944937496236624e-14,5.517155406339592e-14,5.075029342995561e-14,8.817933720871805e-13,3.868703501295928e-13,7.107795092205621e-14,3.0881429451617935e-13,3.777672001351113e-13,7.695696138679292e-13,2.04071434100614e-12,8.41220886864101e-12,5.65093501777659e-12,1.7905653701319797e-13,4.745462007771464e-13,2.3987840234307453e-13,2.1001652042760986e-13,6.236102240503324e-13,1.7260781341409032e-13
390,1.3576899456216127e-13,9.867466466123497e-14,9.944937496236624e-14,5.517155406339592e-14,4.609652270950073e-14,8.817933720871805e-13,3.868703501295928e-13,7.107795092205621e-14,3.0881429451617935e-13,3.777672001351113e-13,7.695696138679292e-13,2.04071434100614e-12,8.41220886864101e-12,5.65093501777659e-12,1.7905653701319797e-13,4.745462007771464e-13,2.3987840234307453e-13,2.1001652042760986e-13,6.236102240503324e-13,1.7260781341409032e-13
391,1.3576899456216127e-13,9.867466466123497e-14,9.944937496236624e-14,5.517155406339592e-14,4.609652270950073e-14,5.699319020070245e-13,3.868703501295928e-13,7.107795092205621e-14,3.0881429451617935e-13,3.777672001351113e-13,7.695696138679292e-13,2.04071434100614e-12,8.41220886864101e-12,5.65093501777659e-12,1.7905653701319797e-13,4.745462007771464e-13,2.3987840234307453e-13,2.1001652042760986e-13,6.236102240503324e-13,1.7260781341409032e-13
392,1.3576899456216127e-13,9.867466466123497e-14,9.944937496236624e-14,5.517155406339592e-14,4.609652270950073e-14,5.699319020070245e-13,3.868703501295928e-13,7.107795092205621e-14,3.0881429451617935e-13,3.777672001351113e-13,7.695696138679292e-13,2.04071434100614e-12,8.41220886864101e-12,5.65093501777659e-12,1.7905653701319797e-13,4.1791716584746905e-13,2.3987840234307453e-13,2.1001652042760983e-13,6.236102240503324e-13,1.7260781341409032e-13
393,1.3576899456216127e-13,9.867466466123497e-14,9.944937496236624e-14,5.517155406339592e-14,4.609652270950073e-14,4.0367157650899427e-13,3.868703501295928e-13,7.107795092205621e-14,3.0881429451617935e-13,3.777672001351113e-13,7.695696138679292e-13,2.04071434100614e-12,8.41220886864101e-12,5.65093501777659e-12,1.7905653701319797e-13,4.1791716584746905e-13,2.3987840234307453e-13,2.1001652042760983e-13,6.236102240503324e-13,1.7260781341409032e-13
394,1.3576899456216127e-13,9.867466466123497e-14,9.944937496236624e-14,3.4570738955845635e-14,4.609652270950073e-14,4.0367157650899427e-13,3.868703501295928e-13,6.588627465404926e-14,3.0881429451617935e-13,3.777672001351113e-13,7.695696138679292e-13,2.04071434100614e-12,8.41220886864101e-12,5.65093501777659e-12,1.7905653701319797e-13,4.0893702468103637e-13,2.3987840234307453e-13,2.1001652042760983e-13,6.236102240503324e-13,1.7260781341409032e-13
395,1.3576899456216127e-13,9.867466466123497e-14,9.944937496236624e-14,3.4570738955845635e-14,4.609652270950073e-14,4.0367157650899427e-13,3.868703501295928e-13,6.384408427420785e-14,3.0881429451617935e-13,3.401225250868882e-13,7.695696138679292e-13,2.04071434100614e-12,8.41220886864101e-12,5.65093501777659e-12,1.5244402392956087e-13,4.0893702468103637e-13,2.3987840234307453e-13,2.1001652042760983e-13,6.236102240503324e-13,1.7260781341409032e-13
396,1.3576899456216127e-13,6.310442600426543e-14,9.944937496236624e-14,3.4570738955845635e-14,4.609652270950073e-14,4.0367157650899427e-13,3.868703501295928e-13,6.159114334853221e-14,3.0881429451617935e-13,3.401225250868882e-13,7.695696138679292e-13,2.0235168781503162e-12,8.41220886864101e-12,5.65093501777659e-12,1.5244402392956087e-13,4.0893702468103637e-13,2.3987840234307453e-13,2.1001652042760983e-13,6.236102240503324e-13,1.7260781341409032e-13
397,1.3576899456216127e-13,2.4164193158597157e-14,9.944937496236624e-14,3.4570738955845635e-14,4.609652270950073e-14,4.0367157650899427e-13,3.868703501295928e-13,5.841338869966769e-14,3.0881429451617935e-13,3.401225250868882e-13,7.695696138679292e-13,2.0235168781503162e-12,8.41220886864101e-12,5.65093501777659e-12,1.5244402392956087e-13,4.086267759070232e-13,2.3987840234307453e-13,2.1001652042760983e-13,6.236102240503324e-13,1.7260781341409032e-13
398,1.3576899456216127e-13,2.4164193158597157e-14,9.944937496236624e-14,3.4570738955845635e-14,4.609652270950073e-14,3.757444770560402e-13,3.868703501295928e-13,5.841338869966769e-14,3.0881429451617935e-13,3.401225250868882e-13,7.695696138679292e-13,2.0235168781503162e-12,8.41220886864101e-12,5.65093501777659e-12,1.5244402392956087e-13,4.086267759070232e-13,2.3987840234307453e-13,2.1001652042760983e-13,6.236102240503324e-13,1.7260781341409032e-13
399,1.3463416692597525e-13,2.4164193158597157e-14,9.944937496236624e-14,3.4570738955845635e-14,4.609652270950073e-14,3.757444770560402e-13,3.868703501295928e-13,5.841338869966769e-14,3.0881429451617935e-13,3.401225250868882e-13,7.695696138679292e-13,2.0235168781503162e-12,8.41220886864101e-12,5.65093501777659e-12,1.5244402392956087e-13,4.086267759070232e-13,2.3987840234307453e-13,2.1001652042760983e-13,6.236102240503324e-13,1.7260781341409032e-13
400,1.3133005611148043e-13,2.4164193158597157e-14,9.944937496236624e-14,3.4570738955845635e-14,4.609652270950073e-14,3.757444770560402e-13,3.868703501295928e-13,5.841338869966769e-14,3.0881429451617935e-13,3.401225250868882e-13,7.695696138679292e-13,2.0235168781503162e-12,8.41220886864101e-12,5.65093501777659e-12,1.5244402392956087e-13,4.086267759070232e-13,2.3987840234307453e-13,2.1001652042760983e-13,6.236102240503324e-13,1.7260781341409032e-13
401,1.3133005611148043e-13,2.4164193158597157e-14,9.944937496236624e-14,3.4570738955845635e-14,4.609652270950073e-14,3.757444770560402e-13,3.868703501295928e-13,5.841338869966769e-14,3.0881429451617935e-13,3.401225250868882e-13,7.695696138679292e-13,2.0235168781503162e-12,8.41220886864101e-12,5.65093501777659e-12,1.5244402392956087e-13,4.086267759070232e-13,2.3987840234307453e-13,2.1001652042760983e-13,6.236102240503324e-13,1.7260781341409032e-13
402,9.015788155795814e-14,2.4164193158597157e-14,9.944937496236624e-14,3.4570738955845635e-14,4.609652270950073e-14,3.757444770560402e-13,3.868703501295928e-13,5.841338869966769e-14,3.0881429451617935e-13,3.401225250868882e-13,7.695696138679292e-13,2.0235168781503162e-12,8.41220886864101e-12,5.65093501777659e-12,1.5244402392956087e-13,4.086267759070232e-13,1.3201438807422755e-13,1.5543731109755948e-13,6.236102240503324e-13,1.7260781341409032e-13
403,9.015788155795814e-14,2.4164193158597157e-14,9.944937496236624e-14,3.4570738955845635e-14,4.609652270950073e-14,3.757444770560402e-13,3.868703501295928e-13,5.841338869966769e-14,3.0881429451617935e-13,3.401225250868882e-13,7.695696138679292e-13,2.0235168781503162e-12,8.41220886864101e-12,5.65093501777659e-12,1.5244402392956087e-13,4.086267759070232e-13,1.3201438807422755e-13,1.5543731109755948e-13,6.236102240503324e-13,1.7260781341409032e-13
404,9.015788155795814e-14,2.4164193158597157e-14,8.8516401407355e-14,3.4570738955845635e-14,4.609652270950073e-14,3.757444770560402e-13,3.868703501295928e-13,5.841338869966769e-14,3.0881429451617935e-13,3.401225250868882e-13,7.695696138679292e-13,2.0235168781503162e-12,8.41220886864101e-12,5.65093501777659e-12,1.5244402392956087e-13,4.086267759070232e-13,1.3201438807422755e-13,1.5543731109755948e-13,6.236102240503324e-13,1.7260781341409032e-13
405,9.015788155795814e-14,2.4164193158597157e-14,8.8516401407355e-14,3.4570738955845635e-14,4.609652270950073e-14,3.757444770560402e-13,3.868703501295928e-13,5.841338869966769e-14,3.0881429451617935e-13,3.401225250868882e-13,7.695696138679292e-13,2.0235168781503162e-12,8.41220886864101e-12,5.65093501777659e-12,1.486904215086297e-13,4.086267759070232e-13,1.3201438807422755e-13,1.2479329347154977e-13,6.236102240503324e-13,1.7260781341409032e-13
406,9.015788155795814e-14,2.4164193158597157e-14,8.8516401407355e-14,3.4570738955845635e-14,4.609652270950073e-14,3.698093852705848e-13,3.868703501295928e-13,5.841338869966769e-14,3.0881429451617935e-13,3.401225250868882e-13,7.695696138679292e-13,2.0235168781503162e-12,8.41220886864101e-12,5.65093501777659e-12,1.486904215086297e-13,4.086267759070232e-13,1.3201438807422755e-13,1.2479329347154977e-13,6.236102240503324e-13,1.6678801592516542e-13
407,9.015788155795814e-14,2.4164193158597157e-14,8.8516401407355e-14,3.4570738955845635e-14,4.609652270950073e-14,3.698093852705848e-13,3.868703501295928e-13,5.841338869966769e-14,3.0881429451617935e-13,3.401225250868882e-13,7.695696138679292e-13,2.0235168781503162e-12,8.41220886864101e-12,5.65093501777659e-12,1.486904215086297e-13,4.086267759070232e-13,1.3201438807422755e-13,1.2479329347154977e-13,6.236102240503324e-13,1.6678801592516542e-13
408,9.015788155795814e-14,2.3186646175153956e-14,8.8516401407355e-14,3.4570738955845635e-14,4.609652270950073e-14,3.698093852705848e-13,3.868703501295928e-13,5.841338869966769e-14,3.0881429451617935e-13,3.401225250868882e-13,7.695696138679292e-13,2.0235168781503162e-12,5.384166981824414e-12,5.65093501777659e-12,1.3710451086430057e-13,4.086267759070232e-13,1.3201438807422755e-13,1.2479329347154977e-13,6.236102240503324e-13,1.6678801592516542e-13
409,9.015788155795814e-14,2.3186646175153956e-14,8.8516401407355e-14,3.4570738955845635e-14,4.609652270950073e-14,2.7190300824900433e-13,3.868703501295928e-13,5.841338869966769e-14,3.0881429451617935e-13,3.401225250868882e-13,7.695696138679292e-13,2.0235168781503162e-12,5.384166981824414e-12,5.65093501777659e-12,1.3710451086430057e-13,4.086267759070232e-13,1.3201438807422755e-13,1.2479329347154977e-13,6.236102240503324e-13,1.6678801592516542e-13
410,9.015788155795814e-14,2.3186646175153956e-14,8.8516401407355e-14,3.4570738955845635e-14,4.058043943156834e-14,2.7190300824900433e-13,3.868703501295928e-13,5.841338869966769e-14,3.0881429451617935e-13,3.401225250868882e-13,7.695696138679292e-13,2.0235168781503162e-12,5.384166981824414e-12,5.65093501777659e-12,1.3710451086430057e-13,4.086267759070232e-13,1.3201438807422755e-13,1.2479329347154977e-13,6.236102240503324e-13,1.6678801592516542e-13
411,9.015788155795814e-14,2.3186646175153956e-14,8.8516401407355e-14,3.4570738955845635e-14,4.055789293921639e-14,2.7190300824900433e-13,3.868703501295928e-13,5.841338869966769e-14,3.0881429451617935e-13,3.401225250868882e-13,7.695696138679292e-13,2.0235168781503162e-12,5.384166981824414e-12,5.65093501777659e-12,1.3710451086430057e-13,4.086267759070232e-13,1.3201438807422755e-13,1.2479329347154977e-13,6.236102240503324e-13,1.6678801592516542e-13
412,9.015788155795814e-14,2.3186646175153956e-14,8.8516401407355e-14,3.4570738955845635e-14,4.055789293921639e-14,2.7190300824900433e-13,3.868703501295928e-13,5.841338869966769e-14,2.2744012430245426e-13,3.401225250868882e-13,7.695696138679292e-13,2.0235168781503162e-12,5.384166981824414e-12,5.65093501777659e-12,1.3710451086430057e-13,4.086267759070232e-13,1.3201438807422755e-13,1.2479329347154977e-13,6.236102240503324e-13,1.6678801592516542e-13
413,9.015788155795814e-14,2.3186646175153956e-14,8.8516401407355e-14,3.4570738955845635e-14,4.055789293921639e-14,2.7190300824900433e-13,3.868703501295928e-13,5.841338869966769e-14,2.2744012430245426e-13,3.401225250868882e-13,7.695696138679292e-13,2.0235168781503162e-12,5.382265907107519e-12,5.65093501777659e-12,1.3710451086430057e-13,4.086267759070232e-13,1.3201438807422755e-13,1.2479329347154977e-13,6.236102240503324e-13,1.6678801592516542e-13
414,9.015788155795814e-14,2.3186646175153956e-14,8.8516401407355e-14,3.4570738955845635e-14,4.055789293921639e-14,2.7190300824900433e-13,3.868703501295928e-13,5.841338869966769e-14,2.2744012430245426e-13,3.401225250868882e-13,7.695696138679292e-13,2.0235168781503162e-12,5.382265907107519e-12,5.65093501777659e-12,1.3710451086430057e-13,4.086267759070232e-13,1.3201438807422755e-13,1.2479329347154977e-13,4.422395110566216e-13,1.6678801592516542e-13
415,9.015788155795814e-14,2.3186646175153956e-14,8.8516401407355e-14,3.4570738955845635e-14,4.055789293921639e-14,2.7190300824900433e-13,3.868703501295928e-13,5.841338869966769e-14,2.2744012430245426e-13,3.401225250868882e-13,7.695696138679292e-13,2.0235168781503162e-12,5.382265907107519e-12,5.65093501777659e-12,1.3710451086430057e-13,4.086267759070232e-13,1.3201438807422755e-13,1.2479329347154977e-13,4.422395110566216e-13,1.6678801592516542e-13
416,9.015788155795814e-14,2.3186646175153956e-14,8.8516401407355e-14,3.4570738955845635e-14,4.055789293921639e-14,2.7190300824900433e-13,3.868703501295928e-13,5.841338869966769e-14,2.2744012430245426e-13,3.401225250868882e-13,7.695696138679292e-13,2.0235168781503162e-12,5.3822527328226616e-12,5.65093501777659e-12,1.3710451086430057e-13,4.086267759070232e-13,1.3201438807422755e-13,1.2479329347154977e-13,4.422395110566216e-13,1.577785732994432e-13
417,9.015788155795814e-14,2.3186646175153956e-14,8.8516401407355e-14,3.4570738955845635e-14,4.055789293921639e-14,2.7190300824900433e-13,3.868703501295928e-13,5.841338869966769e-14,2.2744012430245426e-13,3.401225250868882e-13,7.695696138679292e-13,2.0235168781503162e-12,5.3822527328226616e-12,5.65093501777659e-12,1.3710451086430057e-13,4.086267759070232e-13,1.3201438807422755e-13,1.2479329347154977e-13,4.422395110566216e-13,1.577785732994432e-13
418,9.015788155795814e-14,2.3186646175153956e-14,8.8516401407355e-14,3.4570738955845635e-14,4.055789293921639e-14,2.563101941643797e-13,3.868703501295928e-13,5.841338869966769e-14,2.2744012430245426e-13,3.401225250868882e-13,7.695696138679292e-13,2.0235168781503162e-12,5.3822527328226616e-12,5.65093501777659e-12,1.3710451086430057e-13,4.086267759070232e-13,1.3201438807422755e-13,1.2479329347154977e-13,4.422395110566216e-13,1.577785732994432e-13
419,9.015788155795814e-14,2.3186646175153956e-14,8.8516401407355e-14,3.4570738955845635e-14,4.055789293921639e-14,1.885916383266303e-13,3.868703501295928e-13,5.841338869966769e-14,2.2744012430245426e-13,3.252095449421284e-13,7.219305591663875e-13,2.0235168781503162e-12,5.3822527328226616e-12,5.65093501777659e-12,1.3710451086430057e-13,4.086267759070232e-13,1.3201438807422755e-13,1.2479329347154977e-13,4.422395110566216e-13,1.577785732994432e-13
420,9.015788155795814e-14,2.3186646175153956e-14,8.8516401407355e-14,3.4570738955845635e-14,4.055789293921639e-14,1.885916383266303e-13,3.868703501295928e-13,5.841338869966769e-14,2.2744012430245426e-13,3.252095449421284e-13,7.219305591663875e-13,2.0235168781503162e-12,5.3822527328226616e-12,5.2999649802789354e-12,1.3710451086430057e-13,4.086267759070232e-13,1.3201438807422755e-13,1.2479329347154977e-13,4.422395110566216e-13,1.497749497893841e-13
421,9.015788155795814e-14,2.3186646175153956e-14,8.8516401407355e-14,3.4570738955845635e-14,4.055789293921639e-14,1.885916383266303e-13,3.868703501295928e-13,5.841338869966769e-14,2.2425727815016195e-13,3.252095449421284e-13,7.219305591663874e-13,2.0235168781503162e-12,5.3822527328226616e-12,5.2999649802789354e-12,1.3710451086430057e-13,4.086267759070232e-13,1.3201438807422755e-13,1.2479329347154977e-13,4.422395110566216e-13,6.035987553106028e-14
422,6.409758466148004e-14,2.3186646175153956e-14,8.8516401407355e-14,3.4570738955845635e-14,4.055789293921639e-14,1.885916383266303e-13,3.868703501295928e-13,5.841338869966769e-14,1.72229504019859e-13,3.252095449421284e-13,7.219305591663874e-13,2.0235168781503162e-12,5.3822527328226616e-12,5.2999649802789354e-12,1.3710451086430057e-13,4.086267759070232e-13,1.3201438807422755e-13,1.2479329347154977e-13,4.422395110566216e-13,6.035987553106028e-14
423,6.409758466148004e-14,2.1686508778449555e-14,8.8516401407355e-14,3.4570738955845635e-14,4.055789293921639e-14,1.885916383266303e-13,3.868703501295928e-13,5.841338869966769e-14,1.5648913282042372e-13,3.252095449421284e-13,7.219305591663874e-13,2.0235168781503162e-12,5.3822527328226616e-12,5.2999649802789354e-12,1.3710451086430057e-13,4.086267759070232e-13,1.3201438807422755e-13,1.2479329347154977e-13,4.422395110566216e-13,6.035987553106028e-14
424,6.409758466148004e-14,2.1686508778449555e-14,8.8516401407355e-14,3.4570738955845635e-14,4.055789293921639e-14,1.885916383266303e-13,3.868703501295928e-13,5.841338869966769e-14,1.5648913282042372e-13,3.252095449421284e-13,7.219305591663874e-13,2.0235168781503162e-12,5.3822527328226616e-12,5.2999649802789354e-12,1.3710451086430057e-13,4.086267759070232e-13,1.3201438807422755e-13,1.2479329347154977e-13,4.422395110566216e-13,6.035987553106028e-14
425,6.409758466148004e-14,2.1686508778449555e-14,8.8516401407355e-14,3.4570738955845635e-14,4.055789293921639e-14,1.885916383266303e-13,3.868703501295928e-13,5.841338869966769e-14,1.5648913282042372e-13,3.252095449421284e-13,7.219305591663874e-13,2.0235168781503162e-12,5.3822527328226616e-12,5.2999649802789354e-12,1.3710451086430057e-13,4.086267759070232e-13,1.3201438807422755e-13,1.2479329347154977e-13,4.422395110566216e-13,6.035987553106028e-14
426,6.409758466148004e-14,2.1686508778449555e-14,8.8516401407355e-14,3.4570738955845635e-14,4.055789293921639e-14,1.885916383266303e-13,3.868703501295928e-13,5.841338869966769e-14,1.5648913282042372e-13,3.252095449421284e-13,7.219305591663874e-13,1.6103297206905307e-12,5.3822527328226616e-12,5.2999649802789354e-12,1.3710451086430057e-13,4.086267759070232e-13,1.130856836592477e-13,1.2479329347154977e-13,4.422395110566216e-13,6.035987553106028e-14
427,6.409758466148004e-14,2.1686508778449555e-14,8.8516401407355e-14,3.4570738955845635e-14,4.055789293921639e-14,1.885916383266303e-13,3.868703501295928e-13,5.841338869966769e-14,1.5648913282042372e-13,3.252095449421284e-13,7.219305591663874e-13,1.6103297206905307e-12,5.292360439601283e-12,5.2999649802789354e-12,1.3710451086430057e-13,4.086267759070232e-13,1.130856836592477e-13,8.167437106039401e-14,4.422395110566216e-13,6.035987553106028e-14
428,6.409758466148004e-14,2.1686508778449555e-14,8.8516401407355e-14,3.4570738955845635e-14,4.055789293921639e-14,1.885916383266303e-13,3.868703501295928e-13,5.841338869966769e-14,1.5648913282042372e-13,3.252095449421284e-13,7.219305591663874e-13,1.6103297206905307e-12,5.292360439601283e-12,5.2999649802789354e-12,1.2290739234230777e-13,4.0862677590702313e-13,1.130856836592477e-13,8.167437106039401e-14,4.422395110566216e-13,6.035987553106028e-14
429,6.409758466148004e-14,1.1228525140619024e-14,8.8516401407355e-14,3.4570738955845635e-14,4.055789293921639e-14,1.885916383266303e-13,3.868703501295928e-13,5.841338869966769e-14,1.5648913282042372e-13,2.4317956994599233e-13,7.219305591663874e-13,1.562080542499786e-12,5.292360439601283e-12,5.1207373762275376e-12,1.2290739234230777e-13,4.0862677590702313e-13,1.130856836592477e-13,8.167437106039401e-14,3.684020228991709e-13,6.035987553106028e-14
430,6.304824003364567e-14,1.1228525140619024e-14,8.8516401407355e-14,3.4570738955845635e-14,4.055789293921639e-14,1.885916383266303e-13,3.868703501295928e-13,5.841338869966769e-14,1.5648913282042372e-13,2.4317956994599233e-13,7.219305591663874e-13,1.562080542499786e-12,5.292360439601283e-12,5.1207373762275376e-12,1.22060773120648e-13,4.0862677590702313e-13,1.130856836592477e-13,8.167437106039401e-14,3.684020228991709e-13,6.035987553106028e-14
431,6.304824003364567e-14,1.1228525140619024e-14,8.8516401407355e-14,3.4570738955845635e-14,4.055789293921639e-14,1.885916383266303e-13,3.868703501295928e-13,5.841338869966769e-14,1.5648913282042372e-13,2.4317956994599233e-13,7.219305591663874e-13,1.562080542499786e-12,5.292360439601283e-12,5.1207373762275376e-12,1.22060773120648e-13,4.0862677590702313e-13,1.130856836592477e-13,8.167437106039401e-14,3.684020228991709e-13,6.035987553106028e-14
432,6.304824003364567e-14,1.1228525140619024e-14,8.8516401407355e-14,3.4570738955845635e-14,4.055789293921639e-14,1.6753949848060957e-13,3.868703501295928e-13,5.841338869966769e-14,1.5648913282042372e-13,2.4317956994599233e-13,7.219305591663874e-13,1.562080542499786e-12,5.292360439601283e-12,5.1207373762275376e-12,1.22060773120648e-13,4.0862677590702313e-13,1.130856836592477e-13,8.167437106039401e-14,3.684020228991709e-13,6.035987553106028e-14
433,5.2592078145858884e-14,1.1228525140619024e-14,8.8516401407355e-14,3.4570738955845635e-14,4.055789293921639e-14,1.6753949848060957e-13,3.868703501295928e-13,5.841338869966769e-14,1.5648913282042372e-13,2.4317956994599233e-13,7.219305591663874e-13,1.55813104619186e-12,4.892296201170118e-12,5.1207373762275376e-12,1.22060773120648e-13,4.0862677590702313e-13,1.130856836592477e-13,8.167437106039401e-14,3.684020228991709e-13,6.035987553106028e-14
434,5.2592078145858884e-14,1.1228525140619024e-14,8.8516401407355e-14,3.4570738955845635e-14,4.055789293921639e-14,1.6753949848060957e-13,3.168865547255989e-13,5.841338869966769e-14,1.5648913282042372e-13,2.2093576035861412e-13,7.219305591663874e-13,6.58791944594688e-13,4.892296201170118e-12,5.1207373762275376e-12,1.22060773120648e-13,4.0862677590702313e-13,1.130856836592477e-13,8.167437106039401e-14,3.684020228991709e-13,6.035987553106028e-14
435,5.2592078145858884e-14,1.1228525140619024e-14,8.8516401407355e-14,3.4570738955845635e-14,4.055789293921639e-14,1.6753949848060957e-13,3.168865547255989e-13,5.841338869966769e-14,1.5648913282042372e-13,1.7484962001833795e-13,7.219305591663874e-13,6.58791944594688e-13,2.7837253351171334e-12,5.1207373762275376e-12,1.22060773120648e-13,4.0862677590702313e-13,1.130856836592477e-13,8.167437106039401e-14,3.684020228991709e-13,6.035987553106028e-14
436,3.271622046901985e-14,7.86665412296269e-15,8.8516401407355e-14,3.4570738955845635e-14,4.055789293921639e-14,1.6753949848060957e-13,3.168865547255989e-13,5.841338869966769e-14,1.5648913282042372e-13,1.7484962001833795e-13,7.219305591663874e-13,5.543989882728777e-13,2.7837253351171334e-12,5.1207373762275376e-12,1.22060773120648e-13,4.0862677590702313e-13,1.130856836592477e-13,8.167437106039401e-14,3.684020228991709e-13,6.035987553106028e-14
437,3.271622046901985e-14,7.86665412296269e-15,8.8516401407355e-14,3.4570738955845635e-14,4.055789293921639e-14,1.6753949848060957e-13,3.168865547255989e-13,5.841338869966769e-14,1.2642918145537523e-13,1.7484962001833795e-13,7.219305591663874e-13,5.543989882728777e-13,2.7837253351171334e-12,5.1207373762275376e-12,1.22060773120648e-13,4.0862677590702313e-13,1.130856836592477e-13,8.167437106039401e-14,3.684020228991709e-13,6.035987553106028e-14
438,3.271622046901985e-14,7.86665412296269e-15,8.8516401407355e-14,3.4570738955845635e-14,4.055789293921639e-14,1.6753949848060957e-13,3.168865547255989e-13,5.841338869966769e-14,1.2642918145537523e-13,1.7484962001833795e-13,7.158363053133686e-13,5.543989882728777e-13,2.7837253351171334e-12,5.1207373762275376e-12,1.22060773120648e-13,4.0862677590702313e-13,1.130856836592477e-13,8.167437106039401e-14,3.684020228991709e-13,6.035987553106028e-14
439,3.271622046901985e-14,7.86665412296269e-15,8.8516401407355e-14,3.4570738955845635e-14,4.055789293921639e-14,1.6753949848060957e-13,1.6444750596880683e-13,5.841338869966769e-14,1.2642918145537523e-13,1.7484962001833795e-13,7.158363053133686e-13,5.543989882728777e-13,2.7837253351171334e-12,5.1207373762275376e-12,1.22060773120648e-13,4.0862677590702313e-13,1.130856836592477e-13,8.167437106039401e-14,3.684020228991709e-13,6.035987553106028e-14
440,3.271622046901985e-14,7.86665412296269e-15,8.8516401407355e-14,3.4570738955845635e-14,4.055789293921639e-14,1.6753949848060957e-13,1.6306947340963075e-13,5.841338869966769e-14,1.2642918145537523e-13,1.7484962001833795e-13,6.917796470674329e-13,4.504107056020711e-13,2.7837253351171334e-12,5.1207373762275376e-12,1.1313090992524791e-13,4.0862677590702313e-13,1.130856836592477e-13,8.167437106039401e-14,3.684020228991709e-13,6.035987553106028e-14
441,3.271622046901985e-14,7.86665412296269e-15,8.8516401407355e-14,3.4570738955845635e-14,4.055789293921639e-14,1.6753949848060957e-13,1.6306947340963075e-13,5.841338869966769e-14,1.2642918145537523e-13,1.7484962001833795e-13,6.688802430026771e-13,4.504107056020711e-13,1.9174264385955973e-12,5.1207373762275376e-12,1.1313090992524791e-13,4.0862677590702313e-13,1.130856836592477e-13,8.167437106039401e-14,3.684020228991709e-13,6.035987553106028e-14
442,3.271622046901985e-14,7.86665412296269e-15,8.8516401407355e-14,3.4570738955845635e-14,4.055789293921639e-14,1.6753949848060957e-13,1.6306947340963075e-13,5.841338869966769e-14,1.2642918145537523e-13,1.7484962001833795e-13,6.688802430026771e-13,4.504107056020711e-13,1.8696331455986594e-12,5.1207373762275376e-12,1.1313090992524791e-13,4.0862677590702313e-13,1.130856836592477e-13,8.167437106039401e-14,3.684020228991709e-13,6.035987553106028e-14
443,3.271622046901985e-14,7.86665412296269e-15,8.8516401407355e-14,3.4570738955845635e-14,4.055789293921639e-14,1.6753949848060957e-13,1.6306947340963075e-13,5.841338869966769e-14,1.2642918145537523e-13,1.7484962001833795e-13,6.688802430026771e-13,4.504107056020711e-13,1.8696331455986594e-12,5.1207373762275376e-12,1.1313090992524791e-13,4.0862677590702313e-13,1.130856836592477e-13,8.167437106039401e-14,3.684020228991709e-13,6.035987553106028e-14
444,3.271622046901985e-14,7.86665412296269e-15,8.8516401407355e-14,3.4570738955845635e-14,4.055789293921639e-14,1.6753949848060957e-13,1.6306947340963075e-13,5.841338869966769e-14,1.2642918145537523e-13,1.7484962001833795e-13,6.603224407403887e-13,4.2773177298270626e-13,1.4402564992322237e-12,5.1207373762275376e-12,1.1313090992524791e-13,4.0862677590702313e-13,1.130856836592477e-13,8.167437106039401e-14,3.684020228991709e-13,6.035987553106028e-14
445,3.271622046901985e-14,7.86665412296269e-15,8.8516401407355e-14,3.4570738955845635e-14,4.055789293921639e-14,1.6753949848060957e-13,1.6306947340963075e-13,5.841338869966769e-14,1.2642918145537523e-13,1.7484962001833795e-13,5.23477380432808e-13,4.2773177298270626e-13,7.941076880809352e-13,5.1207373762275376e-12,1.1313090992524791e-13,4.0862677590702313e-13,1.130856836592477e-13,8.167437106039401e-14,3.684020228991709e-13,6.035987553106028e-14
446,3.271622046901985e-14,7.86665412296269e-15,8.8516401407355e-14,3.4570738955845635e-14,4.055789293921639e-14,1.6753949848060957e-13,1.6306947340963075e-13,5.841338869966769e-14,1.2642918145537523e-13,1.7484962001833795e-13,5.23477380432808e-13,3.850754385717919e-13,7.941076880809352e-13,5.1207373762275376e-12,1.1313090992524791e-13,4.0862677590702313e-13,1.130856836592477e-13,8.167437106039401e-14,3.684020228991709e-13,6.035987553106028e-14
447,3.271622046901985e-14,7.86665412296269e-15,8.8516401407355e-14,3.4570738955845635e-14,4.055789293921639e-14,1.6753949848060957e-13,1.6306947340963075e-13,5.841338869966769e-14,1.2642918145537523e-13,1.7484962001833795e-13,5.23477380432808e-13,3.850754385717919e-13,7.941076880809352e-13,3.0684489187778793e-12,1.1313090992524791e-13,4.0862677590702313e-13,1.130856836592477e-13,8.167437106039401e-14,3.684020228991709e-13,6.035987553106028e-14
448,3.271622046901985e-14,7.86665412296269e-15,8.8516401407355e-14,3.4570738955845635e-14,4.055789293921639e-14,1.6753949848060957e-13,1.6306947340963075e-13,5.841338869966769e-14,1.2642918145537523e-13,1.7484962001833795e-13,5.23477380432808e-13,3.850754385717919e-13,7.675581780214414e-13,3.0684489187778793e-12,1.1313090992524791e-13,4.0862677590702313e-13,1.130856836592477e-13,8.167437106039401e-14,3.684020228991709e-13,6.035987553106028e-14
449,3.271622046901985e-14,7.86665412296269e-15,8.8516401407355e-14,3.4570738955845635e-14,4.055789293921639e-14,1.6753949848060957e-13,1.6306947340963075e-13,5.841338869966769e-14,1.2642918145537523e-13,1.7058495744646634e-13,5.23477380432808e-13,3.850754385717919e-13,7.675581780214414e-13,2.671055448923193e-12,1.1313090992524791e-13,4.0240690456156946e-13,1.130856836592477e-13,8.167437106039401e-14,3.5970471345866554e-13,6.035987553106028e-14
450,3.271622046901985e-14,7.86665412296269e-15,8.8516401407355e-14,3.4570738955845635e-14,4.055789293921639e-14,1.6753949848060957e-13,1.6306947340963075e-13,5.841338869966769e-14,1.2642918145537523e-13,1.7058495744646634e-13,5.23477380432808e-13,3.850754385717919e-13,7.675581780214414e-13,2.671055448923193e-12,1.1313090992524791e-13,4.0240690456156946e-13,1.130856836592477e-13,8.167437106039401e-14,1.9813188370604382e-13,6.035987553106028e-14
451,3.271622046901985e-14,7.86665412296269e-15,8.8516401407355e-14,3.4570738955845635e-14,4.055789293921639e-14,1.6753949848060957e-13,1.6306947340963075e-13,5.841338869966769e-14,1.2642918145537523e-13,1.7058495744646634e-13,5.23477380432808e-13,3.850754385717919e-13,7.675581780214414e-13,2.671055448923193e-12,1.1313090992524791e-13,4.0240690456156946e-13,1.130856836592477e-13,8.167437106039401e-14,1.9813188370604382e-13,6.035987553106028e-14
452,3.271622046901985e-14,7.86665412296269e-15,8.8516401407355e-14,3.4570738955845635e-14,4.055789293921639e-14,1.4916668282066176e-13,1.6306947340963075e-13,5.841338869966769e-14,1.2642918145537523e-13,1.6253668207530798e-13,5.23477380432808e-13,3.6040083846533844e-13,7.675581780214414e-13,2.671055448923193e-12,1.1313090992524791e-13,4.0240690456156935e-13,9.751889776435896e-14,8.167437106039401e-14,1.9813188370604382e-13,6.035987553106028e-14
453,3.271622046901985e-14,7.86665412296269e-15,8.8516401407355e-14,3.457073895584562e-14,4.055789293921639e-14,1.4916668282066176e-13,1.6134012525479475e-13,5.841338869966769e-14,1.2642918145537523e-13,1.5375952759204398e-13,5.23477380432808e-13,3.420522400898078e-13,7.675581780214414e-13,2.405144947654998e-12,1.1313090992524791e-13,4.0240690456156935e-13,9.751889776435896e-14,8.167437106039401e-14,1.7525785449718714e-13,6.035987553106028e-14
454,3.271622046901985e-14,7.86665412296269e-15,8.8516401407355e-14,3.457073895584562e-14,4.055789293921639e-14,1.4916668282066176e-13,1.6134012525479475e-13,5.841338869966769e-14,1.2642918145537523e-13,1.5375952759204398e-13,5.23477380432808e-13,3.420522400898078e-13,7.675581780214414e-13,2.3823244239889426e-12,1.1313090992524791e-13,2.7203217244942367e-13,9.751889776435896e-14,8.167437106039401e-14,1.7525785449718714e-13,6.035987553106028e-14
455,3.271622046901985e-14,7.86665412296269e-15,8.8516401407355e-14,3.457073895584562e-14,4.055789293921639e-14,1.4916668282066176e-13,1.6134012525479475e-13,5.841338869966769e-14,1.2642918145537523e-13,1.5375952759204398e-13,5.23477380432808e-13,3.420522400898078e-13,7.675581780214414e-13,2.3823244239889426e-12,1.1313090992524791e-13,2.7203217244942367e-13,9.751889776435896e-14,8.167437106039401e-14,1.7525785449718714e-13,6.035987553106028e-14
456,3.271622046901985e-14,7.86665412296269e-15,8.8516401407355e-14,3.457073895584562e-14,4.055789293921639e-14,1.4916668282066176e-13,1.6134012525479475e-13,5.841338869966769e-14,1.2642918145537523e-13,1.5087359983803747e-13,5.23477380432808e-13,3.420522400898078e-13,7.675581780214414e-13,2.3823244239889426e-12,1.1313090992524791e-13,2.7203217244942367e-13,9.751889776435896e-14,8.167437106039401e-14,1.7525785449718714e-13,6.035987553106028e-14
457,3.271622046901985e-14,7.86665412296269e-15,8.8516401407355e-14,3.457073895584562e-14,4.055789293921639e-14,1.4916668282066176e-13,1.6134012525479475e-13,5.841338869966769e-14,1.2642918145537523e-13,1.5070497393564554e-13,5.23477380432808e-13,3.420522400898078e-13,7.675581780214414e-13,2.372360701450049e-12,1.1313090992524791e-13,2.7203217244942367e-13,9.751889776435896e-14,8.167437106039401e-14,1.7525785449718714e-13,6.035987553106028e-14
458,3.271622046901985e-14,7.86665412296269e-15,8.8516401407355e-14,3.457073895584562e-14,4.055789293921639e-14,1.4916668282066176e-13,1.6099682775392448e-13,5.841338869966769e-14,1.2642918145537523e-13,1.5070497393564554e-13,5.23477380432808e-13,3.420522400898078e-13,7.675581780214414e-13,2.372360701450049e-12,1.0722047034439727e-13,2.7203217244942367e-13,9.751889776435896e-14,8.167437106039401e-14,1.7525785449718714e-13,6.035987553106028e-14
459,3.271622046901985e-14,7.86665412296269e-15,8.8516401407355e-14,3.457073895584562e-14,4.055789293921639e-14,1.4916668282066176e-13,1.6099682775392448e-13,5.841338869966769e-14,1.2642918145537523e-13,1.5070497393564554e-13,4.05696016528162e-13,3.420522400898078e-13,7.675581780214414e-13,2.372360701450049e-12,1.0722047034439727e-13,2.7203217244942367e-13,9.751889776435896e-14,8.167437106039401e-14,1.7525785449718714e-13,6.035987553106028e-14
460,3.271622046901985e-14,7.86665412296269e-15,8.8516401407355e-14,3.457073895584562e-14,4.055789293921639e-14,1.3376505972397156e-13,1.6099682775392448e-13,5.841338869966769e-14,1.2642918145537523e-13,1.5070497393564554e-13,4.05696016528162e-13,3.420522400898078e-13,7.675581780214414e-13,2.372360701450049e-12,1.0722047034439727e-13,2.7203217244942367e-13,9.751889776435896e-14,8.167437106039401e-14,1.7525785449718714e-13,6.035987553106028e-14
461,3.271622046901985e-14,7.86665412296269e-15,8.8516401407355e-14,3.457073895584562e-14,4.055789293921639e-14,1.3376505972397156e-13,1.5877875370739007e-13,5.841338869966769e-14,1.2642918145537523e-13,1.5070497393564554e-13,4.05696016528162e-13,3.420522400898078e-13,7.675581780214414e-13,2.372360701450049e-12,1.0722047034439727e-13,2.7203217244942367e-13,9.751889776435896e-14,8.167437106039401e-14,1.7525785449718714e-13,6.035987553106028e-14
462,3.271622046901985e-14,7.86665412296269e-15,7.516633749080194e-14,3.457073895584562e-14,4.055789293921639e-14,1.3376505972397156e-13,1.5877875370739007e-13,5.841338869966769e-14,1.2642918145537523e-13,1.5070497393564554e-13,4.05696016528162e-13,3.420522400898078e-13,7.675581780214414e-13,2.372360701450049e-12,1.0722047034439727e-13,2.7203217244942367e-13,9.751889776435896e-14,8.167437106039401e-14,1.7525785449718714e-13,6.035987553106028e-14
463,3.271622046901985e-14,7.86665412296269e-15,7.516633749080194e-14,3.453850270180798e-14,4.055789293921639e-14,1.3376505972397156e-13,1.5877875370739007e-13,5.841338869966769e-14,1.2642918145537523e-13,1.5070497393564554e-13,4.055944255332496e-13,3.420522400898078e-13,7.675581780214414e-13,2.372360701450049e-12,1.0722047034439727e-13,2.7203217244942367e-13,9.751889776435896e-14,8.167437106039401e-14,1.7525785449718714e-13,6.035987553106028e-14
464,3.271622046901985e-14,7.86665412296269e-15,7.516633749080194e-14,3.453850270180798e-14,4.055789293921639e-14,1.3376505972397156e-13,1.5877875370739007e-13,5.841338869966769e-14,1.2642918145537523e-13,1.5070497393564554e-13,4.055944255332496e-13,3.420522400898078e-13,7.675581780214414e-13,2.372360701450049e-12,1.0722047034439727e-13,2.7203217244942367e-13,9.751889776435896e-14,8.167437106039401e-14,1.7525785449718714e-13,6.035987553106028e-14
465,3.271622046901985e-14,7.86665412296269e-15,7.516633749080194e-14,3.453850270180798e-14,4.055789293921639e-14,1.3376505972397156e-13,1.5877875370739007e-13,5.841338869966769e-14,1.2642918145537523e-13,1.5070497393564554e-13,4.055944255332496e-13,3.420522400898078e-13,7.675581780214414e-13,2.372360701450049e-12,1.0722047034439727e-13,2.7203217244942367e-13,9.751889776435896e-14,8.167437106039401e-14,1.7525785449718714e-13,6.035987553106028e-14
466,3.271622046901985e-14,7.86665412296269e-15,7.516633749080194e-14,3.453850270180798e-14,4.055789293921639e-14,1.3376505972397156e-13,1.5877875370739007e-13,5.841338869966769e-14,1.2642918145537523e-13,1.5070497393564554e-13,4.055944255332496e-13,3.420522400898078e-13,7.675581780214414e-13,2.372360701450049e-12,1.0722047034439727e-13,2.7203217244942367e-13,9.751889776435896e-14,8.167437106039401e-14,1.7525785449718714e-13,6.035987553106028e-14
467,3.271622046901985e-14,7.86665412296269e-15,7.516633749080194e-14,3.453850270180798e-14,4.055789293921639e-14,1.3376505972397156e-13,1.5877875370739007e-13,5.841338869966769e-14,1.2642918145537523e-13,1.5070497393564554e-13,4.055944255332496e-13,3.385721345724325e-13,7.675581780214414e-13,2.3262263754437333e-12,1.0722047034439727e-13,2.7203217244942367e-13,9.751889776435896e-14,8.167437106039401e-14,1.7525785449718714e-13,6.035987553106028e-14
468,3.271622046901985e-14,7.86665412296269e-15,7.516633749080194e-14,3.453850270180798e-14,4.055789293921639e-14,1.3376505972397156e-13,1.5877875370739007e-13,5.841338869966769e-14,1.2642918145537523e-13,1.5070497393564554e-13,4.055944255332496e-13,3.385721345724325e-13,7.675581780214414e-13,2.3262263754437333e-12,1.0722047034439727e-13,2.7203217244942367e-13,9.751889776435896e-14,8.167437106039401e-14,1.7226931731360896e-13,6.035987553106028e-14
469,3.271622046901985e-14,7.86665412296269e-15,5.2817007738348575e-14,3.453850270180798e-14,4.055789293921639e-14,1.3376505972397156e-13,1.5877875370739007e-13,5.841338869966769e-14,1.2642918145537523e-13,1.5070497393564554e-13,4.055944255332496e-13,3.385721345724325e-13,7.675581780214414e-13,2.3262263754437333e-12,1.0722047034439727e-13,2.7203217244942367e-13,9.751889776435896e-14,8.167437106039401e-14,1.500709307407634e-13,6.035987553106028e-14
470,3.271622046901985e-14,7.86665412296269e-15,5.2817007738348575e-14,3.453850270180798e-14,4.055789293921639e-14,1.3376505972397156e-13,1.5877875370739007e-13,5.841338869966769e-14,1.2642918145537523e-13,1.5070497393564554e-13,4.055944255332496e-13,3.385721345724325e-13,7.675581780214414e-13,2.3262263754437333e-12,1.0722047034439727e-13,2.7203217244942367e-13,9.751889776435896e-14,8.167437106039401e-14,1.500709307407634e-13,6.035987553106028e-14
471,3.271622046901985e-14,7.86665412296269e-15,5.2817007738348575e-14,3.453850270180798e-14,4.055789293921639e-14,1.3376505972397156e-13,1.5877875370739007e-13,5.841338869966769e-14,1.2642918145537523e-13,1.5070497393564554e-13,4.055944255332496e-13,2.314860974744372e-13,7.675581780214414e-13,2.3262263754437333e-12,1.0722047034439727e-13,2.7203217244942367e-13,9.751889776435896e-14,8.167437106039401e-14,8.946643589587866e-14,6.035987553106028e-14
472,3.271622046901985e-14,7.86665412296269e-15,5.2817007738348575e-14,3.453850270180798e-14,4.055789293921639e-14,1.3376505972397156e-13,1.5877875370739007e-13,5.779791359431997e-14,1.2642918145537523e-13,1.5070497393564554e-13,3.923028144649618e-13,2.314860974744372e-13,7.675581780214414e-13,2.3262263754437333e-12,1.0722047034439727e-13,2.7203217244942367e-13,9.751889776435896e-14,8.167437106039401e-14,8.946643589587866e-14,6.035987553106028e-14
473,3.271622046901985e-14,7.86665412296269e-15,5.281700773834857e-14,3.453850270180798e-14,4.055789293921639e-14,1.3376505972397156e-13,1.5877875370739007e-13,3.5660108169179945e-14,1.2533200068411553e-13,1.5070497393564554e-13,3.923028144649618e-13,2.0976233198686062e-13,7.675581780214414e-13,2.3262263754437333e-12,8.805044332877674e-14,1.9032603204920928e-13,9.751889776435896e-14,8.167437106039401e-14,8.946643589587866e-14,6.035987553106028e-14
474,3.271622046901985e-14,7.86665412296269e-15,5.281700773834857e-14,3.453850270180798e-14,4.055789293921639e-14,1.3376505972397156e-13,9.568231717517488e-14,3.5660108169179945e-14,1.2533200068411553e-13,1.5034169123341851e-13,3.923028144649618e-13,2.0976233198686062e-13,7.675581780214414e-13,2.3262263754437333e-12,8.805044332877674e-14,1.9032603204920928e-13,9.751889776435896e-14,8.167437106039401e-14,8.946643589587866e-14,6.035987553106028e-14
475,3.271622046901985e-14,7.86665412296269e-15,5.281700773834857e-14,3.453850270180798e-14,4.055789293921639e-14,1.3376505972397156e-13,9.568231717517488e-14,3.5660108169179945e-14,1.2523055646862502e-13,1.5034169123341851e-13,3.923028144649618e-13,2.0976233198686062e-13,7.675581780214414e-13,2.3262263754437333e-12,8.805044332877674e-14,1.9032603204920928e-13,9.751889776435896e-14,8.167437106039401e-14,8.946643589587866e-14,6.035987553106028e-14
476,3.262694784387541e-14,7.86665412296269e-15,5.281700773834857e-14,3.453850270180798e-14,4.055789293921639e-14,1.3376505972397156e-13,9.568231717517488e-14,3.5660108169179945e-14,1.2523055646862502e-13,1.5034169123341851e-13,3.923028144649618e-13,2.0976233198686062e-13,7.675581780214414e-13,2.3262263754437333e-12,8.805044332877674e-14,1.9032603204920928e-13,9.751889776435896e-14,8.167437106039401e-14,8.946643589587866e-14,6.035987553106028e-14
477,3.262694784387541e-14,7.86665412296269e-15,5.281700773834857e-14,3.453850270180798e-14,4.055789293921639e-14,1.3376505972397156e-13,9.568231717517488e-14,3.5660108169179945e-14,1.2523055646862502e-13,1.5034169123341851e-13,3.923028144649618e-13,2.0976233198686062e-13,7.675581780214414e-13,2.3262263754437333e-12,8.805044332877674e-14,1.9032603204920928e-13,9.751889776435896e-14,8.167437106039401e-14,8.946643589587866e-14,6.035987553106028e-14
478,3.262694784387541e-14,7.86665412296269e-15,5.281700773834857e-14,3.453850270180798e-14,4.055789293921639e-14,1.3376505972397156e-13,9.568231717517488e-14,3.381494449160817e-14,1.2523055646862502e-13,1.5034169123341851e-13,3.923028144649618e-13,2.0976233198686062e-13,7.675581780214414e-13,2.3262263754437333e-12,8.805044332877674e-14,1.3353618871338848e-13,9.751889776435896e-14,8.167437106039401e-14,8.946643589587866e-14,6.035987553106028e-14
479,3.262694784387541e-14,7.86665412296269e-15,5.281700773834857e-14,3.453850270180798e-14,4.055789293921639e-14,1.3376505972397156e-13,9.568231717517488e-14,3.381494449160817e-14,1.2523055646862502e-13,1.5034169123341851e-13,3.923028144649618e-13,2.0976233198686062e-13,7.675581780214414e-13,2.3262263754437333e-12,8.805044332877674e-14,1.3353618871338848e-13,9.751889776435896e-14,8.167437106039401e-14,8.946643589587866e-14,6.035987553106028e-14
480,3.262694784387541e-14,7.86665412296269e-15,5.281700773834857e-14,3.453850270180798e-14,4.055789293921639e-14,1.3376505972397156e-13,9.568231717517488e-14,3.381494449160817e-14,1.2523055646862502e-13,1.5034169123341851e-13,3.923028144649618e-13,2.0976233198686062e-13,7.675581780214414e-13,2.3262263754437333e-12,8.805044332877674e-14,1.3353618871338848e-13,9.751889776435896e-14,8.167437106039401e-14,8.946643589587866e-14,6.035987553106028e-14
481,3.262694784387541e-14,7.86665412296269e-15,5.281700773834857e-14,3.453850270180798e-14,4.055789293921639e-14,1.3376505972397156e-13,9.568231717517488e-14,3.381494449160817e-14,1.2523055646862502e-13,1.5034169123341851e-13,3.923028144649618e-13,2.0976233198686062e-13,7.675581780214414e-13,2.3262263754437333e-12,8.805044332877674e-14,1.3353618871338848e-13,9.751889776435896e-14,8.167437106039401e-14,8.946643589587866e-14,6.035987553106028e-14
482,3.262694784387541e-14,7.86665412296269e-15,5.281700773834857e-14,3.453850270180798e-14,4.055789293921639e-14,1.3376505972397156e-13,9.568231717517488e-14,3.380032692566464e-14,1.2523055646862502e-13,1.5034169123341851e-13,3.923028144649618e-13,2.0976233198686062e-13,7.675581780214414e-13,2.3262263754437333e-12,8.805044332877674e-14,1.3353618871338848e-13,9.751889776435896e-14,8.167437106039401e-14,8.946643589587866e-14,6.035987553106028e-14
483,3.262694784387541e-14,7.86665412296269e-15,5.281700773834857e-14,3.453850270180798e-14,4.055789293921639e-14,1.3376505972397156e-13,9.568231717517488e-14,3.380032692566464e-14,1.2523055646862502e-13,1.5034169123341851e-13,3.8903984135051544e-13,2.0976233198686062e-13,7.675581780214414e-13,2.3262263754437333e-12,8.805044332877674e-14,1.3353618871338848e-13,9.751889776435896e-14,8.167437106039401e-14,8.946643589587866e-14,6.035987553106028e-14
484,3.262694784387541e-14,7.86665412296269e-15,5.281700773834857e-14,2.9233681802065104e-14,4.055789293921639e-14,1.3376505972397156e-13,9.568231717517488e-14,3.380032692566464e-14,1.2523055646862502e-13,1.5034169123341851e-13,3.8903984135051544e-13,2.0976233198686062e-13,7.675581780214414e-13,2.3262263754437333e-12,8.805044332877674e-14,9.531052117925067e-14,9.751889776435896e-14,8.167437106039401e-14,8.946643589587866e-14,6.035987553106028e-14
485,3.262694784387541e-14,7.86665412296269e-15,5.281700773834857e-14,2.9233681802065104e-14,4.055789293921639e-14,1.3376505972397156e-13,9.568231717517488e-14,3.380032692566464e-14,1.2523055646862502e-13,1.5034169123341851e-13,3.8903984135051544e-13,2.0976233198686062e-13,7.675581780214414e-13,2.3262263754437333e-12,8.805044332877674e-14,9.531052117925067e-14,9.751889776435896e-14,7.28165403014622e-14,8.946643589587866e-14,6.035987553106028e-14
486,3.262694784387541e-14,7.86665412296269e-15,5.281700773834857e-14,2.9233681802065104e-14,4.055789293921639e-14,1.3376505972397156e-13,9.568231717517488e-14,3.380032692566464e-14,1.2523055646862502e-13,1.5034169123341851e-13,3.543656053331562e-13,2.0976233198686062e-13,7.675581780214414e-13,1.1364652745877965e-12,8.805044332877674e-14,9.531052117925067e-14,9.751889776435896e-14,7.28165403014622e-14,8.946643589587866e-14,6.035987553106028e-14
487,3.262694784387541e-14,7.86665412296269e-15,5.281700773834857e-14,2.9233681802065104e-14,4.055789293921639e-14,1.3376505972397156e-13,9.568231717517488e-14,3.380032692566464e-14,1.2523055646862502e-13,1.5034169123341851e-13,3.38803200548329e-13,1.3481946880776425e-13,3.6312516052473215e-13,1.1364652745877965e-12,8.805044332877674e-14,9.531052117925067e-14,9.751889776435896e-14,7.28165403014622e-14,8.946643589587866e-14,6.035987553106028e-14
488,3.262694784387541e-14,7.86665412296269e-15,5.281700773834857e-14,2.9233681802065104e-14,4.055789293921639e-14,1.3376505972397156e-13,8.107140233715886e-14,3.380032692566464e-14,1.2523055646862502e-13,1.5034169123341851e-13,3.38803200548329e-13,1.3481946880776425e-13,3.6312516052473215e-13,1.1364652745877965e-12,8.805044332877674e-14,9.531052117925067e-14,9.751889776435896e-14,7.28165403014622e-14,8.946643589587866e-14,6.035987553106028e-14
489,3.262694784387541e-14,7.86665412296269e-15,5.281700773834857e-14,2.9233681802065104e-14,4.055789293921639e-14,1.3376505972397156e-13,7.566463828536844e-14,3.380032692566464e-14,1.2523055646862502e-13,1.5034169123341851e-13,3.38803200548329e-13,1.3481946880776425e-13,3.6312516052473215e-13,1.1364652745877965e-12,8.805044332877674e-14,9.531052117925067e-14,9.751889776435896e-14,7.28165403014622e-14,8.946643589587866e-14,6.035987553106028e-14
490,3.262694784387541e-14,7.86665412296269e-15,5.281700773834857e-14,2.9233681802065104e-14,4.055789293921639e-14,1.3376505972397156e-13,5.5628826926886417e-14,3.380032692566464e-14,1.2523055646862502e-13,1.5034169123341851e-13,3.38803200548329e-13,1.3481946880776425e-13,3.6312516052473215e-13,5.620042628658823e-13,8.805044332877674e-14,9.531052117925067e-14,9.751889776435896e-14,7.28165403014622e-14,8.946643589587866e-14,6.035987553106028e-14
491,3.262694784387541e-14,7.86665412296269e-15,5.281700773834857e-14,2.9233681802065104e-14,4.055789293921639e-14,1.3376505972397156e-13,5.5628826926886417e-14,3.380032692566464e-14,1.2523055646862502e-13,1.5034169123341851e-13,3.38803200548329e-13,1.3481946880776425e-13,3.6312516052473215e-13,5.620042628658823e-13,8.805044332877674e-14,9.531052117925067e-14,9.751889776435896e-14,7.28165403014622e-14,8.946643589587866e-14,6.035987553106028e-14
492,2.5755978584353544e-14,7.86665412296269e-15,5.281700773834857e-14,2.9233681802065104e-14,4.055789293921639e-14,1.3376505972397156e-13,5.5628826926886417e-14,3.380032692566464e-14,1.2523055646862502e-13,1.5034169123341851e-13,3.38803200548329e-13,1.3481946880776425e-13,3.6312516052473215e-13,5.620042628658823e-13,8.805044332877674e-14,9.531052117925067e-14,9.751889776435896e-14,7.28165403014622e-14,8.946643589587866e-14,6.035987553106028e-14
493,2.5755978584353544e-14,7.86665412296269e-15,5.281700773834857e-14,2.9233681802065104e-14,4.055789293921639e-14,1.3376505972397156e-13,5.5628826926886417e-14,3.380032692566464e-14,1.2523055646862502e-13,1.5034169123341851e-13,3.38803200548329e-13,1.3481946880776425e-13,3.6312516052473215e-13,5.620042628658823e-13,8.805044332877674e-14,9.531052117925067e-14,9.751889776435896e-14,7.28165403014622e-14,8.946643589587866e-14,6.035987553106028e-14
494,2.5755978584353544e-14,7.86665412296269e-15,5.281700773834857e-14,2.9233681802065104e-14,4.055789293921639e-14,1.3376505972397156e-13,5.5628826926886417e-14,3.334536562396348e-14,1.2523055646862502e-13,1.5034169123341851e-13,3.38803200548329e-13,1.3481946880776425e-13,3.6312516052473215e-13,5.620042628658823e-13,8.805044332877674e-14,9.531052117925067e-14,9.670874122219548e-14,7.28165403014622e-14,8.946643589587866e-14,6.035987553106028e-14
495,2.5755978584353544e-14,7.86665412296269e-15,5.281700773834857e-14,2.9233681802065104e-14,4.055789293921639e-14,1.3376505972397156e-13,5.5628826926886417e-14,2.980960315359606e-14,1.2523055646862502e-13,1.5034169123341851e-13,3.38803200548329e-13,1.3481946880776425e-13,3.6312516052473215e-13,5.620042628658823e-13,8.805044332877674e-14,9.531052117925067e-14,9.670874122219548e-14,6.543324656095914e-14,8.946643589587866e-14,6.035987553106028e-14
496,2.5755978584353544e-14,7.86665412296269e-15,5.281700773834857e-14,2.9233681802065104e-14,4.055789293921639e-14,1.3259441819438072e-13,5.5628826926886417e-14,2.4717947619528474e-14,1.2523055646862502e-13,1.5034169123341851e-13,3.38803200548329e-13,1.3481946880776425e-13,3.6312516052473215e-13,3.7369536253783146e-13,8.805044332877674e-14,9.531052117925067e-14,9.670874122219548e-14,6.543324656095914e-14,8.920449730921033e-14,6.035987553106028e-14
497,2.5755978584353544e-14,7.86665412296269e-15,5.281700773834857e-14,2.9233681802065104e-14,4.055789293921639e-14,1.3142932231808455e-13,5.5628826926886417e-14,2.4717947619528474e-14,1.2523055646862502e-13,1.5034169123341851e-13,3.38803200548329e-13,1.3481946880776425e-13,3.6312516052473215e-13,3.7369536253783146e-13,8.805044332877674e-14,9.531052117925067e-14,9.670874122219548e-14,6.543324656095914e-14,8.920449730921033e-14,6.035987553106028e-14
498,2.5755978584353544e-14,7.86665412296269e-15,5.281700773834857e-14,2.9233681802065104e-14,4.055789293921639e-14,1.3142932231808455e-13,5.215258590122736e-14,2.4717947619528474e-14,1.2523055646862502e-13,1.503416912334185e-13,3.38803200548329e-13,1.3481946880776425e-13,3.6312516052473215e-13,3.7369536253783146e-13,8.805044332877674e-14,9.531052117925067e-14,9.670874122219548e-14,6.543324656095914e-14,8.920449730921033e-14,6.035987553106028e-14
499,2.575148142869115e-14,7.86665412296269e-15,5.281700773834857e-14,2.9233681802065104e-14,4.055789293921639e-14,1.3142932231808455e-13,5.215258590122736e-14,2.4717947619528474e-14,1.2523055646862502e-13,1.4248753024848733e-13,3.38803200548329e-13,1.3481946880776425e-13,3.6312516052473215e-13,3.7369536253783146e-13,5.3797808700527876e-14,9.531052117925067e-14,9.670874122219548e-14,6.543324656095914e-14,8.920449730921033e-14,6.035987553106028e-14
