generation,run_1,run_2,run_3,run_4,run_5,run_6,run_7,run_8,run_9,run_10,run_11,run_12,run_13,run_14,run_15,run_16,run_17,run_18,run_19,run_20
0,0.3588116004847409,0.37043302355280655,0.47128583855021655,0.5016785543535406,0.628562137811562,0.24670711019683214,0.36895918297378477,0.3755307280553981,0.2828612789400845,0.26829131435413184,0.3996636119836021,0.8805354770684928,0.380964978066016,0.6888324686609472,0.5822652045610417,0.2980430627511231,0.31442663735183807,0.24745155693663198,0.48216490405184315,0.4320183870176891
1,0.019465276283558434,0.21183032648531216,0.11289324546055976,0.14082775919825222,0.034163532933901404,0.0860495171584889,0.09681205571509162,0.10336126052840969,0.16578311099814114,0.10626644087932025,0.06938154143868958,0.11437950789517927,0.0797660937730359,0.13184418326366978,0.06299745021878958,0.07882398005734717,0.13812956191320555,0.07020485901789682,0.1393858819482032,0.08316552142343094
2,0.011880377607721355,0.018445119482529054,0.047522724340788546,0.03380160055812589,0.032449499494155244,0.018255725386923084,0.01789051325001732,0.048576831966783925,0.03254949812477167,0.004453165846270695,0.011305558810359289,0.035301997009398366,0.01694805743167436,0.03292957777768972,0.027048898228891533,0.05289279037555407,0.017028468210253805,0.020095634811139792,0.05194366993338655,0.021360302006392932
3,0.004001039202623442,0.009306041821015333,0.015935900487973546,0.0058738945815151105,0.0076079732731505235,0.0024201795514835873,0.006658328759051433,0.011542532008008373,0.008748425665886725,0.0021340882540576652,0.0036546089116885213,0.012175136159562094,0.0031314818719397532,0.010361696620772916,0.010349524873272628,0.027419193374486218,0.017019951815467473,0.016264710659189996,0.015281212220450554,0.0050440691219856
4,0.002247498402421595,0.003946339924867259,0.004362727458136666,0.0033453541899606315,0.0030852625372120262,0.0007339716219052433,0.0034966446572584527,0.0030305305872116,0.0021146976718924935,0.0005887815888915559,0.0010188693776147241,0.003661177384080628,0.0013547710095239897,0.0020948910719658436,0.00526663970990264,0.013051948053049997,0.003563523698142657,0.007277279998756724,0.005874324583148767,0.0029292048914945587
5,0.00205001740915566,0.0006137451070687107,0.004362727458136666,0.0014826255781322474,0.0014651306430339787,0.0007339716219052433,0.0005612661001941842,0.001597955681851018,0.0019772976695855934,0.0005887815888915559,0.0010188693776147241,0.0017345202339386161,0.0013547710095239897,0.001958261763643675,0.0020758328398979764,0.007859147958512454,0.0024946047953548905,0.001241069101186818,0.0019939648565488587,0.0012997929140714625
6,0.0004784671718459304,0.00013649062151485866,0.00162008482811949,0.0004655596437340461,0.000783191490270747,0.00016100743169596466,0.0004730329711385679,0.0007617363595486198,0.0013159653396568418,0.0005228185786412957,0.0006812587326325132,0.0017345202339386161,0.0009369072349307865,0.0010807721103464369,0.0008016021635107669,0.004972051203673203,0.0024946047953548905,9.817202749823478e-05,0.00124637668479754,0.0005585219064119881
7,0.00018895340614645835,0.00013649062151485866,0.0007217886844395058,0.0004655596437340461,0.0003530542546383575,0.00016100743169596466,0.0004730329711385679,0.0005317509263564326,0.0011382015400714564,0.0002125900557942242,0.0002962877168500222,0.000658883075864472,0.0002137368140787468,0.0007315417678325701,0.00036161895998890095,0.0019859232539143844,0.0005976079128943108,9.817202749823478e-05,0.000594412034298483,0.0005585219064119881
8,0.00018895340614645835,0.00013649062151485866,0.0004730667659978025,0.0004655596437340461,0.0002598788717667065,0.00016100743169596466,0.0003290902968243902,0.00017203972006963635,0.00043277389543129434,3.0067062830438662e-05,8.510790043915292e-05,0.0005980463212727168,9.32960250841246e-05,0.00029078170805284443,0.00024769965521141376,0.0007938218796078247,0.00044100575959130664,9.817202749823478e-05,0.0004508620574485325,0.00020260278450165892
9,8.612388914978601e-05,0.00010871107030651149,0.00038530588079721366,0.00024946312645234394,0.0001671703655271273,0.0001121888601269231,0.00018463278791080293,0.00015427371812224525,0.00043277389543129434,3.0067062830438662e-05,8.510790043915292e-05,0.00025600729282704586,9.32960250841246e-05,0.0002007267552141716,0.00022514060192731352,0.0007938218796078247,0.0003825673980396433,8.574378867998228e-05,0.00036058124670178444,0.00014083270424031761
10,3.727739569527807e-05,7.655711713415046e-05,0.0002718739518032537,0.0001665580350114228,0.0001671703655271273,6.613617479252333e-05,0.0001290304088842226,8.545840887104124e-05,0.00019169922193617336,1.8100800242263642e-05,8.510790043915292e-05,0.00016072983902983736,9.280612256290423e-05,0.0002007267552141716,8.477553640337785e-05,0.0007748697584856329,0.00013518794694567654,8.574378867998228e-05,0.00016039384842957512,0.00012075125566349805
11,3.727709207732477e-05,2.8136202757756297e-05,0.00021090582613516944,8.721175380873447e-05,0.00011327005218681741,5.989985191802824e-05,8.32742865216016e-05,3.706321224961789e-05,0.00019169922193617336,1.8100800242263642e-05,8.510790043915292e-05,0.00016072983902983736,7.234915910078168e-05,0.00011981137641874792,8.477553640337785e-05,0.00022947449728753569,0.00013518794694567654,3.492964444042937e-05,0.00014044258890751304,0.00012075125566349805
12,8.836060799835476e-06,7.869697525896293e-06,0.00013407736626533913,1.2749345853988565e-05,0.00011327005218681741,5.806152770429126e-05,8.32742865216016e-05,3.706321224961789e-05,0.00019169922193617336,8.260276676660217e-06,4.873225437004462e-05,0.00016072983902983736,5.5918052711667004e-05,0.0001076024097819054,7.574066244926384e-05,0.00022947449728753569,8.627018236450324e-05,2.9617548805926923e-05,0.00014044258890751304,4.700001964394828e-05
13,8.836060799835476e-06,7.869697525896293e-06,9.075423431414039e-05,1.2749345853988565e-05,0.00011309817682922157,3.3422655972377145e-05,7.004231088674478e-05,3.706321224961789e-05,0.0001398708493957219,8.260276676660217e-06,3.591635334931463e-05,0.00016072983902983736,3.798971426784373e-05,5.348694623743514e-05,6.722273918353506e-05,0.00022947449728753569,5.693132685302885e-05,8.432885387065523e-06,0.00011924636048485386,4.700001964394828e-05
14,8.836060799835476e-06,7.869697525896293e-06,9.075423431414039e-05,1.0923118961941924e-05,5.834231634802599e-05,3.3422655972377145e-05,2.5688824713096187e-05,1.3044618055214832e-05,0.0001398708493957219,8.260276676660217e-06,3.591635334931463e-05,0.00016072983902983736,2.9206117502384983e-05,4.615846435368694e-05,5.581480527333904e-05,0.00011981012032262817,5.693132685302885e-05,8.432885387065523e-06,8.467192462966853e-05,4.700001964394828e-05
15,8.836060799835476e-06,7.869697525896293e-06,7.24557872335722e-05,1.0923118961941924e-05,2.15385556531921e-05,2.5670609236459506e-05,2.5688824713096187e-05,1.0340122428933144e-05,0.00010515036101401941,8.260276676660217e-06,3.591635334931463e-05,0.00016072983902983736,2.611208468281016e-05,4.615846435368694e-05,1.8314889036067113e-05,0.00011981012032262817,5.693132685302885e-05,8.141026855412976e-06,7.431252070868947e-05,2.2809226841305666e-05
16,7.01479480149056e-06,7.869697525896293e-06,7.24557872335722e-05,1.1138713961438883e-06,2.15385556531921e-05,2.5670609236459506e-05,2.5688824713096187e-05,1.0340122428933144e-05,8.963182320112209e-05,8.260276676660217e-06,3.591635334931463e-05,8.387218403261326e-05,2.611208468281016e-05,2.0959932964779665e-05,1.8314889036067113e-05,0.00011981012032262817,3.348141571750004e-05,5.862457331487032e-06,1.9537837879819874e-05,2.2809226841305666e-05
17,2.3597629234750425e-06,6.57553009090887e-06,7.24557872335722e-05,1.1138713961438883e-06,2.15385556531921e-05,2.5670609236459506e-05,2.5688824713096187e-05,1.0340122428933144e-05,8.963182320112209e-05,6.511922309210665e-06,3.591635334931463e-05,7.938073817505831e-05,2.611208468281016e-05,2.0959932964779665e-05,1.8314889036067113e-05,4.779202008362428e-05,2.19049611989534e-05,5.862457331487032e-06,9.277551159288969e-06,2.2809226841305666e-05
18,2.3597629234750425e-06,6.57553009090887e-06,4.718131746543365e-05,1.1138713961438883e-06,2.15385556531921e-05,2.5501806326274394e-05,2.5688824713096187e-05,5.349669278064195e-06,4.9515469027648584e-05,6.511922309210665e-06,2.1950662962855706e-05,6.140704054527778e-05,7.918437297842451e-06,1.211703768973606e-05,8.183377419060143e-06,1.1680897047347868e-05,2.19049611989534e-05,5.862457331487032e-06,9.277551159288969e-06,2.2809226841305666e-05
19,2.3597629234750425e-06,6.57553009090887e-06,1.7543730348715914e-05,1.1138713961438883e-06,2.15385556531921e-05,2.5501806326274394e-05,2.5688824713096187e-05,3.4959042075675946e-06,3.438601608856501e-05,6.511922309210665e-06,2.1950662962855706e-05,1.8177370592511816e-05,6.1998541289296874e-06,1.211703768973606e-05,5.244662495594289e-06,1.1680897047347868e-05,1.43024826791332e-05,5.862457331487032e-06,9.277551159288969e-06,1.1772752776895264e-05
20,2.3597629234750425e-06,6.57553009090887e-06,1.7543730348715914e-05,1.1138713961438883e-06,6.710002839337221e-06,1.6474565647571742e-05,2.4831291558913687e-05,3.4959042075675946e-06,3.438601608856501e-05,6.511922309210665e-06,8.958260321614177e-06,1.8177370592511816e-05,5.533601006901923e-06,1.211703768973606e-05,5.244662495594289e-06,1.1680897047347868e-05,1.43024826791332e-05,4.200158763018511e-06,3.7204271019792623e-06,1.1772752776895264e-05
21,2.3597629234750425e-06,6.57553009090887e-06,1.7543730348715914e-05,1.1138713961438883e-06,6.710002839337221e-06,1.6117788727358248e-05,1.5924642978462105e-05,3.4959042075675946e-06,2.7360570029731658e-05,6.511922309210665e-06,8.958260321614177e-06,1.8177370592511816e-05,5.533601006901923e-06,1.211703768973606e-05,5.244662495594289e-06,1.1680897047347868e-05,1.43024826791332e-05,4.200158763018511e-06,3.7204271019792623e-06,1.1772752776895264e-05
22,2.3597629234750425e-06,3.5582547722613826e-06,1.7543730348715914e-05,1.1138713961438883e-06,6.710002839337221e-06,1.6117788727358248e-05,1.4928839424242967e-05,3.4959042075675946e-06,2.6150402833490153e-05,6.511922309210665e-06,8.958260321614177e-06,1.8177370592511816e-05,5.533601006901923e-06,1.211703768973606e-05,5.244662495594289e-06,1.1680897047347868e-05,1.43024826791332e-05,4.200158763018511e-06,3.7204271019792623e-06,1.1772752776895264e-05
23,2.3597629234750425e-06,3.5582547722613826e-06,1.7543730348715914e-05,1.1138713961438883e-06,6.710002839337221e-06,1.6117788727358248e-05,1.3180528737756563e-05,5.651527735090019e-07,2.6150402833490153e-05,5.169016110301463e-06,8.958260321614177e-06,1.8177370592511816e-05,3.785195842740669e-06,1.211703768973606e-05,5.244662495594289e-06,1.1680897047347868e-05,1.43024826791332e-05,4.200158763018511e-06,3.7204271019792623e-06,1.1772752776895264e-05
24,2.3597629234750425e-06,3.5582547722613826e-06,9.670990772903772e-06,1.1138713961438883e-06,6.710002839337221e-06,1.6117788727358248e-05,1.0280443396302879e-05,5.651527735090019e-07,1.743945688364073e-05,5.169016110301463e-06,8.958260321614177e-06,1.297275888033462e-05,3.785195842740669e-06,1.211703768973606e-05,5.244662495594289e-06,3.6456260306124527e-06,1.43024826791332e-05,4.200158763018511e-06,3.7204271019792623e-06,9.78302080583022e-06
25,2.3597629234750425e-06,3.5582547722613826e-06,9.670990772903772e-06,1.1138713961438883e-06,6.710002839337221e-06,5.564748413456503e-06,1.0280443396302879e-05,5.651527735090019e-07,1.743945688364073e-05,5.169016110301463e-06,3.3046031738441908e-06,1.085333955822419e-05,3.785195842740669e-06,1.211703768973606e-05,5.244662495594289e-06,3.6456260306124527e-06,1.4053900969361626e-05,4.200158763018511e-06,3.7204271019792623e-06,5.468970475440026e-06
26,2.3597629234750425e-06,3.5582547722613826e-06,7.232913595538238e-06,1.1138713961438883e-06,6.710002839337221e-06,5.564748413456503e-06,1.0280443396302879e-05,5.651527735090019e-07,1.432695726161345e-05,5.169016110301463e-06,3.3046031738441908e-06,8.895117756085252e-06,3.785195842740669e-06,6.07020942301833e-06,5.244662495594289e-06,3.6456260306124527e-06,1.4053900969361626e-05,4.200158763018511e-06,3.7204271019792623e-06,5.468970475440026e-06
27,2.3597629234750425e-06,3.5582547722613826e-06,7.232913595538238e-06,1.1138713961438883e-06,5.041611519593858e-06,5.564748413456503e-06,1.0280443396302879e-05,5.651527735090019e-07,1.432695726161345e-05,5.169016110301463e-06,3.3046031738441908e-06,8.895117756085252e-06,3.785195842740669e-06,6.07020942301833e-06,5.244662495594289e-06,3.6456260306124527e-06,1.4053900969361626e-05,4.200158763018511e-06,1.921892359723496e-06,5.468970475440026e-06
28,2.3597629234750425e-06,3.5582547722613826e-06,7.232913595538238e-06,1.1138713961438883e-06,5.041611519593858e-06,5.564748413456503e-06,1.015378551608978e-05,5.651527735090019e-07,1.432695726161345e-05,5.169016110301463e-06,3.3046031738441908e-06,8.895117756085252e-06,3.785195842740669e-06,6.07020942301833e-06,4.185986402135058e-06,3.6456260306124527e-06,1.4053900969361626e-05,4.200158763018511e-06,1.921892359723496e-06,5.468970475440026e-06
29,2.3597629234750425e-06,3.5582547722613826e-06,7.232913595538238e-06,1.1138713961438883e-06,5.041611519593858e-06,5.564748413456503e-06,4.518538652216106e-06,5.651527735090019e-07,1.432695726161345e-05,5.169016110301463e-06,3.3046031738441908e-06,8.895117756085252e-06,3.785195842740669e-06,6.07020942301833e-06,4.185986402135058e-06,2.296689145636459e-06,1.2244436515343623e-05,4.200158763018511e-06,1.921892359723496e-06,5.468970475440026e-06
30,2.3597629234750425e-06,3.5582547722613826e-06,7.232913595538238e-06,1.1138713961438883e-06,5.041611519593858e-06,2.7933562035359875e-06,4.518538652216106e-06,5.651527735090019e-07,1.432695726161345e-05,1.0402061582809266e-06,2.33757034027675e-06,8.895117756085252e-06,3.785195842740669e-06,6.07020942301833e-06,4.185986402135058e-06,2.296689145636459e-06,1.2244436515343623e-05,4.200158763018511e-06,1.921892359723496e-06,5.468970475440026e-06
31,2.3597629234750425e-06,3.5582547722613826e-06,4.533385842254216e-06,1.1138713961438883e-06,5.041611519593858e-06,2.7933562035359875e-06,4.518538652216106e-06,5.651527735090019e-07,1.432695726161345e-05,1.0402061582809266e-06,2.33757034027675e-06,8.895117756085252e-06,3.785195842740669e-06,6.07020942301833e-06,4.185986402135058e-06,2.296689145636459e-06,1.2244436515343623e-05,4.200158763018511e-06,1.921892359723496e-06,5.468970475440026e-06
32,2.3597629234750425e-06,3.5582547722613826e-06,4.533385842254216e-06,1.1138713961438883e-06,5.041611519593858e-06,2.7933562035359875e-06,4.518538652216106e-06,4.946501589728739e-07,8.91617121481768e-06,1.0402061582809266e-06,2.33757034027675e-06,8.895117756085252e-06,3.785195842740669e-06,4.860639841260278e-06,4.185986402135058e-06,2.296689145636459e-06,1.2244436515343623e-05,4.200158763018511e-06,1.921892359723496e-06,5.468970475440026e-06
33,1.9967012144150434e-06,3.5582547722613826e-06,4.533385842254216e-06,1.1138713961438883e-06,5.041611519593858e-06,2.7933562035359875e-06,4.518538652216106e-06,4.946501589728739e-07,8.91617121481768e-06,1.0402061582809266e-06,2.33757034027675e-06,8.895117756085252e-06,3.785195842740669e-06,4.860639841260278e-06,3.3235913700232215e-06,2.296689145636459e-06,1.2244436515343623e-05,4.200158763018511e-06,1.921892359723496e-06,5.468970475440026e-06
34,1.9967012144150434e-06,3.5582547722613826e-06,4.533385842254216e-06,1.1138713961438883e-06,5.041611519593858e-06,2.775576004765023e-06,4.518538652216106e-06,4.946501589728739e-07,8.91617121481768e-06,5.286810123072513e-07,2.33757034027675e-06,8.895117756085252e-06,3.785195842740669e-06,4.860639841260278e-06,3.3235913700232215e-06,2.296689145636459e-06,1.2244436515343623e-05,4.200158763018511e-06,1.921892359723496e-06,5.468970475440026e-06
35,1.9967012144150434e-06,3.5582547722613826e-06,4.533385842254216e-06,1.1138713961438883e-06,5.041611519593858e-06,2.775576004765023e-06,4.518538652216106e-06,4.946501589728739e-07,8.91617121481768e-06,5.286810123072513e-07,2.33757034027675e-06,7.475281962919603e-06,3.785195842740669e-06,4.860639841260278e-06,3.3235913700232215e-06,2.296689145636459e-06,1.2244436515343623e-05,4.200158763018511e-06,1.921892359723496e-06,5.468970475440026e-06
36,1.9967012144150434e-06,3.5582547722613826e-06,4.533385842254216e-06,1.1138713961438883e-06,5.001290341147522e-06,2.775576004765023e-06,4.518538652216106e-06,4.946501589728739e-07,8.91617121481768e-06,5.286810123072513e-07,2.33757034027675e-06,7.475281962919603e-06,3.785195842740669e-06,4.860639841260278e-06,3.3235913700232215e-06,2.1215767609807283e-06,1.2244436515343623e-05,4.200158763018511e-06,1.921892359723496e-06,5.468970475440026e-06
37,1.9967012144150434e-06,3.5582547722613826e-06,4.533385842254216e-06,1.1138713961438883e-06,5.001290341147522e-06,2.775576004765023e-06,4.518538652216106e-06,4.946501589728739e-07,8.91617121481768e-06,5.286810123072513e-07,2.33757034027675e-06,7.475281962919603e-06,3.785195842740669e-06,4.860639841260278e-06,3.3235913700232215e-06,2.1173465458944505e-06,1.2188047901355717e-05,4.200158763018511e-06,1.8338444345184284e-06,5.468970475440026e-06
38,1.9967012144150434e-06,3.5582547722613826e-06,4.533385842254216e-06,1.1138713961438883e-06,5.001290341147522e-06,2.775576004765023e-06,4.518538652216106e-06,4.946501589728739e-07,8.91617121481768e-06,5.286810123072513e-07,2.33757034027675e-06,7.475281962919603e-06,3.5181870215762753e-06,4.860639841260278e-06,3.3235913700232215e-06,2.1173465458944505e-06,1.2188047901355717e-05,3.4450232532974793e-06,1.4162392283911347e-06,5.468970475440026e-06
39,1.9967012144150434e-06,3.5582547722613826e-06,4.533385842254216e-06,8.981030468596503e-07,5.001290341147522e-06,2.775576004765023e-06,4.518538652216106e-06,4.946501589728739e-07,8.91617121481768e-06,5.286810123072513e-07,2.33757034027675e-06,7.475281962919603e-06,3.5181870215762753e-06,4.860639841260278e-06,3.3235913700232215e-06,2.1173465458944505e-06,1.1718737823481113e-05,3.4450232532974793e-06,1.4162392283911347e-06,5.468970475440026e-06
40,1.9967012144150434e-06,3.5582547722613826e-06,4.533385842254216e-06,8.981030468596503e-07,5.001290341147522e-06,2.630090238340584e-06,4.518538652216106e-06,4.946501589728739e-07,4.590704260156664e-06,5.286810123072513e-07,2.33757034027675e-06,7.475281962919603e-06,3.5181870215762753e-06,4.860639841260278e-06,3.3235913700232215e-06,2.1173465458944505e-06,7.99841184854845e-06,3.4450232532974793e-06,1.4162392283911347e-06,5.133770155912596e-06
41,1.9967012144150434e-06,3.5582547722613826e-06,4.533385842254216e-06,3.978028031691234e-07,5.001290341147522e-06,2.630090238340584e-06,4.518538652216106e-06,4.946501589728739e-07,4.590704260156664e-06,5.286810123072513e-07,1.8293489611323496e-06,7.475281962919603e-06,3.5181870215762753e-06,4.860639841260278e-06,3.3235913700232215e-06,2.1173465458944505e-06,7.99841184854845e-06,3.4450232532974793e-06,1.4162392283911347e-06,4.627753419570601e-06
42,1.9967012144150434e-06,2.5356464514164183e-06,4.533385842254216e-06,3.978028031691234e-07,5.001290341147522e-06,1.5877240763622605e-06,4.518538652216106e-06,4.946501589728739e-07,3.796493009389478e-06,5.286810123072513e-07,1.8293489611323496e-06,7.475281962919603e-06,3.5181870215762753e-06,4.860639841260278e-06,3.3235913700232215e-06,1.5476867266944683e-06,7.99841184854845e-06,3.4450232532974793e-06,1.4162392283911347e-06,4.627753419570601e-06
43,1.9967012144150434e-06,2.5356464514164183e-06,4.533385842254216e-06,3.978028031691234e-07,5.001290341147522e-06,1.5877240763622605e-06,4.518538652216106e-06,4.946501589728739e-07,3.796493009389478e-06,5.286810123072513e-07,1.8293489611323496e-06,7.475281962919603e-06,3.5181870215762753e-06,4.860639841260278e-06,3.3235913700232215e-06,1.5476867266944683e-06,7.99841184854845e-06,3.4450232532974793e-06,1.4162392283911347e-06,4.627753419570601e-06
44,1.9967012144150434e-06,2.5356464514164183e-06,4.533385842254216e-06,3.978028031691234e-07,5.001290341147522e-06,1.5877240763622605e-06,4.518538652216106e-06,4.946501589728739e-07,3.796493009389478e-06,5.286810123072513e-07,1.8293489611323496e-06,7.475281962919603e-06,3.5181870215762753e-06,4.860639841260278e-06,2.9999245156325125e-06,1.5476867266944683e-06,7.99841184854845e-06,3.4450232532974793e-06,1.4162392283911347e-06,4.627753419570601e-06
45,1.9967012144150434e-06,2.5356464514164183e-06,2.7669564518098465e-06,3.978028031691234e-07,4.785783442207569e-06,1.5877240763622605e-06,4.518538652216106e-06,4.946501589728739e-07,3.796493009389478e-06,5.286810123072513e-07,1.8293489611323496e-06,7.475281962919603e-06,3.5181870215762753e-06,3.7694341038044924e-06,2.9999245156325125e-06,1.5476867266944683e-06,5.698948636338903e-06,3.4450232532974793e-06,1.4162392283911347e-06,4.627753419570601e-06
46,1.9967012144150434e-06,2.5356464514164183e-06,2.7669564518098465e-06,3.978028031691234e-07,4.785783442207569e-06,1.5877240763622605e-06,4.518538652216106e-06,4.946501589728739e-07,3.796493009389478e-06,5.286810123072513e-07,1.8293489611323496e-06,7.475281962919603e-06,3.5181870215762753e-06,3.7694341038044924e-06,2.9999245156325125e-06,1.5476867266944683e-06,4.844020516260386e-06,3.4450232532974793e-06,1.4162392283911347e-06,4.627753419570601e-06
47,1.9967012144150434e-06,2.5356464514164183e-06,2.7669564518098465e-06,3.978028031691234e-07,3.893395841104211e-06,1.5877240763622605e-06,4.518538652216106e-06,4.946501589728739e-07,3.796493009389478e-06,5.286810123072513e-07,1.8293489611323496e-06,7.475281962919603e-06,3.5181870215762753e-06,3.7694341038044924e-06,2.9999245156325125e-06,1.5476867266944683e-06,4.844020516260386e-06,3.4450232532974793e-06,1.4162392283911347e-06,4.627753419570601e-06
48,1.9967012144150434e-06,2.496454928738142e-06,2.7669564518098465e-06,3.978028031691234e-07,3.893395841104211e-06,1.5877240763622605e-06,4.518538652216106e-06,4.946501589728739e-07,2.0965841250958688e-06,5.286810123072513e-07,1.8293489611323496e-06,7.475281962919603e-06,3.5181870215762753e-06,3.7694341038044924e-06,2.9999245156325125e-06,1.5476867266944683e-06,4.844020516260386e-06,3.4450232532974793e-06,1.4162392283911347e-06,4.627753419570601e-06
49,1.9967012144150434e-06,1.7922187282639926e-06,2.7669564518098465e-06,3.978028031691234e-07,3.893395841104211e-06,1.5877240763622605e-06,4.518538652216106e-06,8.180482128902038e-08,2.0965841250958688e-06,5.286810123072513e-07,1.8293489611323496e-06,7.475281962919603e-06,3.5181870215762753e-06,3.7694341038044924e-06,2.9999245156325125e-06,1.5476867266944683e-06,3.7290975482459445e-06,3.4450232532974793e-06,1.4162392283911347e-06,4.627753419570601e-06
50,1.5120915256497428e-06,1.7922187282639926e-06,2.4571595352212927e-06,3.978028031691234e-07,3.893395841104211e-06,1.5877240763622605e-06,4.518538652216106e-06,8.180482128902038e-08,2.0965841250958688e-06,5.286810123072513e-07,1.8293489611323496e-06,7.475281962919603e-06,3.5181870215762753e-06,3.7694341038044924e-06,2.2145459976234514e-06,1.5476867266944683e-06,3.7290975482459445e-06,3.4450232532974793e-06,1.4162392283911347e-06,4.627753419570601e-06
51,1.5120915256497428e-06,1.7922187282639926e-06,2.1914614832035673e-06,3.978028031691234e-07,3.893395841104211e-06,1.5877240763622605e-06,4.518538652216106e-06,8.180482128902038e-08,2.0965841250958688e-06,5.286810123072513e-07,1.8293489611323496e-06,7.475281962919603e-06,3.5181870215762753e-06,3.169963230391307e-06,4.636470697746297e-07,1.5476867266944683e-06,3.7290975482459445e-06,3.4450232532974793e-06,1.4162392283911347e-06,4.627753419570601e-06
52,1.5120915256497428e-06,1.7922187282639926e-06,2.1914614832035673e-06,3.978028031691234e-07,3.893395841104211e-06,1.5877240763622605e-06,1.6387889153659367e-06,8.180482128902038e-08,2.0965841250958688e-06,5.286810123072513e-07,7.229440864112951e-07,7.475281962919603e-06,3.5181870215762753e-06,3.169963230391307e-06,4.636470697746297e-07,1.5476867266944683e-06,3.7290975482459445e-06,3.4450232532974793e-06,1.4162392283911347e-06,4.185289656976344e-06
53,1.5120915256497428e-06,1.7922187282639926e-06,2.1914614832035673e-06,3.978028031691234e-07,3.893395841104211e-06,1.5877240763622605e-06,1.6387889153659367e-06,8.180482128902038e-08,2.0965841250958688e-06,5.286810123072513e-07,6.644216151245101e-07,4.790176123153759e-06,3.5181870215762753e-06,3.169963230391307e-06,4.636470697746297e-07,1.5476867266944683e-06,3.7290975482459445e-06,3.4450232532974793e-06,1.4162392283911347e-06,4.185289656976344e-06
54,1.5120915256497428e-06,1.7922187282639926e-06,2.1914614832035673e-06,3.978028031691234e-07,3.893395841104211e-06,1.5877240763622605e-06,1.6387889153659367e-06,8.180482128902038e-08,2.0965841250958688e-06,5.286810123072513e-07,6.644216151245101e-07,3.43972225334503e-06,3.5181870215762753e-06,3.169963230391307e-06,4.636470697746297e-07,1.3779960528570818e-06,3.7290975482459445e-06,3.4450232532974793e-06,1.4162392283911347e-06,4.185289656976344e-06
55,1.5120915256497428e-06,1.7922187282639926e-06,2.147052118230513e-06,3.978028031691234e-07,3.893395841104211e-06,1.5877240763622605e-06,1.6387889153659367e-06,8.180482128902038e-08,2.0965841250958688e-06,5.286810123072513e-07,6.644216151245101e-07,3.43972225334503e-06,3.5181870215762753e-06,3.169963230391307e-06,4.636470697746297e-07,1.3779960528570818e-06,3.7290975482459445e-06,3.4450232532974793e-06,1.4162392283911347e-06,4.185289656976344e-06
56,1.5120915256497428e-06,1.6652415718773939e-06,2.147052118230513e-06,3.978028031691234e-07,1.8391875215238228e-06,1.5877240763622605e-06,1.6387889153659367e-06,8.180482128902038e-08,2.0965841250958688e-06,5.286810123072513e-07,6.644216151245101e-07,3.2929138561935328e-06,3.5181870215762753e-06,3.169963230391307e-06,4.636470697746297e-07,1.3779960528570818e-06,2.844848328931791e-06,3.4450232532974793e-06,1.4162392283911347e-06,4.185289656976344e-06
57,1.5120915256497428e-06,1.6652415718773939e-06,2.147052118230513e-06,3.978028031691234e-07,1.8391875215238228e-06,1.5877240763622605e-06,1.6387889153659367e-06,8.180482128902038e-08,2.0965841250958688e-06,5.286810123072513e-07,6.644216151245101e-07,1.9673739956053548e-06,3.5181870215762753e-06,2.4358547765035574e-06,4.636470697746297e-07,1.3779960528570818e-06,2.844848328931791e-06,3.4450232532974793e-06,1.4162392283911347e-06,4.185289656976344e-06
58,1.5120915256497428e-06,1.6652415718773939e-06,1.2166776513480404e-06,3.978028031691234e-07,1.8391875215238228e-06,1.5877240763622605e-06,1.6387889153659367e-06,8.180482128902038e-08,2.0965841250958688e-06,5.286810123072513e-07,6.644216151245101e-07,1.9673739956053548e-06,3.5181870215762753e-06,2.4358547765035574e-06,4.636470697746297e-07,1.3779960528570818e-06,2.844848328931791e-06,3.4450232532974793e-06,1.4162392283911347e-06,4.185289656976344e-06
59,1.5120915256497428e-06,1.6652415718773939e-06,1.2166776513480404e-06,3.978028031691234e-07,1.8391875215238228e-06,1.5877240763622605e-06,1.6387889153659367e-06,8.180482128902038e-08,2.0965841250958688e-06,5.286810123072513e-07,4.5299349622364694e-07,1.9673739956053548e-06,2.398820907211975e-06,2.4358547765035574e-06,4.636470697746297e-07,1.3779960528570818e-06,2.844848328931791e-06,3.4450232532974793e-06,1.4162392283911347e-06,4.185289656976344e-06
60,1.5120915256497428e-06,1.630944809804838e-06,1.2166776513480404e-06,3.978028031691234e-07,1.8391875215238228e-06,1.5877240763622605e-06,1.6387889153659367e-06,8.180482128902038e-08,2.0965841250958688e-06,5.286810123072513e-07,4.5299349622364694e-07,1.9673739956053548e-06,2.398820907211975e-06,2.4358547765035574e-06,4.636470697746297e-07,1.3779960528570818e-06,2.844848328931791e-06,3.4450232532974793e-06,1.4162392283911347e-06,2.871218897395175e-06
61,1.5120915256497428e-06,1.630944809804838e-06,1.2166776513480404e-06,3.978028031691234e-07,1.8391875215238228e-06,1.5877240763622605e-06,1.6387889153659367e-06,8.180482128902038e-08,2.0965841250958688e-06,5.286810123072513e-07,4.5299349622364694e-07,1.9673739956053548e-06,2.398820907211975e-06,2.4358547765035574e-06,4.636470697746297e-07,1.3779960528570818e-06,2.844848328931791e-06,3.4450232532974793e-06,1.4162392283911347e-06,2.6713218632820767e-06
62,1.5120915256497428e-06,1.630944809804838e-06,1.2166776513480404e-06,3.978028031691234e-07,1.8391875215238228e-06,1.5877240763622605e-06,1.6387889153659367e-06,8.180482128902038e-08,2.0965841250958688e-06,5.286810123072513e-07,4.5299349622364694e-07,1.9673739956053548e-06,2.398820907211975e-06,2.4358547765035574e-06,4.636470697746297e-07,1.3779960528570818e-06,1.4596695112845832e-06,3.4450232532974793e-06,1.4162392283911347e-06,2.6713218632820767e-06
63,1.5120915256497428e-06,1.630944809804838e-06,1.2166776513480404e-06,3.978028031691234e-07,1.8391875215238228e-06,1.5877240763622605e-06,1.6387889153659367e-06,8.180482128902038e-08,1.8640077808893157e-06,5.286810123072513e-07,4.5299349622364694e-07,1.9673739956053548e-06,2.398820907211975e-06,2.4358547765035574e-06,4.636470697746297e-07,1.3779960528570818e-06,1.4596695112845832e-06,3.4450232532974793e-06,1.4162392283911347e-06,2.6713218632820767e-06
64,1.5120915256497428e-06,1.630944809804838e-06,1.2166776513480404e-06,3.978028031691234e-07,1.8391875215238228e-06,1.5877240763622605e-06,1.6387889153659367e-06,8.180482128902038e-08,1.8640077808893157e-06,5.286810123072513e-07,4.5299349622364694e-07,1.9673739956053548e-06,2.398820907211975e-06,2.4070978473305298e-06,4.636470697746297e-07,1.3779960528570818e-06,1.4596695112845832e-06,3.4450232532974793e-06,1.4162392283911347e-06,2.6713218632820767e-06
65,1.5120915256497428e-06,1.630944809804838e-06,1.2166776513480404e-06,3.978028031691234e-07,1.8391875215238228e-06,1.5877240763622605e-06,1.6387889153659367e-06,8.180482128902038e-08,1.8640077808893157e-06,5.286810123072513e-07,4.5299349622364694e-07,1.9673739956053548e-06,2.398820907211975e-06,2.4070978473305298e-06,4.636470697746297e-07,1.3779960528570818e-06,1.4596695112845832e-06,3.4450232532974793e-06,1.4162392283911347e-06,2.6713218632820767e-06
66,1.5120915256497428e-06,1.630944809804838e-06,1.2166776513480404e-06,3.978028031691234e-07,1.8391875215238228e-06,1.5877240763622605e-06,1.6387889153659367e-06,8.180482128902038e-08,1.8640077808893157e-06,5.286810123072513e-07,4.5299349622364694e-07,1.9673739956053548e-06,2.398820907211975e-06,2.4070978473305298e-06,4.636470697746297e-07,1.3779960528570818e-06,1.4596695112845832e-06,3.4450232532974793e-06,1.4162392283911347e-06,2.6713218632820767e-06
67,1.5120915256497428e-06,1.630944809804838e-06,1.2166776513480404e-06,3.978028031691234e-07,1.8391875215238228e-06,1.5877240763622605e-06,1.6387889153659367e-06,8.180482128902038e-08,1.8640077808893157e-06,5.286810123072513e-07,4.5299349622364694e-07,1.9673739956053548e-06,2.398820907211975e-06,2.4070978473305298e-06,4.636470697746297e-07,1.3779960528570818e-06,1.4596695112845832e-06,3.4450232532974793e-06,1.4162392283911347e-06,2.6713218632820767e-06
68,1.5120915256497428e-06,1.630944809804838e-06,1.2166776513480404e-06,3.978028031691234e-07,1.8391875215238228e-06,1.5877240763622605e-06,1.6387889153659367e-06,8.180482128902038e-08,1.8640077808893157e-06,5.286810123072513e-07,4.25194449988896e-07,1.9673739956053548e-06,2.398820907211975e-06,2.4070978473305298e-06,4.636470697746297e-07,1.3779960528570818e-06,1.4596695112845832e-06,3.4450232532974793e-06,1.4162392283911347e-06,2.6713218632820767e-06
69,1.5120915256497428e-06,1.630944809804838e-06,1.2166776513480404e-06,3.978028031691234e-07,1.8391875215238228e-06,1.5877240763622605e-06,1.6387889153659367e-06,8.180482128902038e-08,1.8640077808893157e-06,5.286810123072513e-07,4.25194449988896e-07,1.2666286716746992e-06,2.398820907211975e-06,2.4070978473305298e-06,4.636470697746297e-07,1.3779960528570818e-06,1.4596695112845832e-06,3.4450232532974793e-06,1.4162392283911347e-06,2.6713218632820767e-06
70,1.5120915256497428e-06,1.408164352137044e-06,1.2166776513480404e-06,3.978028031691234e-07,1.8391875215238228e-06,1.3485136528573344e-06,1.6387889153659367e-06,8.180482128902038e-08,1.8640077808893157e-06,5.286810123072513e-07,4.25194449988896e-07,1.2666286716746992e-06,2.398820907211975e-06,2.4070978473305298e-06,4.636470697746297e-07,1.3779960528570818e-06,1.4596695112845832e-06,3.4450232532974793e-06,1.4162392283911347e-06,2.6713218632820767e-06
71,1.5120915256497428e-06,1.408164352137044e-06,1.2166776513480404e-06,3.834410334400009e-07,1.8391875215238228e-06,1.3485136528573344e-06,1.6387889153659367e-06,8.180482128902038e-08,1.8640077808893157e-06,5.286810123072513e-07,4.25194449988896e-07,1.2666286716746992e-06,2.398820907211975e-06,2.4070978473305298e-06,4.636470697746297e-07,5.553935315816346e-07,9.612588694004679e-07,3.4450232532974793e-06,1.4162392283911347e-06,2.6713218632820767e-06
72,1.5120915256497428e-06,1.408164352137044e-06,1.2166776513480404e-06,2.5208720327016724e-07,1.8391875215238228e-06,1.3485136528573344e-06,1.6387889153659367e-06,8.180482128902038e-08,1.8640077808893157e-06,2.512088151815684e-07,4.25194449988896e-07,1.2666286716746992e-06,2.398820907211975e-06,2.4070978473305298e-06,3.9482252612644194e-07,5.553935315816346e-07,9.612588694004679e-07,3.4450232532974793e-06,1.4162392283911347e-06,2.6713218632820767e-06
73,1.5120915256497428e-06,1.408164352137044e-06,1.2166776513480404e-06,2.5208720327016724e-07,1.8391875215238228e-06,1.3485136528573344e-06,1.6387889153659367e-06,8.180482128902038e-08,1.8640077808893157e-06,2.512088151815684e-07,4.25194449988896e-07,1.2666286716746992e-06,2.398820907211975e-06,2.4070978473305298e-06,3.9482252612644194e-07,5.553935315816346e-07,9.612588694004679e-07,3.4450232532974793e-06,1.4162392283911347e-06,2.6713218632820767e-06
74,4.788553748620725e-07,1.408164352137044e-06,1.2166776513480404e-06,2.5208720327016724e-07,1.8391875215238228e-06,1.3485136528573344e-06,1.6387889153659367e-06,8.180482128902038e-08,1.8640077808893157e-06,2.512088151815684e-07,4.25194449988896e-07,1.2666286716746992e-06,2.398820907211975e-06,2.4070978473305298e-06,3.9482252612644194e-07,5.553935315816346e-07,9.612588694004679e-07,3.4450232532974793e-06,1.4162392283911347e-06,2.6713218632820767e-06
75,4.788553748620725e-07,1.408164352137044e-06,1.2166776513480404e-06,2.379201316354969e-07,1.8391875215238228e-06,1.3485136528573344e-06,1.6387889153659367e-06,8.180482128902038e-08,1.8640077808893157e-06,2.512088151815684e-07,4.25194449988896e-07,1.2666286716746992e-06,2.398820907211975e-06,2.4070978473305298e-06,3.9482252612644194e-07,5.553935315816346e-07,9.612588694004679e-07,3.4450232532974793e-06,1.4162392283911347e-06,2.6713218632820767e-06
76,4.788553748620725e-07,1.408164352137044e-06,1.2166776513480404e-06,1.8618698988073894e-07,1.8391875215238228e-06,1.3485136528573344e-06,1.6387889153659367e-06,8.180482128902038e-08,1.8640077808893157e-06,2.512088151815684e-07,4.25194449988896e-07,1.2666286716746992e-06,2.398820907211975e-06,2.4070978473305298e-06,3.9482252612644194e-07,5.553935315816346e-07,9.612588694004679e-07,3.4450232532974793e-06,1.4162392283911347e-06,2.6713218632820767e-06
77,4.788553748620725e-07,1.408164352137044e-06,1.2166776513480404e-06,1.8618698988073894e-07,1.8391875215238228e-06,1.3485136528573344e-06,1.6387889153659367e-06,8.180482128902038e-08,1.8640077808893157e-06,2.512088151815684e-07,4.25194449988896e-07,1.2666286716746992e-06,2.398820907211975e-06,2.4070978473305298e-06,3.9482252612644194e-07,5.553935315816346e-07,9.612588694004679e-07,3.4450232532974793e-06,1.4162392283911347e-06,2.6713218632820767e-06
78,4.788553748620725e-07,1.408164352137044e-06,1.2166776513480404e-06,1.8618698988073894e-07,1.8391875215238228e-06,1.3485136528573344e-06,1.6387889153659367e-06,8.180482128902038e-08,1.8640077808893157e-06,2.512088151815684e-07,4.25194449988896e-07,1.2514819213117951e-06,2.398820907211975e-06,2.4070978473305298e-06,3.9482252612644194e-07,5.553935315816346e-07,9.612588694004679e-07,3.4450232532974793e-06,1.4162392283911347e-06,2.6713218632820767e-06
79,4.788553748620725e-07,1.408164352137044e-06,1.2166776513480404e-06,1.8618698988073894e-07,1.8391875215238228e-06,1.3485136528573344e-06,1.6387889153659367e-06,8.180482128902038e-08,1.8640077808893157e-06,2.512088151815684e-07,1.840828900526476e-07,1.2514819213117951e-06,2.398820907211975e-06,2.4070978473305298e-06,3.9482252612644194e-07,5.553935315816346e-07,9.612588694004679e-07,3.4450232532974793e-06,1.4162392283911347e-06,2.6713218632820767e-06
80,4.788553748620725e-07,1.408164352137044e-06,1.2166776513480404e-06,1.8618698988073894e-07,1.8391875215238228e-06,1.3485136528573344e-06,1.6387889153659367e-06,8.180482128902038e-08,1.7498149272438688e-06,2.512088151815684e-07,1.840828900526476e-07,1.2514819213117951e-06,2.398820907211975e-06,2.4070978473305298e-06,3.9482252612644194e-07,5.553935315816346e-07,9.612588694004679e-07,3.4450232532974793e-06,1.4162392283911347e-06,2.6713218632820767e-06
81,4.788553748620725e-07,1.408164352137044e-06,1.033686571466811e-06,1.8618698988073894e-07,1.8391875215238228e-06,1.3485136528573344e-06,1.6387889153659367e-06,8.180482128902038e-08,1.7498149272438688e-06,2.512088151815684e-07,1.840828900526476e-07,1.2514819213117951e-06,2.398820907211975e-06,2.4070978473305298e-06,3.9482252612644194e-07,5.553935315816346e-07,9.612588694004679e-07,3.4450232532974793e-06,1.4162392283911347e-06,2.6713218632820767e-06
82,4.788553748620725e-07,1.408164352137044e-06,1.033686571466811e-06,1.8618698988073894e-07,1.8391875215238228e-06,1.3485136528573344e-06,1.6387889153659367e-06,8.180482128902038e-08,1.7498149272438688e-06,2.3545119693410016e-07,1.840828900526476e-07,1.2514819213117951e-06,5.079490734345151e-07,2.4070978473305298e-06,3.9482252612644194e-07,5.553935315816346e-07,9.612588694004679e-07,3.4450232532974793e-06,1.4162392283911347e-06,2.6713218632820767e-06
83,4.788553748620725e-07,3.7186583326386715e-07,9.124307717672478e-07,1.8618698988073894e-07,1.8391875215238228e-06,1.3485136528573344e-06,1.6387889153659367e-06,8.180482128902038e-08,1.7498149272438688e-06,2.3545119693410016e-07,1.840828900526476e-07,1.2514819213117951e-06,4.3469584668829745e-07,2.4070978473305298e-06,3.9482252612644194e-07,5.553935315816346e-07,9.612588694004679e-07,8.035667236794318e-07,1.4162392283911347e-06,2.6713218632820767e-06
84,4.788553748620725e-07,3.7186583326386715e-07,9.124307717672478e-07,1.8618698988073894e-07,1.8391875215238228e-06,1.3485136528573344e-06,1.6387889153659367e-06,6.60411525596289e-08,1.7498149272438688e-06,2.3545119693410016e-07,1.840828900526476e-07,1.2514819213117951e-06,4.3469584668829745e-07,2.4070978473305298e-06,3.9482252612644194e-07,5.553935315816346e-07,9.612588694004679e-07,8.035667236794318e-07,1.4162392283911347e-06,2.6713218632820767e-06
85,4.788553748620725e-07,3.7186583326386715e-07,9.124307717672478e-07,1.4084467951237334e-07,1.8391875215238228e-06,1.3485136528573344e-06,1.6387889153659367e-06,6.60411525596289e-08,1.7498149272438688e-06,2.3545119693410016e-07,1.840828900526476e-07,1.2514819213117951e-06,4.3469584668829745e-07,2.4070978473305298e-06,3.9482252612644194e-07,5.553935315816346e-07,9.612588694004679e-07,8.035667236794318e-07,1.4162392283911347e-06,2.6713218632820767e-06
86,4.788553748620725e-07,3.7186583326386715e-07,9.124307717672478e-07,1.4084467951237334e-07,1.6201593279947937e-06,1.3485136528573344e-06,1.6387889153659367e-06,6.60411525596289e-08,1.7498149272438688e-06,2.3545119693410016e-07,1.840828900526476e-07,1.1989159621062463e-06,4.3469584668829745e-07,2.4070978473305298e-06,3.9482252612644194e-07,5.553935315816346e-07,9.612588694004679e-07,8.035667236794318e-07,1.4162392283911347e-06,2.6713218632820767e-06
87,4.788553748620725e-07,3.7186583326386715e-07,9.124307717672478e-07,1.4084467951237334e-07,1.6201593279947937e-06,1.3485136528573344e-06,1.6387889153659367e-06,6.60411525596289e-08,1.7498149272438688e-06,2.3545119693410016e-07,1.840828900526476e-07,1.1989159621062463e-06,4.3469584668829745e-07,1.703009131592808e-06,3.9482252612644194e-07,5.553935315816346e-07,7.487152941452414e-07,8.035667236794318e-07,1.4162392283911347e-06,2.6713218632820767e-06
88,4.788553748620725e-07,3.7186583326386715e-07,9.124307717672478e-07,1.4084467951237334e-07,1.6201593279947937e-06,1.3485136528573344e-06,1.6387889153659367e-06,6.60411525596289e-08,1.7498149272438688e-06,2.3545119693410016e-07,1.840828900526476e-07,1.0454316409735894e-06,4.3469584668829745e-07,1.703009131592808e-06,3.9482252612644194e-07,5.553935315816346e-07,7.487152941452414e-07,8.035667236794318e-07,1.4162392283911347e-06,2.6713218632820767e-06
89,4.788553748620725e-07,3.7186583326386715e-07,9.124307717672478e-07,1.4084467951237334e-07,1.6201593279947937e-06,1.3485136528573344e-06,1.6387889153659367e-06,6.60411525596289e-08,1.7498149272438688e-06,2.3545119693410016e-07,1.840828900526476e-07,1.0454316409735894e-06,4.3469584668829745e-07,1.703009131592808e-06,3.9482252612644194e-07,5.553935315816346e-07,7.487152941452414e-07,8.035667236794318e-07,1.4162392283911347e-06,2.6713218632820767e-06
90,4.7268105103405143e-07,3.7186583326386715e-07,9.124307717672478e-07,1.4084467951237334e-07,1.6201593279947937e-06,1.3485136528573344e-06,1.6387889153659367e-06,6.60411525596289e-08,1.7498149272438688e-06,2.3545119693410016e-07,1.840828900526476e-07,1.0454316409735894e-06,4.3469584668829745e-07,1.703009131592808e-06,3.9482252612644194e-07,5.553935315816346e-07,7.487152941452414e-07,8.035667236794318e-07,1.4162392283911347e-06,2.651646964548425e-06
91,4.7268105103405143e-07,3.7186583326386715e-07,9.124307717672478e-07,1.4084467951237334e-07,1.6201593279947937e-06,1.3485136528573344e-06,1.182630184881445e-06,6.60411525596289e-08,1.7498149272438688e-06,2.3545119693410016e-07,1.840828900526476e-07,1.0454316409735894e-06,4.3469584668829745e-07,1.703009131592808e-06,3.9482252612644194e-07,5.553935315816346e-07,6.796231485052083e-07,8.035667236794318e-07,1.244166039865991e-06,2.651646964548425e-06
92,4.0860641794331797e-07,3.7186583326386715e-07,9.124307717672478e-07,1.4084467951237334e-07,1.6201593279947937e-06,1.3485136528573344e-06,1.182630184881445e-06,6.60411525596289e-08,1.7498149272438688e-06,2.3545119693410016e-07,1.840828900526476e-07,1.0454316409735894e-06,4.3469584668829745e-07,1.703009131592808e-06,3.9482252612644194e-07,5.553935315816346e-07,6.796231485052083e-07,8.035667236794318e-07,1.244166039865991e-06,2.651646964548425e-06
93,4.0860641794331797e-07,3.7186583326386715e-07,9.124307717672478e-07,1.4084467951237334e-07,1.6201593279947937e-06,1.3485136528573344e-06,1.182630184881445e-06,6.60411525596289e-08,1.3934668672952425e-06,2.3545119693410016e-07,1.840828900526476e-07,6.498354382293996e-07,3.50937854438132e-07,1.703009131592808e-06,3.9482252612644194e-07,5.553935315816346e-07,6.796231485052083e-07,8.035667236794318e-07,1.2237335768115063e-06,2.651646964548425e-06
94,4.0860641794331797e-07,3.7186583326386715e-07,9.124307717672478e-07,1.4084467951237334e-07,1.6201593279947937e-06,1.3485136528573344e-06,1.182630184881445e-06,6.60411525596289e-08,1.3325624182534937e-06,2.3545119693410016e-07,1.840828900526476e-07,6.498354382293996e-07,3.50937854438132e-07,1.703009131592808e-06,3.9482252612644194e-07,5.553935315816346e-07,6.796231485052083e-07,8.035667236794318e-07,1.2237335768115063e-06,2.651646964548425e-06
95,4.0860641794331797e-07,3.7186583326386715e-07,9.124307717672478e-07,1.4084467951237334e-07,1.6201593279947937e-06,1.3485136528573344e-06,1.182630184881445e-06,6.60411525596289e-08,1.3325624182534937e-06,2.3545119693410016e-07,1.840828900526476e-07,6.498354382293996e-07,3.50937854438132e-07,1.404049711040748e-06,3.9482252612644194e-07,5.553935315816346e-07,6.796231485052083e-07,8.035667236794318e-07,1.2237335768115063e-06,2.651646964548425e-06
96,4.0860641794331797e-07,3.7186583326386715e-07,9.124307717672478e-07,1.4084467951237334e-07,1.6058733675732827e-06,1.3485136528573344e-06,1.182630184881445e-06,6.60411525596289e-08,1.3325624182534937e-06,2.3545119693410016e-07,1.840828900526476e-07,6.498354382293996e-07,3.50937854438132e-07,1.404049711040748e-06,3.9482252612644194e-07,5.553935315816346e-07,6.796231485052083e-07,8.035667236794318e-07,1.2237335768115063e-06,2.651646964548425e-06
97,4.0860641794331797e-07,3.7186583326386715e-07,9.124307717672478e-07,1.4084467951237334e-07,1.6058733675732827e-06,1.3485136528573344e-06,1.182630184881445e-06,6.60411525596289e-08,1.3325624182534937e-06,2.3545119693410016e-07,1.840828900526476e-07,6.498354382293996e-07,3.50937854438132e-07,1.404049711040748e-06,3.9482252612644194e-07,5.553935315816346e-07,6.796231485052083e-07,8.035667236794318e-07,1.2237335768115063e-06,2.651646964548425e-06
98,4.051524141409856e-07,3.7186583326386715e-07,9.124307717672478e-07,1.4084467951237334e-07,1.6058733675732827e-06,1.3485136528573344e-06,1.182630184881445e-06,6.60411525596289e-08,1.3325624182534937e-06,2.3545119693410016e-07,1.840828900526476e-07,6.498354382293996e-07,3.50937854438132e-07,1.404049711040748e-06,3.9482252612644194e-07,5.553935315816346e-07,6.796231485052083e-07,8.035667236794318e-07,1.2237335768115063e-06,2.651646964548425e-06
99,4.051524141409856e-07,3.7186583326386715e-07,9.124307717672478e-07,1.4084467951237334e-07,1.6058733675732827e-06,1.3485136528573344e-06,1.182630184881445e-06,6.60411525596289e-08,1.3325624182534937e-06,2.3545119693410016e-07,1.840828900526476e-07,6.498354382293996e-07,3.50937854438132e-07,1.3981491314595745e-06,3.9482252612644194e-07,5.553935315816346e-07,6.796231485052083e-07,8.035667236794318e-07,1.2237335768115063e-06,2.651646964548425e-06
100,4.051524141409856e-07,3.7186583326386715e-07,9.124307717672478e-07,1.4084467951237334e-07,1.6058733675732827e-06,1.3485136528573344e-06,1.182630184881445e-06,6.60411525596289e-08,1.3325624182534937e-06,2.3545119693410016e-07,1.840828900526476e-07,6.498354382293996e-07,3.50937854438132e-07,1.3981491314595745e-06,3.9482252612644194e-07,5.553935315816346e-07,6.796231485052083e-07,8.035667236794318e-07,1.2237335768115063e-06,2.651646964548425e-06
101,4.051524141409856e-07,3.7186583326386715e-07,9.124307717672478e-07,1.4084467951237334e-07,1.6058733675732827e-06,1.3485136528573344e-06,1.182630184881445e-06,6.60411525596289e-08,1.3325624182534937e-06,2.3545119693410016e-07,1.840828900526476e-07,6.498354382293996e-07,3.50937854438132e-07,1.3981491314595745e-06,3.9482252612644194e-07,3.612903922761541e-07,6.796231485052083e-07,8.035667236794318e-07,1.2237335768115063e-06,9.833387355295142e-07
102,4.051524141409856e-07,3.7186583326386715e-07,9.124307717672478e-07,1.4084467951237334e-07,1.6058733675732827e-06,1.3485136528573344e-06,1.182630184881445e-06,6.60411525596289e-08,1.3325624182534937e-06,2.3545119693410016e-07,1.840828900526476e-07,6.498354382293996e-07,3.50937854438132e-07,1.3619406855995785e-06,3.9482252612644194e-07,3.612903922761541e-07,6.796231485052083e-07,8.035667236794318e-07,1.2237335768115063e-06,9.833387355295142e-07
103,4.051524141409856e-07,3.7186583326386715e-07,9.124307717672478e-07,1.4084467951237334e-07,1.6058733675732827e-06,1.3485136528573344e-06,1.182630184881445e-06,6.60411525596289e-08,1.3325624182534937e-06,2.3545119693410016e-07,1.840828900526476e-07,6.498354382293996e-07,3.50937854438132e-07,1.3619406855995785e-06,3.9482252612644194e-07,3.612903922761541e-07,6.783552256581851e-07,8.035667236794318e-07,1.2237335768115063e-06,9.833387355295142e-07
104,4.051524141409856e-07,3.7186583326386715e-07,9.124307717672478e-07,1.4084467951237334e-07,1.6058733675732827e-06,1.3485136528573344e-06,1.182630184881445e-06,6.60411525596289e-08,1.3325624182534937e-06,2.3545119693410016e-07,1.840828900526476e-07,6.498354382293996e-07,3.4277228808487893e-07,1.3619406855995785e-06,3.9482252612644194e-07,3.612903922761541e-07,6.783552256581851e-07,8.035667236794318e-07,1.2237335768115063e-06,9.833387355295142e-07
105,4.051524141409856e-07,3.7186583326386715e-07,9.124307717672478e-07,1.4084467951237334e-07,1.6058733675732827e-06,1.3485136528573344e-06,1.182630184881445e-06,6.60411525596289e-08,1.3325624182534937e-06,2.3545119693410016e-07,1.840828900526476e-07,6.498354382293996e-07,3.4277228808487893e-07,1.3619406855995785e-06,3.9482252612644194e-07,3.612903922761541e-07,6.783552256581851e-07,8.035667236794318e-07,1.2237335768115063e-06,9.833387355295142e-07
106,4.051524141409856e-07,3.7186583326386715e-07,9.124307717672478e-07,1.4084467951237334e-07,1.6058733675732827e-06,1.3485136528573344e-06,1.182630184881445e-06,6.60411525596289e-08,1.3325624182534937e-06,2.3545119693410016e-07,1.840828900526476e-07,6.498354382293996e-07,3.4277228808487893e-07,1.3619406855995785e-06,3.9482252612644194e-07,3.612903922761541e-07,6.783552256581851e-07,8.035667236794318e-07,1.2237335768115063e-06,9.833387355295142e-07
107,4.051524141409856e-07,3.7186583326386715e-07,9.124307717672478e-07,1.4084467951237334e-07,1.6058733675732827e-06,1.3485136528573344e-06,1.182630184881445e-06,6.60411525596289e-08,1.3325624182534937e-06,2.3545119693410016e-07,1.840828900526476e-07,6.498354382293996e-07,3.4277228808487893e-07,1.3619406855995785e-06,3.9482252612644194e-07,3.612903922761541e-07,6.783552256581851e-07,8.035667236794318e-07,1.2237335768115063e-06,9.833387355295142e-07
108,4.051524141409856e-07,3.7186583326386715e-07,9.124307717672478e-07,1.4084467951237334e-07,1.6058733675732827e-06,1.3485136528573344e-06,1.182630184881445e-06,6.60411525596289e-08,1.3325624182534937e-06,2.3545119693410016e-07,1.840828900526476e-07,6.498354382293996e-07,2.784137131692665e-07,1.3619406855995785e-06,3.9482252612644194e-07,3.612903922761541e-07,6.783552256581851e-07,8.035667236794318e-07,1.2237335768115063e-06,9.122961215858628e-07
109,4.051524141409856e-07,3.7186583326386715e-07,9.124307717672478e-07,1.4084467951237334e-07,1.6058733675732827e-06,1.3485136528573344e-06,1.182630184881445e-06,6.60411525596289e-08,1.3325624182534937e-06,2.3545119693410016e-07,1.840828900526476e-07,6.498354382293996e-07,2.784137131692665e-07,1.3619406855995785e-06,3.9482252612644194e-07,3.612903922761541e-07,6.783552256581851e-07,8.035667236794318e-07,1.2237335768115063e-06,9.122961215858628e-07
110,4.051524141409856e-07,3.7186583326386715e-07,9.124307717672478e-07,1.4084467951237334e-07,1.6058733675732827e-06,1.3485136528573344e-06,1.182630184881445e-06,6.60411525596289e-08,1.3325624182534937e-06,2.3545119693410016e-07,1.840828900526476e-07,6.498354382293996e-07,2.784137131692665e-07,1.3619406855995785e-06,3.9482252612644194e-07,3.612903922761541e-07,6.783552256581851e-07,8.035667236794318e-07,1.2237335768115063e-06,9.122961215858628e-07
111,4.051524141409856e-07,3.7186583326386715e-07,9.124307717672478e-07,1.4084467951237334e-07,1.6058733675732827e-06,1.3485136528573344e-06,1.182630184881445e-06,6.60411525596289e-08,1.3325624182534937e-06,2.3545119693410016e-07,1.840828900526476e-07,6.498354382293996e-07,2.784137131692665e-07,1.3619406855995785e-06,3.9482252612644194e-07,3.612903922761541e-07,6.783552256581851e-07,8.035667236794318e-07,1.2237335768115063e-06,9.122961215858628e-07
112,4.051524141409856e-07,3.7186583326386715e-07,9.124307717672478e-07,1.4084467951237334e-07,1.6058733675732827e-06,1.3485136528573344e-06,1.182630184881445e-06,6.60411525596289e-08,1.3325624182534937e-06,2.332813270617338e-07,1.840828900526476e-07,6.498354382293996e-07,2.784137131692665e-07,1.3619406855995785e-06,3.9482252612644194e-07,3.612903922761541e-07,6.783552256581851e-07,8.035667236794318e-07,1.2237335768115063e-06,9.122961215858628e-07
113,4.051524141409856e-07,3.7186583326386715e-07,9.124307717672478e-07,1.4084467951237334e-07,1.6058733675732827e-06,1.3485136528573344e-06,1.182630184881445e-06,6.60411525596289e-08,1.3325624182534937e-06,2.332813270617338e-07,1.840828900526476e-07,6.498354382293996e-07,2.784137131692665e-07,1.3619406855995785e-06,3.9482252612644194e-07,3.612903922761541e-07,6.783552256581851e-07,8.035667236794318e-07,1.2237335768115063e-06,9.122961215858628e-07
114,4.051524141409856e-07,3.7186583326386715e-07,9.124307717672478e-07,1.4084467951237334e-07,1.6058733675732827e-06,1.3485136528573344e-06,1.182630184881445e-06,6.60411525596289e-08,6.871991219406593e-07,2.332813270617338e-07,1.840828900526476e-07,6.498354382293996e-07,2.784137131692665e-07,1.3619406855995785e-06,3.9482252612644194e-07,3.612903922761541e-07,6.783552256581851e-07,8.035667236794318e-07,1.2237335768115063e-06,9.122961215858628e-07
115,4.051524141409856e-07,3.7186583326386715e-07,9.124307717672478e-07,1.4084467951237334e-07,1.6058733675732827e-06,1.3485136528573344e-06,1.182630184881445e-06,6.60411525596289e-08,6.871991219406593e-07,2.332813270617338e-07,1.840828900526476e-07,6.498354382293996e-07,2.784137131692665e-07,1.3619406855995785e-06,3.9482252612644194e-07,3.612903922761541e-07,6.783552256581851e-07,8.035667236794318e-07,1.2237335768115063e-06,9.122961215858628e-07
116,4.051524141409856e-07,3.7186583326386715e-07,9.124307717672478e-07,1.4084467951237334e-07,1.6058733675732827e-06,1.3485136528573344e-06,1.182630184881445e-06,6.60411525596289e-08,6.871991219406593e-07,2.332813270617338e-07,1.840828900526476e-07,6.498354382293996e-07,2.784137131692665e-07,1.3619406855995785e-06,3.9482252612644194e-07,3.612903922761541e-07,6.783552256581851e-07,8.035667236794318e-07,1.2237335768115063e-06,8.373272065715455e-07
117,4.051524141409856e-07,3.7186583326386715e-07,9.124307717672478e-07,1.4084467951237334e-07,4.6587533837022345e-07,1.3485136528573344e-06,1.182630184881445e-06,6.60411525596289e-08,6.871991219406593e-07,2.332813270617338e-07,1.840828900526476e-07,6.275435564370184e-07,2.784137131692665e-07,1.3619406855995785e-06,3.9482252612644194e-07,3.612903922761541e-07,6.783552256581851e-07,8.035667236794318e-07,8.562520795936883e-07,8.373272065715455e-07
118,4.051524141409856e-07,3.7186583326386715e-07,9.124307717672478e-07,1.4084467951237334e-07,4.6587533837022345e-07,1.3485136528573344e-06,1.182630184881445e-06,6.60411525596289e-08,6.871991219406593e-07,2.332813270617338e-07,1.840828900526476e-07,6.275435564370184e-07,2.784137131692665e-07,1.3619406855995785e-06,3.9482252612644194e-07,3.612903922761541e-07,6.783552256581851e-07,8.035667236794318e-07,8.562520795936883e-07,8.373272065715455e-07
119,4.051524141409856e-07,3.7186583326386715e-07,9.124307717672478e-07,1.4084467951237334e-07,4.6587533837022345e-07,1.3485136528573344e-06,1.182630184881445e-06,6.60411525596289e-08,6.871991219406593e-07,2.332813270617338e-07,1.840828900526476e-07,6.275435564370184e-07,2.784137131692665e-07,1.3619406855995785e-06,3.9482252612644194e-07,3.612903922761541e-07,6.783552256581851e-07,8.035667236794318e-07,8.562520795936883e-07,8.373272065715455e-07
120,4.051524141409856e-07,3.7186583326386715e-07,9.124307717672478e-07,1.4084467951237334e-07,4.6587533837022345e-07,1.3485136528573344e-06,1.182630184881445e-06,6.60411525596289e-08,6.871991219406593e-07,2.332813270617338e-07,1.840828900526476e-07,6.275435564370184e-07,2.784137131692665e-07,1.3619406855995785e-06,3.9482252612644194e-07,3.612903922761541e-07,6.783552256581851e-07,1.4246304842203407e-07,5.362346346652153e-07,8.373272065715455e-07
121,4.051524141409856e-07,3.7186583326386715e-07,9.124307717672478e-07,1.4084467951237334e-07,4.6587533837022345e-07,1.3485136528573344e-06,1.182630184881445e-06,6.60411525596289e-08,6.871991219406593e-07,2.332813270617338e-07,1.840828900526476e-07,6.275435564370184e-07,2.784137131692665e-07,1.3619406855995785e-06,3.9482252612644194e-07,3.612903922761541e-07,6.296621152532563e-07,1.4246304842203407e-07,5.362346346652153e-07,8.373272065715455e-07
122,4.051524141409856e-07,3.7186583326386715e-07,9.124307717672478e-07,1.4084467951237334e-07,4.6587533837022345e-07,1.3485136528573344e-06,1.182630184881445e-06,6.60411525596289e-08,6.871991219406593e-07,2.332813270617338e-07,1.840828900526476e-07,6.275435564370184e-07,2.784137131692665e-07,1.3619406855995785e-06,3.9482252612644194e-07,2.0743256730553616e-07,6.296621152532563e-07,1.4246304842203407e-07,5.362346346652153e-07,8.373272065715455e-07
123,4.051524141409856e-07,3.7186583326386715e-07,9.124307717672478e-07,1.4084467951237334e-07,4.6587533837022345e-07,1.3485136528573344e-06,1.182630184881445e-06,6.60411525596289e-08,6.871991219406593e-07,2.332813270617338e-07,1.840828900526476e-07,6.275435564370184e-07,2.784137131692665e-07,9.285554193062352e-07,3.9482252612644194e-07,2.0743256730553616e-07,6.296621152532563e-07,1.4246304842203407e-07,5.325298591181886e-07,8.373272065715455e-07
124,4.051524141409856e-07,3.7186583326386715e-07,9.124307717672478e-07,1.4084467951237334e-07,4.6587533837022345e-07,1.3485136528573344e-06,1.182630184881445e-06,6.60411525596289e-08,6.871991219406593e-07,2.332813270617338e-07,1.840828900526476e-07,4.6357568456266036e-07,2.784137131692665e-07,7.824377932100182e-07,3.9482252612644194e-07,2.0743256730553616e-07,6.296621152532563e-07,1.4246304842203407e-07,5.325298591181886e-07,8.373272065715455e-07
125,4.051524141409856e-07,3.7186583326386715e-07,9.124307717672478e-07,1.4084467951237334e-07,4.6587533837022345e-07,1.3485136528573344e-06,1.0508182471898294e-06,6.60411525596289e-08,6.871991219406593e-07,2.332813270617338e-07,1.840828900526476e-07,4.6357568456266036e-07,2.784137131692665e-07,7.824377932100182e-07,3.9482252612644194e-07,2.0743256730553616e-07,6.296621152532563e-07,1.4246304842203407e-07,3.9346161894193857e-07,7.665425536226772e-07
126,4.051524141409856e-07,3.7186583326386715e-07,9.124307717672478e-07,1.4084467951237334e-07,4.6587533837022345e-07,1.3485136528573344e-06,1.0508182471898294e-06,6.60411525596289e-08,6.871991219406593e-07,2.332813270617338e-07,1.840828900526476e-07,4.6357568456266036e-07,2.784137131692665e-07,7.824377932100182e-07,3.9482252612644194e-07,2.0743256730553616e-07,6.296621152532563e-07,1.4246304842203407e-07,3.9346161894193857e-07,7.665425536226772e-07
127,4.051524141409856e-07,3.7186583326386715e-07,9.124307717672478e-07,1.4084467951237334e-07,4.6587533837022345e-07,1.3485136528573344e-06,1.0508182471898294e-06,6.60411525596289e-08,6.871991219406593e-07,2.332813270617338e-07,1.840828900526476e-07,4.6357568456266036e-07,2.784137131692665e-07,7.824377932100182e-07,3.9482252612644194e-07,2.0743256730553616e-07,6.296621152532563e-07,1.4246304842203407e-07,3.9346161894193857e-07,7.665425536226772e-07
128,4.051524141409856e-07,3.7186583326386715e-07,9.124307717672478e-07,1.4084467951237334e-07,4.6587533837022345e-07,1.3485136528573344e-06,1.0508182471898294e-06,6.60411525596289e-08,6.871991219406593e-07,2.332813270617338e-07,1.840828900526476e-07,4.6357568456266036e-07,2.784137131692665e-07,7.824377932100182e-07,3.7850448151264187e-07,2.0743256730553616e-07,6.296621152532563e-07,1.4246304842203407e-07,3.9346161894193857e-07,7.665425536226772e-07
129,4.051524141409856e-07,3.7186583326386715e-07,9.124307717672478e-07,1.4084467951237334e-07,4.6587533837022345e-07,1.0336609700169576e-06,1.0508182471898294e-06,6.60411525596289e-08,6.871991219406593e-07,2.332813270617338e-07,1.840828900526476e-07,4.6357568456266036e-07,2.784137131692665e-07,7.824377932100182e-07,3.7850448151264187e-07,2.0743256730553616e-07,6.296621152532563e-07,1.4246304842203407e-07,3.9346161894193857e-07,7.665425536226772e-07
130,4.051524141409856e-07,3.7186583326386715e-07,9.124307717672478e-07,1.4084467951237334e-07,4.6587533837022345e-07,1.0336609700169576e-06,1.0508182471898294e-06,6.60411525596289e-08,6.871991219406593e-07,2.332813270617338e-07,1.840828900526476e-07,4.6357568456266036e-07,2.784137131692665e-07,6.576727821466243e-07,3.7850448151264187e-07,2.0743256730553616e-07,6.296621152532563e-07,1.4246304842203407e-07,3.9346161894193857e-07,7.665425536226772e-07
131,4.051524141409856e-07,3.7186583326386715e-07,9.124307717672478e-07,1.4084467951237334e-07,4.6587533837022345e-07,1.0336609700169576e-06,7.982172404167837e-07,6.60411525596289e-08,6.871991219406593e-07,1.6654587044923442e-07,1.840828900526476e-07,4.6357568456266036e-07,2.784137131692665e-07,6.576727821466243e-07,3.7850448151264187e-07,2.0743256730553616e-07,6.296621152532563e-07,1.4246304842203407e-07,3.9346161894193857e-07,7.665425536226772e-07
132,4.051524141409856e-07,3.7186583326386715e-07,9.124307717672478e-07,1.4084467951237334e-07,4.6587533837022345e-07,1.0336609700169576e-06,7.982172404167837e-07,6.60411525596289e-08,6.871991219406593e-07,1.6654587044923442e-07,1.840828900526476e-07,4.6357568456266036e-07,2.784137131692665e-07,6.576727821466243e-07,3.7850448151264187e-07,2.0743256730553616e-07,6.296621152532563e-07,1.4246304842203407e-07,3.9346161894193857e-07,7.665425536226772e-07
133,4.051524141409856e-07,3.7186583326386715e-07,9.124307717672478e-07,1.4084467951237334e-07,4.6587533837022345e-07,1.0336609700169576e-06,7.982172404167837e-07,6.60411525596289e-08,6.871991219406593e-07,1.6654587044923442e-07,1.840828900526476e-07,4.6357568456266036e-07,2.784137131692665e-07,6.576727821466243e-07,3.7850448151264187e-07,2.0743256730553616e-07,6.296621152532563e-07,1.4246304842203407e-07,3.9346161894193857e-07,7.665425536226772e-07
134,4.051524141409856e-07,3.7186583326386715e-07,9.124307717672478e-07,1.4084467951237334e-07,4.6587533837022345e-07,1.0336609700169576e-06,7.982172404167837e-07,6.60411525596289e-08,6.871991219406593e-07,1.6654587044923442e-07,1.840828900526476e-07,4.6357568456266036e-07,2.784137131692665e-07,6.576727821466243e-07,3.7850448151264187e-07,2.0743256730553616e-07,6.296621152532563e-07,1.4246304842203407e-07,3.9346161894193857e-07,7.665425536226772e-07
135,4.051524141409856e-07,3.7186583326386715e-07,9.124307717672478e-07,1.4084467951237334e-07,4.6587533837022345e-07,1.0336609700169576e-06,7.982172404167837e-07,5.121256841658045e-08,6.871991219406593e-07,1.6654587044923442e-07,1.840828900526476e-07,4.6357568456266036e-07,2.784137131692665e-07,6.576727821466243e-07,3.7850448151264187e-07,2.0743256730553616e-07,6.296621152532563e-07,1.4246304842203407e-07,3.9346161894193857e-07,5.562536213614737e-07
136,3.258757690809065e-07,3.7186583326386715e-07,9.124307717672478e-07,1.4084467951237334e-07,4.6587533837022345e-07,1.0336609700169576e-06,7.982172404167837e-07,5.121256841658045e-08,6.871991219406593e-07,1.6654587044923442e-07,1.840828900526476e-07,4.6357568456266036e-07,2.784137131692665e-07,6.576727821466243e-07,3.7850448151264187e-07,2.0743256730553616e-07,6.296621152532563e-07,1.4246304842203407e-07,3.9346161894193857e-07,5.562536213614737e-07
137,3.258757690809065e-07,3.7186583326386715e-07,9.124307717672478e-07,1.4084467951237334e-07,4.6587533837022345e-07,1.0336609700169576e-06,7.982172404167837e-07,3.274162744099404e-08,6.871991219406593e-07,1.6654587044923442e-07,1.840828900526476e-07,4.6357568456266036e-07,2.784137131692665e-07,6.576727821466243e-07,3.7850448151264187e-07,2.0743256730553616e-07,6.296621152532563e-07,1.4246304842203407e-07,3.9346161894193857e-07,5.562536213614737e-07
138,3.258757690809065e-07,3.7186583326386715e-07,9.124307717672478e-07,1.4084467951237334e-07,4.6587533837022345e-07,1.0336609700169576e-06,7.982172404167837e-07,3.274162744099404e-08,6.871991219406593e-07,1.6654587044923442e-07,1.840828900526476e-07,4.6357568456266036e-07,2.784137131692665e-07,6.576727821466243e-07,3.7850448151264187e-07,2.0743256730553616e-07,6.296621152532563e-07,1.4246304842203407e-07,3.9346161894193857e-07,5.562536213614737e-07
139,3.258757690809065e-07,3.7136594354040387e-07,9.124307717672478e-07,1.4084467951237334e-07,4.6587533837022345e-07,1.0336609700169576e-06,7.051884808494793e-07,3.274162744099404e-08,6.364545537425459e-07,1.6654587044923442e-07,1.840828900526476e-07,4.6357568456266036e-07,2.784137131692665e-07,6.576727821466243e-07,3.7850448151264187e-07,2.0743256730553616e-07,6.296621152532563e-07,1.4246304842203407e-07,3.9346161894193857e-07,5.562536213614737e-07
140,3.258757690809065e-07,3.50983600548325e-07,9.124307717672478e-07,1.4084467951237334e-07,4.6587533837022345e-07,1.0336609700169576e-06,7.051884808494793e-07,3.274162744099404e-08,6.364545537425459e-07,1.6654587044923442e-07,1.840828900526476e-07,4.6357568456266036e-07,2.784137131692665e-07,6.576727821466243e-07,3.7850448151264187e-07,2.0743256730553616e-07,6.296621152532563e-07,1.4246304842203407e-07,3.9346161894193857e-07,5.562536213614737e-07
141,3.258757690809065e-07,3.50983600548325e-07,9.124307717672478e-07,1.4084467951237334e-07,4.6587533837022345e-07,1.0336609700169576e-06,7.051884808494793e-07,3.274162744099404e-08,6.364545537425459e-07,1.6654587044923442e-07,1.840828900526476e-07,3.268310938682349e-07,2.784137131692665e-07,6.576727821466243e-07,3.7850448151264187e-07,2.0743256730553616e-07,6.296621152532563e-07,1.4246304842203407e-07,3.9346161894193857e-07,5.562536213614737e-07
142,3.258757690809065e-07,3.50983600548325e-07,9.124307717672478e-07,1.4084467951237334e-07,4.6587533837022345e-07,1.0336609700169576e-06,7.051884808494793e-07,3.274162744099404e-08,6.364545537425459e-07,1.6654587044923442e-07,1.840828900526476e-07,3.268310938682349e-07,2.784137131692665e-07,6.576727821466243e-07,3.7850448151264187e-07,2.0743256730553616e-07,6.296621152532563e-07,1.4246304842203407e-07,3.9346161894193857e-07,5.562536213614737e-07
143,3.258757690809065e-07,3.50983600548325e-07,9.124307717672478e-07,1.4084467951237334e-07,4.6587533837022345e-07,6.888771015738837e-07,7.051884808494793e-07,3.274162744099404e-08,6.364545537425459e-07,1.6654587044923442e-07,1.840828900526476e-07,3.268310938682349e-07,2.784137131692665e-07,6.576727821466243e-07,3.7850448151264187e-07,2.0743256730553616e-07,6.296621152532563e-07,1.4246304842203407e-07,3.9346161894193857e-07,5.562536213614737e-07
144,3.258757690809065e-07,3.50983600548325e-07,9.124307717672478e-07,1.4084467951237334e-07,4.6587533837022345e-07,5.08863974883137e-07,7.051884808494793e-07,3.274162744099404e-08,6.364545537425459e-07,1.6654587044923442e-07,1.840828900526476e-07,3.268310938682349e-07,2.784137131692665e-07,6.576727821466243e-07,3.7850448151264187e-07,2.0743256730553616e-07,6.296621152532563e-07,1.4246304842203407e-07,3.9346161894193857e-07,5.562536213614737e-07
145,3.258757690809065e-07,3.50983600548325e-07,9.124307717672478e-07,1.4084467951237334e-07,4.6587533837022345e-07,5.08863974883137e-07,7.051884808494793e-07,3.274162744099404e-08,6.364545537425459e-07,1.6654587044923442e-07,1.840828900526476e-07,3.268310938682349e-07,2.784137131692665e-07,6.576727821466243e-07,3.7850448151264187e-07,2.0743256730553616e-07,6.296621152532563e-07,1.4246304842203407e-07,3.9346161894193857e-07,5.562536213614737e-07
146,3.258757690809065e-07,3.50983600548325e-07,9.124307717672478e-07,1.4084467951237334e-07,4.6587533837022345e-07,5.08863974883137e-07,7.051884808494793e-07,3.274162744099404e-08,6.364545537425459e-07,1.6654587044923442e-07,1.840828900526476e-07,3.268310938682349e-07,2.784137131692665e-07,6.576727821466243e-07,3.7850448151264187e-07,2.0743256730553616e-07,6.296621152532563e-07,1.4246304842203407e-07,3.9346161894193857e-07,5.562536213614737e-07
147,3.258757690809065e-07,3.50983600548325e-07,9.124307717672478e-07,1.4084467951237334e-07,4.6587533837022345e-07,5.08863974883137e-07,7.051884808494793e-07,3.274162744099404e-08,6.364545537425459e-07,1.6654587044923442e-07,1.840828900526476e-07,3.268310938682349e-07,2.784137131692665e-07,6.576727821466243e-07,3.7850448151264187e-07,2.0743256730553616e-07,6.296621152532563e-07,1.4246304842203407e-07,3.9346161894193857e-07,5.562536213614737e-07
148,3.258757690809065e-07,3.216958935713976e-07,9.124307717672478e-07,1.4084467951237334e-07,4.6587533837022345e-07,5.08863974883137e-07,7.051884808494793e-07,3.274162744099404e-08,6.364545537425459e-07,1.6654587044923442e-07,1.840828900526476e-07,3.268310938682349e-07,2.784137131692665e-07,6.576727821466243e-07,3.7850448151264187e-07,1.4967060133524645e-07,6.296621152532563e-07,1.4246304842203407e-07,3.9346161894193857e-07,5.562536213614737e-07
149,3.258757690809065e-07,3.216958935713976e-07,9.124307717672478e-07,1.4084467951237334e-07,4.6587533837022345e-07,4.994164144348433e-07,7.051884808494793e-07,3.274162744099404e-08,6.364545537425459e-07,1.6654587044923442e-07,1.840828900526476e-07,3.2591220838740354e-07,2.784137131692665e-07,6.576727821466243e-07,3.7850448151264187e-07,1.4967060133524645e-07,6.296621152532563e-07,1.4246304842203407e-07,3.9346161894193857e-07,5.562536213614737e-07
150,3.258757690809065e-07,3.216958935713976e-07,9.124307717672478e-07,1.4084467951237334e-07,4.6587533837022345e-07,4.994164144348433e-07,7.051884808494793e-07,3.274162744099404e-08,6.364545537425459e-07,1.6654587044923442e-07,1.35141565129905e-07,3.2591220838740354e-07,2.784137131692665e-07,6.576727821466243e-07,3.7850448151264187e-07,1.4967060133524645e-07,6.296621152532563e-07,1.4246304842203407e-07,3.9346161894193857e-07,5.562536213614737e-07
151,3.258757690809065e-07,3.216958935713976e-07,9.124307717672478e-07,1.4084467951237334e-07,4.6587533837022345e-07,4.994164144348433e-07,7.051884808494793e-07,3.274162744099404e-08,6.364545537425459e-07,1.6654587044923442e-07,1.35141565129905e-07,3.2591220838740354e-07,2.784137131692665e-07,6.576727821466243e-07,3.7850448151264187e-07,1.4967060133524645e-07,6.296621152532563e-07,1.4246304842203407e-07,3.9346161894193857e-07,5.562536213614737e-07
152,3.258757690809065e-07,3.216958935713976e-07,9.124307717672478e-07,1.4084467951237334e-07,4.6587533837022345e-07,4.994164144348433e-07,7.051884808494793e-07,3.274162744099404e-08,6.364545537425459e-07,1.6654587044923442e-07,1.35141565129905e-07,3.2591220838740354e-07,2.784137131692665e-07,6.576727821466243e-07,3.7850448151264187e-07,1.4967060133524645e-07,6.296621152532563e-07,1.4246304842203407e-07,3.9346161894193857e-07,5.562536213614737e-07
153,3.258757690809065e-07,3.216958935713976e-07,9.124307717672478e-07,1.4084467951237334e-07,4.6587533837022345e-07,4.994164144348433e-07,7.051884808494793e-07,3.274162744099404e-08,6.364545537425459e-07,1.6654587044923442e-07,1.35141565129905e-07,3.2591220838740354e-07,2.784137131692665e-07,6.576727821466243e-07,3.7850448151264187e-07,1.4967060133524645e-07,6.296621152532563e-07,1.4246304842203407e-07,3.9346161894193857e-07,5.562536213614737e-07
154,3.258757690809065e-07,3.216958935713976e-07,9.124307717672478e-07,1.4084467951237334e-07,4.6587533837022345e-07,4.994164144348433e-07,7.051884808494793e-07,3.274162744099404e-08,6.364545537425459e-07,1.6654587044923442e-07,1.35141565129905e-07,3.2591220838740354e-07,2.784137131692665e-07,6.576727821466243e-07,3.7850448151264187e-07,1.4967060133524645e-07,6.296621152532563e-07,1.4246304842203407e-07,3.9346161894193857e-07,5.562536213614737e-07
155,3.258757690809065e-07,3.216958935713976e-07,9.124307717672478e-07,1.4084467951237334e-07,4.6587533837022345e-07,4.994164144348433e-07,7.051884808494793e-07,3.274162744099404e-08,6.364545537425459e-07,1.6654587044923442e-07,1.35141565129905e-07,3.2591220838740354e-07,2.784137131692665e-07,6.576727821466243e-07,3.7850448151264187e-07,1.4966907001645584e-07,6.296621152532563e-07,1.4246304842203407e-07,3.9346161894193857e-07,5.562536213614737e-07
156,3.258757690809065e-07,3.216958935713976e-07,9.124307717672478e-07,1.4084467951237334e-07,4.6587533837022345e-07,4.771336090616752e-07,7.051884808494793e-07,3.274162744099404e-08,6.364545537425459e-07,1.6654587044923442e-07,1.35141565129905e-07,3.2591220838740354e-07,2.784137131692665e-07,6.576727821466243e-07,3.7850448151264187e-07,1.4966907001645584e-07,6.296621152532563e-07,1.4246304842203407e-07,3.9346161894193857e-07,5.562536213614737e-07
157,3.258757690809065e-07,3.216958935713976e-07,9.124307717672478e-07,1.4084467951237334e-07,4.6587533837022345e-07,4.771336090616752e-07,7.051884808494793e-07,3.274162744099404e-08,6.364545537425459e-07,1.6654587044923442e-07,1.35141565129905e-07,3.2591220838740354e-07,2.784137131692665e-07,6.576727821466243e-07,3.7850448151264187e-07,1.4966907001645584e-07,6.296621152532563e-07,1.4246304842203407e-07,3.9346161894193857e-07,5.562536213614737e-07
158,3.258757690809065e-07,3.216958935713976e-07,9.124307717672478e-07,1.4084467951237334e-07,4.6587533837022345e-07,2.590718801416035e-07,7.051884808494793e-07,3.274162744099404e-08,6.364545537425459e-07,1.6654587044923442e-07,1.35141565129905e-07,3.2591220838740354e-07,2.784137131692665e-07,6.576727821466243e-07,3.7850448151264187e-07,1.4966907001645584e-07,6.296621152532563e-07,1.4246304842203407e-07,3.9346161894193857e-07,5.562536213614737e-07
159,3.258757690809065e-07,3.216958935713976e-07,9.124307717672478e-07,1.4084467951237334e-07,4.6587533837022345e-07,2.590718801416035e-07,7.051884808494793e-07,3.274162744099404e-08,6.364545537425459e-07,1.6654587044923442e-07,1.35141565129905e-07,3.2591220838740354e-07,2.784137131692665e-07,6.576727821466243e-07,3.7850448151264187e-07,1.4966907001645584e-07,6.296621152532563e-07,1.4246304842203407e-07,3.9346161894193857e-07,5.562536213614737e-07
160,3.258757690809065e-07,3.216958935713976e-07,9.124307717672478e-07,1.4084467951237334e-07,4.6587533837022345e-07,2.590718801416035e-07,7.051884808494793e-07,3.274162744099404e-08,6.364545537425459e-07,1.3530182873549757e-07,1.35141565129905e-07,3.2591220838740354e-07,2.784137131692665e-07,6.576727821466243e-07,3.7850448151264187e-07,1.4966907001645584e-07,6.296621152532563e-07,1.4246304842203407e-07,3.9346161894193857e-07,5.562536213614737e-07
161,3.258757690809065e-07,3.216958935713976e-07,9.124307717672478e-07,1.4084467951237334e-07,3.8834469083510753e-07,2.590718801416035e-07,7.051884808494793e-07,3.274162744099404e-08,6.364545537425459e-07,1.3530182873549757e-07,1.35141565129905e-07,3.2591220838740354e-07,2.784137131692665e-07,6.576727821466243e-07,3.7850448151264187e-07,1.4966907001645584e-07,6.296621152532563e-07,1.4246304842203407e-07,3.9346161894193857e-07,5.562536213614737e-07
162,3.258757690809065e-07,3.216958935713976e-07,9.124307717672478e-07,1.4084467951237334e-07,3.8834469083510753e-07,2.590718801416035e-07,7.051884808494793e-07,3.274162744099404e-08,6.364545537425459e-07,1.3530182873549757e-07,1.35141565129905e-07,3.2591220838740354e-07,2.784137131692665e-07,6.576727821466243e-07,3.7850448151264187e-07,1.4966907001645584e-07,6.296621152532563e-07,1.3596798777545599e-07,3.9346161894193857e-07,5.562536213614737e-07
163,3.258757690809065e-07,2.962390465211533e-07,9.124307717672478e-07,1.4084467951237334e-07,3.8834469083510753e-07,2.590718801416035e-07,7.051884808494793e-07,3.274162744099404e-08,6.364545537425459e-07,1.3530182873549757e-07,1.35141565129905e-07,3.2591220838740354e-07,2.784137131692665e-07,6.576727821466243e-07,3.7850448151264187e-07,1.4966907001645584e-07,6.296621152532563e-07,1.3596798777545599e-07,3.9346161894193857e-07,5.562536213614737e-07
164,3.258757690809065e-07,2.962390465211533e-07,9.124307717672478e-07,1.4084467951237334e-07,3.8834469083510753e-07,2.590718801416035e-07,7.051884808494793e-07,3.274162744099404e-08,6.364545537425459e-07,1.3530182873549757e-07,1.35141565129905e-07,3.2591220838740354e-07,2.784137131692665e-07,6.576727821466243e-07,3.7850448151264187e-07,1.4646134248948565e-07,6.296621152532563e-07,1.3596798777545599e-07,3.9346161894193857e-07,5.562536213614737e-07
165,3.258757690809065e-07,2.962390465211533e-07,9.124307717672478e-07,1.4084467951237334e-07,3.8834469083510753e-07,2.590718801416035e-07,7.051884808494793e-07,3.274162744099404e-08,6.364545537425459e-07,1.3530182873549757e-07,1.35141565129905e-07,3.2591220838740354e-07,2.784137131692665e-07,6.576727821466243e-07,3.7850448151264187e-07,1.4646134248948565e-07,6.296621152532563e-07,1.3596798777545599e-07,3.9346161894193857e-07,5.562536213614737e-07
166,3.258757690809065e-07,2.962390465211533e-07,9.124307717672478e-07,1.4084467951237334e-07,3.8834469083510753e-07,2.590718801416035e-07,7.051884808494793e-07,3.274162744099404e-08,6.364545537425459e-07,1.3530182873549757e-07,1.35141565129905e-07,3.2591220838740354e-07,2.784137131692665e-07,6.576727821466243e-07,3.7850448151264187e-07,1.4646134248948565e-07,6.296621152532563e-07,1.3596798777545599e-07,3.9346161894193857e-07,5.562536213614737e-07
167,3.258757690809065e-07,2.962390465211533e-07,9.124307717672478e-07,1.4084467951237334e-07,3.8834469083510753e-07,2.590718801416035e-07,7.051884808494793e-07,3.274162744099404e-08,6.364545537425459e-07,1.3530182873549757e-07,1.35141565129905e-07,3.2591220838740354e-07,2.784137131692665e-07,6.576727821466243e-07,3.7850448151264187e-07,1.4646134248948565e-07,6.296621152532563e-07,1.3596798777545599e-07,3.9346161894193857e-07,5.562536213614737e-07
168,3.258757690809065e-07,2.962390465211533e-07,9.124307717672478e-07,1.4084467951237334e-07,3.8834469083510753e-07,2.590718801416035e-07,7.051884808494793e-07,3.274162744099404e-08,6.364545537425459e-07,1.3530182873549757e-07,1.2265701959918401e-07,2.6521636393512716e-07,2.784137131692665e-07,6.576727821466243e-07,3.7850448151264187e-07,1.4646134248948565e-07,6.296621152532563e-07,1.3596798777545599e-07,3.9346161894193857e-07,5.562536213614737e-07
169,3.258757690809065e-07,2.962390465211533e-07,9.124307717672478e-07,1.4084467951237334e-07,3.8834469083510753e-07,2.590718801416035e-07,7.051884808494793e-07,3.274162744099404e-08,6.364545537425459e-07,1.3530182873549757e-07,1.2265701959918401e-07,2.6521636393512716e-07,2.784137131692665e-07,6.576727821466243e-07,3.7850448151264187e-07,1.4646134248948565e-07,6.296621152532563e-07,1.3596798777545599e-07,3.9346161894193857e-07,4.213099103233173e-07
170,3.258757690809065e-07,2.962390465211533e-07,5.401290900194829e-07,1.4084467951237334e-07,3.8834469083510753e-07,6.60937783661134e-08,7.051884808494793e-07,3.274162744099404e-08,6.364545537425459e-07,1.3530182873549757e-07,1.2265701959918401e-07,2.6521636393512716e-07,2.784137131692665e-07,6.576727821466243e-07,3.7850448151264187e-07,1.4646134248948565e-07,6.296621152532563e-07,1.3596798777545599e-07,3.9346161894193857e-07,4.075938520946922e-07
171,3.258757690809065e-07,2.8316402347816644e-07,5.401290900194829e-07,1.4084467951237334e-07,3.8834469083510753e-07,6.60937783661134e-08,7.051884808494793e-07,3.274162744099404e-08,6.364545537425459e-07,1.3530182873549757e-07,1.2265701959918401e-07,2.6521636393512716e-07,2.784137131692665e-07,6.576727821466243e-07,3.7850448151264187e-07,1.4646134248948565e-07,5.209721360231145e-07,1.3596798777545599e-07,3.9346161894193857e-07,4.075938520946922e-07
172,2.3805392102125994e-07,2.8316402347816644e-07,5.401290900194829e-07,1.4084467951237334e-07,3.8834469083510753e-07,6.60937783661134e-08,7.051884808494793e-07,3.274162744099404e-08,6.364545537425459e-07,1.3530182873549757e-07,1.2265701959918401e-07,2.6521636393512716e-07,2.784137131692665e-07,6.576727821466243e-07,3.7850448151264187e-07,1.4646134248948565e-07,5.209721360231145e-07,1.3596798777545599e-07,3.9346161894193857e-07,4.075938520946922e-07
173,2.3805392102125994e-07,2.8316402347816644e-07,5.401290900194829e-07,1.4084467951237334e-07,3.8834469083510753e-07,6.60937783661134e-08,6.506526650652648e-07,3.274162744099404e-08,6.364545537425459e-07,1.3530182873549757e-07,1.2265701959918401e-07,2.6521636393512716e-07,2.784137131692665e-07,6.576727821466243e-07,3.7850448151264187e-07,1.4646134248948565e-07,5.209721360231145e-07,1.3596798777545599e-07,2.3457706616445915e-07,4.075938520946922e-07
174,2.3805392102125994e-07,2.8316402347816644e-07,5.401290900194829e-07,1.4084467951237334e-07,3.8834469083510753e-07,6.60937783661134e-08,6.506526650652648e-07,3.274162744099404e-08,6.364545537425459e-07,6.000349308001303e-08,1.2265701959918401e-07,2.6521636393512716e-07,2.784137131692665e-07,6.576727821466243e-07,3.7850448151264187e-07,1.4646134248948565e-07,4.646500682333291e-07,1.3596798777545599e-07,2.3457706616445915e-07,4.075938520946922e-07
175,2.3805392102125994e-07,2.8316402347816644e-07,5.401290900194829e-07,1.4084467951237334e-07,3.8834469083510753e-07,6.60937783661134e-08,6.506526650652648e-07,3.274162744099404e-08,6.364545537425459e-07,6.000349308001303e-08,1.2265701959918401e-07,2.6521636393512716e-07,2.784137131692665e-07,6.576727821466243e-07,3.7850448151264187e-07,1.4646134248948565e-07,4.646500682333291e-07,1.3596798777545599e-07,2.3457706616445915e-07,4.075938520946922e-07
176,2.3805392102125994e-07,2.8316402347816644e-07,5.401290900194829e-07,1.4084467951237334e-07,3.8834469083510753e-07,6.60937783661134e-08,6.506526650652648e-07,3.274162744099404e-08,6.364545537425459e-07,6.000349308001303e-08,1.2265701959918401e-07,2.6521636393512716e-07,2.784137131692665e-07,6.576727821466243e-07,3.7850448151264187e-07,1.4646134248948565e-07,4.646500682333291e-07,1.3596798777545599e-07,2.3457706616445915e-07,4.075938520946922e-07
177,2.3805392102125994e-07,2.8316402347816644e-07,5.401290900194829e-07,1.4084467951237334e-07,3.8834469083510753e-07,6.60937783661134e-08,6.506526650652648e-07,3.274162744099404e-08,6.364545537425459e-07,6.000349308001303e-08,1.2265701959918401e-07,2.6521636393512716e-07,2.784137131692665e-07,6.576727821466243e-07,3.7850448151264187e-07,1.4646134248948565e-07,4.646500682333291e-07,7.851108328652408e-08,2.3457706616445915e-07,4.075938520946922e-07
178,2.3805392102125994e-07,2.8316402347816644e-07,5.401290900194829e-07,1.4084467951237334e-07,3.8834469083510753e-07,6.60937783661134e-08,6.506526650652648e-07,3.274162744099404e-08,6.364545537425459e-07,6.000349308001303e-08,1.2265701959918401e-07,2.6521636393512716e-07,2.784137131692665e-07,6.576727821466243e-07,3.7850448151264187e-07,1.4646134248948565e-07,4.646500682333291e-07,7.851108328652408e-08,2.3457706616445915e-07,4.075938520946922e-07
179,2.3805392102125994e-07,2.8316402347816644e-07,5.401290900194829e-07,1.4084467951237334e-07,3.8834469083510753e-07,6.60937783661134e-08,6.506526650652648e-07,3.274162744099404e-08,6.364545537425459e-07,6.000349308001303e-08,1.2265701959918401e-07,2.6521636393512716e-07,2.784137131692665e-07,6.576727821466243e-07,3.7850448151264187e-07,1.4646134248948565e-07,4.646500682333291e-07,7.851108328652408e-08,2.3457706616445915e-07,4.075938520946922e-07
180,2.3805392102125994e-07,2.8316402347816644e-07,5.401290900194829e-07,1.4084467951237334e-07,3.8834469083510753e-07,6.60937783661134e-08,6.506526650652648e-07,3.274162744099404e-08,6.364545537425459e-07,6.000349308001303e-08,1.2265701959918401e-07,2.6521636393512716e-07,2.784137131692665e-07,6.576727821466243e-07,3.7850448151264187e-07,1.4646134248948565e-07,4.646500682333291e-07,7.851108328652408e-08,2.3457706616445915e-07,4.075938520946922e-07
181,2.3805392102125994e-07,2.8316402347816644e-07,4.2873612508488936e-07,1.4084467951237334e-07,3.8834469083510753e-07,6.60937783661134e-08,6.506526650652648e-07,3.274162744099404e-08,6.364545537425459e-07,6.000349308001303e-08,1.2265701959918401e-07,2.6521636393512716e-07,2.784137131692665e-07,6.576727821466243e-07,3.7850448151264187e-07,1.4646134248948565e-07,4.646500682333291e-07,7.851108328652408e-08,2.3457706616445915e-07,1.7630600182678925e-07
182,2.3805392102125994e-07,2.8316402347816644e-07,4.2873612508488936e-07,1.4084467951237334e-07,3.8834469083510753e-07,6.60937783661134e-08,6.506526650652648e-07,3.274162744099404e-08,6.364545537425459e-07,6.000349308001303e-08,8.930385682730843e-08,2.6521636393512716e-07,2.784137131692665e-07,6.576727821466243e-07,3.7850448151264187e-07,1.4646134248948565e-07,4.646500682333291e-07,7.851108328652408e-08,2.3457706616445915e-07,1.7630600182678925e-07
183,2.3805392102125994e-07,2.8316402347816644e-07,4.2873612508488936e-07,1.4084467951237334e-07,3.8834469083510753e-07,6.60937783661134e-08,6.506526650652648e-07,3.274162744099404e-08,6.364545537425459e-07,6.000349308001303e-08,8.930385682730843e-08,2.6521636393512716e-07,2.784137131692665e-07,6.576727821466243e-07,3.75785636270452e-07,1.4646134248948565e-07,4.646500682333291e-07,7.851108328652408e-08,2.3457706616445915e-07,1.7630600182678925e-07
184,2.3805392102125994e-07,2.8316402347816644e-07,4.2873612508488936e-07,1.4084467951237334e-07,3.8834469083510753e-07,6.60937783661134e-08,6.506526650652648e-07,3.274162744099404e-08,6.364545537425459e-07,6.000349308001303e-08,8.930385682730843e-08,2.6521636393512716e-07,2.784137131692665e-07,6.576727821466243e-07,3.75785636270452e-07,1.4646134248948565e-07,4.646500682333291e-07,7.851108328652408e-08,2.3457706616445915e-07,1.7630600182678925e-07
185,2.3805392102125994e-07,2.8316402347816644e-07,4.2873612508488936e-07,1.4084467951237334e-07,3.8834469083510753e-07,6.60937783661134e-08,6.506526650652648e-07,3.274162744099404e-08,6.364545537425459e-07,6.000349308001303e-08,8.930385682730843e-08,2.6521636393512716e-07,2.784137131692665e-07,6.576727821466243e-07,3.75785636270452e-07,1.4646134248948565e-07,4.646500682333291e-07,7.851108328652408e-08,2.3457706616445915e-07,1.7630600182678925e-07
186,2.3805392102125994e-07,2.8316402347816644e-07,4.2873612508488936e-07,1.4084467951237334e-07,3.8834469083510753e-07,6.60937783661134e-08,6.506526650652648e-07,3.274162744099404e-08,6.364545537425459e-07,6.000349308001303e-08,8.930385682730843e-08,2.6521636393512716e-07,2.784137131692665e-07,6.576727821466243e-07,3.75785636270452e-07,1.4646134248948565e-07,4.646500682333291e-07,7.851108328652408e-08,2.3457706616445915e-07,1.7630600182678925e-07
187,2.3805392102125994e-07,2.8316402347816644e-07,4.2873612508488936e-07,1.4084467951237334e-07,3.8834469083510753e-07,6.60937783661134e-08,6.506526650652648e-07,3.274162744099404e-08,6.364545537425459e-07,6.000349308001303e-08,8.930385682730843e-08,2.6521636393512716e-07,2.784137131692665e-07,6.576727821466243e-07,3.75785636270452e-07,1.4646134248948565e-07,4.646500682333291e-07,7.851108328652408e-08,2.3457706616445915e-07,1.7630600182678925e-07
188,2.3805392102125994e-07,2.8316402347816644e-07,4.2873612508488936e-07,1.4084467951237334e-07,3.8834469083510753e-07,6.60937783661134e-08,4.333471916182979e-07,3.274162744099404e-08,6.364545537425459e-07,6.000349308001303e-08,8.930385682730843e-08,2.6521636393512716e-07,2.784137131692665e-07,6.576727821466243e-07,3.75785636270452e-07,1.4646134248948565e-07,4.646500682333291e-07,7.851108328652408e-08,2.3457706616445915e-07,1.7630600182678925e-07
189,2.3805392102125994e-07,2.8316402347816644e-07,4.2873612508488936e-07,1.4084467951237334e-07,1.7901022852242376e-07,6.60937783661134e-08,4.333471916182979e-07,3.274162744099404e-08,6.364545537425459e-07,6.000349308001303e-08,8.930385682730843e-08,2.6521636393512716e-07,2.784137131692665e-07,6.576727821466243e-07,3.75785636270452e-07,1.4646134248948565e-07,4.646500682333291e-07,7.851108328652408e-08,2.3457706616445915e-07,1.7630600182678925e-07
190,2.3805392102125994e-07,2.8316402347816644e-07,4.2873612508488936e-07,1.4084467951237334e-07,1.7901022852242376e-07,6.60937783661134e-08,4.333471916182979e-07,3.274162744099404e-08,6.364545537425459e-07,6.000349308001303e-08,8.930385682730843e-08,2.6521636393512716e-07,2.784137131692665e-07,6.576727821466243e-07,3.75785636270452e-07,1.4646134248948565e-07,4.646500682333291e-07,7.851108328652408e-08,2.3457706616445915e-07,1.7630600182678925e-07
191,2.3805392102125994e-07,2.8316402347816644e-07,4.2873612508488936e-07,1.4084467951237334e-07,1.7901022852242376e-07,6.60937783661134e-08,4.333471916182979e-07,3.274162744099404e-08,6.364545537425459e-07,6.000349308001303e-08,8.930385682730843e-08,2.6521636393512716e-07,2.784137131692665e-07,6.576727821466243e-07,3.75785636270452e-07,1.4646134248948565e-07,2.559976446737285e-07,7.851108328652408e-08,2.3457706616445915e-07,1.7630600182678925e-07
192,2.3805392102125994e-07,2.8316402347816644e-07,4.2873612508488936e-07,1.4084467951237334e-07,1.7901022852242376e-07,6.60937783661134e-08,4.333471916182979e-07,3.274162744099404e-08,6.364545537425459e-07,6.000349308001303e-08,8.930385682730843e-08,2.6521636393512716e-07,2.784137131692665e-07,6.576727821466243e-07,3.75785636270452e-07,1.4646134248948565e-07,2.559976446737285e-07,7.851108328652408e-08,2.3457706616445915e-07,1.7630600182678925e-07
193,2.3805392102125994e-07,2.8316402347816644e-07,4.2873612508488936e-07,1.4084467951237334e-07,1.7901022852242376e-07,6.60937783661134e-08,4.333471916182979e-07,3.274162744099404e-08,6.364545537425459e-07,6.000349308001303e-08,8.930385682730843e-08,2.6521636393512716e-07,2.784137131692665e-07,6.576727821466243e-07,3.75785636270452e-07,1.4646134248948565e-07,2.559976446737285e-07,7.851108328652408e-08,2.3457706616445915e-07,1.7630600182678925e-07
194,2.3805392102125994e-07,2.8316402347816644e-07,4.2873612508488936e-07,1.4084467951237334e-07,1.7901022852242376e-07,6.60937783661134e-08,4.333471916182979e-07,3.274162744099404e-08,6.364545537425459e-07,6.000349308001303e-08,8.930385682730843e-08,2.6521636393512716e-07,2.784137131692665e-07,6.576727821466243e-07,3.75785636270452e-07,1.4646134248948565e-07,2.559976446737285e-07,7.851108328652408e-08,2.3457706616445915e-07,1.7630600182678925e-07
195,2.3805392102125994e-07,2.8316402347816644e-07,4.2873612508488936e-07,1.4084467951237334e-07,1.7901022852242376e-07,6.60937783661134e-08,4.333471916182979e-07,3.274162744099404e-08,6.364545537425459e-07,6.000349308001303e-08,8.13540790775765e-08,2.6521636393512716e-07,2.784137131692665e-07,6.576727821466243e-07,3.75785636270452e-07,1.4646134248948565e-07,2.559976446737285e-07,7.851108328652408e-08,2.3457706616445915e-07,1.7630600182678925e-07
196,2.3805392102125994e-07,2.8316402347816644e-07,4.2873612508488936e-07,1.4084467951237334e-07,1.7901022852242376e-07,6.60937783661134e-08,4.333471916182979e-07,3.274162744099404e-08,6.364545537425459e-07,6.000349308001303e-08,8.13540790775765e-08,2.6521636393512716e-07,2.784137131692665e-07,6.576727821466243e-07,3.75785636270452e-07,1.4646134248948565e-07,2.559976446737285e-07,6.823125534126645e-08,2.3457706616445915e-07,1.7630600182678925e-07
197,2.3805392102125994e-07,2.8316402347816644e-07,4.2873612508488936e-07,1.4084467951237334e-07,1.7901022852242376e-07,5.434214734050934e-08,4.333471916182979e-07,3.274162744099404e-08,6.364545537425459e-07,6.000349308001303e-08,8.13540790775765e-08,2.6521636393512716e-07,2.784137131692665e-07,6.576727821466243e-07,3.75785636270452e-07,1.4646134248948565e-07,2.559976446737285e-07,6.823125534126645e-08,2.3457706616445915e-07,1.7630600182678925e-07
198,2.3805392102125994e-07,2.8316402347816644e-07,4.2873612508488936e-07,1.4084467951237334e-07,1.7901022852242376e-07,5.434214734050934e-08,4.333471916182979e-07,3.274162744099404e-08,6.364545537425459e-07,6.000349308001303e-08,8.13540790775765e-08,2.6521636393512716e-07,2.784137131692665e-07,6.576727821466243e-07,3.75785636270452e-07,1.4646134248948565e-07,2.559976446737285e-07,6.823125534126645e-08,2.3457706616445915e-07,1.7630600182678925e-07
199,2.3805392102125994e-07,2.8316402347816644e-07,4.2873612508488936e-07,1.4084467951237334e-07,1.7901022852242376e-07,5.434214734050934e-08,4.333471916182979e-07,3.274162744099404e-08,6.364545537425459e-07,6.000349308001303e-08,8.13540790775765e-08,2.6521636393512716e-07,2.784137131692665e-07,6.576727821466243e-07,3.75785636270452e-07,1.4646134248948565e-07,2.559976446737285e-07,6.823125534126645e-08,2.3457706616445915e-07,1.7630600182678925e-07
200,2.3805392102125994e-07,2.8316402347816644e-07,4.2873612508488936e-07,1.4084467951237334e-07,1.7901022852242376e-07,5.434214734050934e-08,4.333471916182979e-07,3.274162744099404e-08,6.364545537425459e-07,6.000349308001303e-08,8.13540790775765e-08,2.6521636393512716e-07,2.784137131692665e-07,6.576727821466243e-07,3.75785636270452e-07,1.4646134248948565e-07,2.559976446737285e-07,6.823125534126645e-08,2.3457706616445915e-07,1.7630600182678925e-07
201,2.3805392102125994e-07,2.8316402347816644e-07,4.2873612508488936e-07,1.4084467951237334e-07,1.7901022852242376e-07,5.434214734050934e-08,4.333471916182979e-07,3.274162744099404e-08,4.4798680331502466e-07,6.000349308001303e-08,8.13540790775765e-08,2.6521636393512716e-07,2.784137131692665e-07,6.576727821466243e-07,3.75785636270452e-07,1.4646134248948565e-07,2.559976446737285e-07,6.823125534126645e-08,2.3457706616445915e-07,1.7630600182678925e-07
202,2.3805392102125994e-07,2.8316402347816644e-07,4.2873612508488936e-07,1.4084467951237334e-07,1.7901022852242376e-07,5.434214734050934e-08,4.333471916182979e-07,3.274162744099404e-08,4.4798680331502466e-07,6.000349308001303e-08,8.13540790775765e-08,2.6521636393512716e-07,2.784137131692665e-07,6.576727821466243e-07,3.75785636270452e-07,1.4646134248948565e-07,2.559976446737285e-07,6.823125534126645e-08,2.3457706616445915e-07,1.7630600182678925e-07
203,2.3805392102125994e-07,2.8316402347816644e-07,4.2873612508488936e-07,1.4084467951237334e-07,1.7901022852242376e-07,5.434214734050934e-08,4.333471916182979e-07,3.274162744099404e-08,4.4798680331502466e-07,5.972920984329492e-08,8.13540790775765e-08,2.6521636393512716e-07,2.784137131692665e-07,6.576727821466243e-07,3.75785636270452e-07,1.4646134248948565e-07,2.559976446737285e-07,6.823125534126645e-08,2.3457706616445915e-07,1.7630600182678925e-07
204,2.3805392102125994e-07,2.8316402347816644e-07,4.2873612508488936e-07,1.4084467951237334e-07,1.7901022852242376e-07,5.434214734050934e-08,4.333471916182979e-07,1.2704044415386808e-08,4.4798680331502466e-07,5.7428439530871005e-08,8.13540790775765e-08,2.6521636393512716e-07,2.784137131692665e-07,6.576727821466243e-07,3.75785636270452e-07,1.4646134248948565e-07,2.559976446737285e-07,6.823125534126645e-08,2.3457706616445915e-07,1.7630600182678925e-07
205,2.3805392102125994e-07,2.8316402347816644e-07,4.2873612508488936e-07,1.4084467951237334e-07,1.7901022852242376e-07,5.434214734050934e-08,4.333471916182979e-07,1.2704044415386808e-08,4.4798680331502466e-07,5.7428439530871005e-08,8.13540790775765e-08,2.6521636393512716e-07,2.784137131692665e-07,6.576727821466243e-07,3.75785636270452e-07,1.4646134248948565e-07,2.559976446737285e-07,6.823125534126645e-08,2.3457706616445915e-07,1.7630600182678925e-07
206,2.3805392102125994e-07,2.8316402347816644e-07,4.2873612508488936e-07,1.4084467951237334e-07,1.7901022852242376e-07,5.434214734050934e-08,4.333471916182979e-07,1.2704044415386808e-08,4.4798680331502466e-07,5.7428439530871005e-08,8.13540790775765e-08,2.6521636393512716e-07,2.784137131692665e-07,6.576727821466243e-07,3.75785636270452e-07,1.4646134248948565e-07,2.559976446737285e-07,6.823125534126645e-08,2.3457706616445915e-07,1.7630600182678925e-07
207,2.3805392102125994e-07,2.8316402347816644e-07,4.2873612508488936e-07,1.4084467951237334e-07,1.7901022852242376e-07,5.434214734050934e-08,3.3736935470381587e-07,1.2704044415386808e-08,4.4798680331502466e-07,5.7428439530871005e-08,8.13540790775765e-08,2.6521636393512716e-07,2.784137131692665e-07,6.576727821466243e-07,3.75785636270452e-07,1.4646134248948565e-07,2.559976446737285e-07,6.823125534126645e-08,2.3457706616445915e-07,1.7630600182678925e-07
208,2.3805392102125994e-07,2.8316402347816644e-07,4.2873612508488936e-07,1.4084467951237334e-07,1.7901022852242376e-07,5.434214734050934e-08,3.3736935470381587e-07,1.2704044415386808e-08,4.4798680331502466e-07,5.7428439530871005e-08,8.13540790775765e-08,2.6521636393512716e-07,2.784137131692665e-07,6.576727821466243e-07,3.75785636270452e-07,1.4646134248948565e-07,2.559976446737285e-07,3.795506714100109e-08,2.3457706616445915e-07,1.7630600182678925e-07
209,2.3805392102125994e-07,2.8316402347816644e-07,4.2873612508488936e-07,1.4084467951237334e-07,1.7901022852242376e-07,5.434214734050934e-08,3.3736935470381587e-07,1.2704044415386808e-08,4.4798680331502466e-07,5.7428439530871005e-08,8.13540790775765e-08,2.6521636393512716e-07,2.784137131692665e-07,6.576727821466243e-07,3.75785636270452e-07,1.4646134248948565e-07,2.559976446737285e-07,3.795506714100109e-08,2.3457706616445915e-07,1.7630600182678925e-07
210,2.3805392102125994e-07,2.8316402347816644e-07,4.2873612508488936e-07,1.4084467951237334e-07,1.7901022852242376e-07,5.434214734050934e-08,3.3736935470381587e-07,1.2704044415386808e-08,4.4798680331502466e-07,5.7428439530871005e-08,8.13540790775765e-08,2.6521636393512716e-07,2.784137131692665e-07,6.576727821466243e-07,3.75785636270452e-07,1.4646134248948565e-07,2.559976446737285e-07,3.795506714100109e-08,2.3457706616445915e-07,1.7630600182678925e-07
211,2.3805392102125994e-07,2.8316402347816644e-07,4.2873612508488936e-07,1.4084467951237334e-07,1.7901022852242376e-07,5.434214734050934e-08,3.3736935470381587e-07,1.2704044415386808e-08,4.4798680331502466e-07,5.7428439530871005e-08,8.13540790775765e-08,2.6521636393512716e-07,2.784137131692665e-07,6.576727821466243e-07,3.75785636270452e-07,1.4646134248948565e-07,2.559976446737285e-07,3.795506714100109e-08,2.3457706616445915e-07,1.7630600182678925e-07
212,2.2532094141966793e-07,2.8316402347816644e-07,4.2873612508488936e-07,1.4084467951237334e-07,1.7901022852242376e-07,5.434214734050934e-08,3.3736935470381587e-07,1.2704044415386808e-08,4.4798680331502466e-07,5.7428439530871005e-08,8.13540790775765e-08,2.6521636393512716e-07,2.784137131692665e-07,6.576727821466243e-07,3.75785636270452e-07,1.4646134248948565e-07,2.559976446737285e-07,3.795506714100109e-08,2.3457706616445915e-07,1.7630600182678925e-07
213,2.2532094141966793e-07,2.8316402347816644e-07,4.2873612508488936e-07,1.4084467951237334e-07,1.7901022852242376e-07,5.434214734050934e-08,3.3736935470381587e-07,1.2704044415386808e-08,4.4798680331502466e-07,5.7428439530871005e-08,8.13540790775765e-08,2.6521636393512716e-07,2.784137131692665e-07,7.447579699354344e-08,3.75785636270452e-07,1.4646134248948565e-07,2.559976446737285e-07,3.795506714100109e-08,2.3457706616445915e-07,1.7630600182678925e-07
214,2.2532094141966793e-07,2.8316402347816644e-07,4.2873612508488936e-07,1.4084467951237334e-07,1.4966581438654886e-07,5.434214734050934e-08,3.3736935470381587e-07,1.2704044415386808e-08,4.4798680331502466e-07,5.7428439530871005e-08,8.13540790775765e-08,2.6521636393512716e-07,2.784137131692665e-07,7.447579699354344e-08,3.75785636270452e-07,1.4646134248948565e-07,2.559976446737285e-07,3.795506714100109e-08,2.3457706616445915e-07,1.7630600182678925e-07
215,2.2532094141966793e-07,2.8316402347816644e-07,4.2873612508488936e-07,1.4084467951237334e-07,1.4966581438654886e-07,5.434214734050934e-08,3.3736935470381587e-07,1.2704044415386808e-08,4.4798680331502466e-07,5.7428439530871005e-08,8.13540790775765e-08,2.6521636393512716e-07,2.784137131692665e-07,7.447579699354344e-08,3.75785636270452e-07,1.4646134248948565e-07,2.559976446737285e-07,3.795506714100109e-08,2.3457706616445915e-07,1.7630600182678925e-07
216,1.8059161289193147e-07,2.8316402347816644e-07,4.2873612508488936e-07,1.4084467951237334e-07,1.4966581438654886e-07,5.434214734050934e-08,3.3736935470381587e-07,1.2704044415386808e-08,4.4798680331502466e-07,5.7428439530871005e-08,8.13540790775765e-08,2.6521636393512716e-07,2.784137131692665e-07,7.447579699354344e-08,3.75785636270452e-07,1.4646134248948565e-07,2.559976446737285e-07,3.795506714100109e-08,2.3457706616445915e-07,1.7630600182678925e-07
217,1.8059161289193147e-07,2.8316402347816644e-07,4.2873612508488936e-07,1.4084467951237334e-07,1.4966581438654886e-07,5.434214734050934e-08,3.3736935470381587e-07,1.2704044415386808e-08,4.4798680331502466e-07,5.7428439530871005e-08,8.13540790775765e-08,2.6521636393512716e-07,2.784137131692665e-07,7.447579699354344e-08,3.75785636270452e-07,1.4646134248948565e-07,2.559976446737285e-07,3.795506714100109e-08,2.3457706616445915e-07,1.7630600182678925e-07
218,1.8059161289193147e-07,2.8316402347816644e-07,4.2873612508488936e-07,1.4084467951237334e-07,1.4966581438654886e-07,5.434214734050934e-08,3.3736935470381587e-07,1.2704044415386808e-08,4.4798680331502466e-07,5.7428439530871005e-08,8.13540790775765e-08,2.6521636393512716e-07,2.784137131692665e-07,7.447579699354344e-08,3.75785636270452e-07,1.4646134248948565e-07,2.559976446737285e-07,3.795506714100109e-08,2.3457706616445915e-07,1.7630600182678925e-07
219,1.8059161289193147e-07,2.8316402347816644e-07,4.2873612508488936e-07,1.4084467951237334e-07,1.4966581438654886e-07,5.434214734050934e-08,3.3736935470381587e-07,1.2704044415386808e-08,4.4798680331502466e-07,5.7428439530871005e-08,8.13540790775765e-08,2.6521636393512716e-07,2.784137131692665e-07,7.447579699354344e-08,3.75785636270452e-07,1.4646134248948565e-07,2.559976446737285e-07,3.795506714100109e-08,2.3457706616445915e-07,1.7630600182678925e-07
220,1.8059161289193147e-07,2.8316402347816644e-07,4.2873612508488936e-07,1.4084467951237334e-07,1.4966581438654886e-07,5.434214734050934e-08,3.3736935470381587e-07,1.2704044415386808e-08,4.4798680331502466e-07,5.7428439530871005e-08,8.13540790775765e-08,2.6521636393512716e-07,2.784137131692665e-07,7.447579699354344e-08,3.75785636270452e-07,1.4646134248948565e-07,2.248797506493469e-07,3.795506714100109e-08,2.0517275518241555e-07,1.7630600182678925e-07
221,1.8059161289193147e-07,2.8316402347816644e-07,3.9300377404548775e-07,1.4084467951237334e-07,1.4966581438654886e-07,5.434214734050934e-08,3.3736935470381587e-07,1.2704044415386808e-08,4.4798680331502466e-07,5.7428439530871005e-08,8.13540790775765e-08,2.6521636393512716e-07,2.784137131692665e-07,7.447579699354344e-08,2.5181606299439127e-07,1.4646134248948565e-07,2.248797506493469e-07,3.795506714100109e-08,2.0517275518241555e-07,1.7630600182678925e-07
222,1.8059161289193147e-07,2.8316402347816644e-07,3.9300377404548775e-07,1.4084467951237334e-07,1.4966581438654886e-07,5.434214734050934e-08,3.3736935470381587e-07,1.2704044415386808e-08,4.4798680331502466e-07,5.7428439530871005e-08,8.13540790775765e-08,2.6521636393512716e-07,2.784137131692665e-07,7.447579699354344e-08,2.5181606299439127e-07,1.4646134248948565e-07,2.248797506493469e-07,3.795506714100109e-08,2.0517275518241555e-07,1.7630600182678925e-07
223,1.8059161289193147e-07,2.8316402347816644e-07,3.9300377404548775e-07,1.4084467951237334e-07,1.4966581438654886e-07,5.434214734050934e-08,3.3736935470381587e-07,1.2704044415386808e-08,4.4798680331502466e-07,5.7428439530871005e-08,8.13540790775765e-08,2.6521636393512716e-07,2.784137131692665e-07,7.447579699354344e-08,2.5181606299439127e-07,1.4646134248948565e-07,2.248797506493469e-07,3.795506714100109e-08,2.0517275518241555e-07,1.7630600182678925e-07
224,1.8059161289193147e-07,2.8316402347816644e-07,3.9300377404548775e-07,1.4084467951237334e-07,1.4966581438654886e-07,5.434214734050934e-08,3.3736935470381587e-07,1.2704044415386808e-08,4.4798680331502466e-07,5.7428439530871005e-08,8.13540790775765e-08,2.6521636393512716e-07,2.784137131692665e-07,7.447579699354344e-08,2.5181606299439127e-07,1.4646134248948565e-07,2.248797506493469e-07,3.795506714100109e-08,2.0517275518241555e-07,1.7630600182678925e-07
225,1.8059161289193147e-07,2.8316402347816644e-07,3.9300377404548775e-07,1.4084467951237334e-07,1.4966581438654886e-07,5.434214734050934e-08,3.3736935470381587e-07,1.2704044415386808e-08,4.4299387479993934e-07,5.7428439530871005e-08,8.13540790775765e-08,2.6521636393512716e-07,2.784137131692665e-07,7.447579699354344e-08,2.5181606299439127e-07,1.4646134248948565e-07,2.248797506493469e-07,3.795506714100109e-08,2.0517275518241555e-07,1.7630600182678925e-07
226,1.8059161289193147e-07,2.8316402347816644e-07,3.9300377404548775e-07,1.4084467951237334e-07,1.4966581438654886e-07,5.434214734050934e-08,3.3736935470381587e-07,1.0614911132326904e-08,4.4299387479993934e-07,5.7428439530871005e-08,8.13540790775765e-08,2.6521636393512716e-07,2.784137131692665e-07,7.447579699354344e-08,2.5181606299439127e-07,1.4646134248948565e-07,2.248797506493469e-07,3.795506714100109e-08,2.0517275518241555e-07,1.7630600182678925e-07
227,1.8059161289193147e-07,2.8316402347816644e-07,3.9300377404548775e-07,1.4084467951237334e-07,1.4966581438654886e-07,5.434214734050934e-08,3.3736935470381587e-07,1.0614911132326904e-08,4.4299387479993934e-07,5.7428439530871005e-08,8.13540790775765e-08,2.6521636393512716e-07,2.784137131692665e-07,7.447579699354344e-08,2.5181606299439127e-07,1.4646134248948565e-07,2.248797506493469e-07,3.795506714100109e-08,2.0517275518241555e-07,1.7630600182678925e-07
228,1.8059161289193147e-07,2.8316402347816644e-07,3.9300377404548775e-07,1.4084467951237334e-07,1.4966581438654886e-07,5.434214734050934e-08,3.3736935470381587e-07,1.0614911132326904e-08,4.4299387479993934e-07,5.7428439530871005e-08,8.13540790775765e-08,2.6521636393512716e-07,2.784137131692665e-07,7.447579699354344e-08,2.5181606299439127e-07,1.4646134248948565e-07,2.248797506493469e-07,3.795506714100109e-08,2.0517275518241555e-07,1.7630600182678925e-07
229,1.8059161289193147e-07,2.8316402347816644e-07,3.9300377404548775e-07,1.4084467951237334e-07,1.4966581438654886e-07,5.434214734050934e-08,3.3736935470381587e-07,1.0614911132326904e-08,4.4299387479993934e-07,5.7428439530871005e-08,8.13540790775765e-08,2.6521636393512716e-07,2.784137131692665e-07,7.447579699354344e-08,2.5181606299439127e-07,1.4646134248948565e-07,2.248797506493469e-07,3.795506714100109e-08,2.0517275518241555e-07,8.291682212484674e-08
230,1.8059161289193147e-07,2.8316402347816644e-07,3.9300377404548775e-07,1.4084467951237334e-07,1.4966581438654886e-07,5.434214734050934e-08,3.3736935470381587e-07,1.0614911132326904e-08,4.4299387479993934e-07,5.7428439530871005e-08,8.13540790775765e-08,2.6521636393512716e-07,2.784137131692665e-07,7.447579699354344e-08,2.5181606299439127e-07,1.4646134248948565e-07,2.248797506493469e-07,3.795506714100109e-08,2.0517275518241555e-07,8.291682212484674e-08
231,1.8059161289193147e-07,2.8316402347816644e-07,3.9300377404548775e-07,1.4084467951237334e-07,1.4966581438654886e-07,5.434214734050934e-08,3.3736935470381587e-07,1.0614911132326904e-08,4.4299387479993934e-07,5.7428439530871005e-08,8.13540790775765e-08,2.6521636393512716e-07,2.784137131692665e-07,7.447579699354344e-08,2.5181606299439127e-07,1.4646134248948565e-07,2.248797506493469e-07,3.795506714100109e-08,2.0517275518241555e-07,8.291682212484674e-08
232,1.8059161289193147e-07,2.8316402347816644e-07,3.9300377404548775e-07,1.4084467951237334e-07,1.4966581438654886e-07,5.434214734050934e-08,3.3736935470381587e-07,1.0614911132326904e-08,4.4299387479993934e-07,5.7428439530871005e-08,8.13540790775765e-08,2.6521636393512716e-07,2.784137131692665e-07,7.447579699354344e-08,2.5181606299439127e-07,1.4646134248948565e-07,2.248797506493469e-07,3.795506714100109e-08,2.046675501804723e-07,8.291682212484674e-08
233,1.8059161289193147e-07,2.8316402347816644e-07,3.9300377404548775e-07,1.4084467951237334e-07,1.4966581438654886e-07,5.434214734050934e-08,3.3736935470381587e-07,1.0614911132326904e-08,4.4299387479993934e-07,5.7428439530871005e-08,8.13540790775765e-08,2.6521636393512716e-07,2.784137131692665e-07,7.447579699354344e-08,2.5181606299439127e-07,1.4646134248948565e-07,2.248797506493469e-07,3.795506714100109e-08,1.6492364844439258e-07,8.291682212484674e-08
234,1.8059161289193147e-07,2.8316402347816644e-07,3.9300377404548775e-07,1.4084467951237334e-07,1.4966581438654886e-07,5.434214734050934e-08,3.3736935470381587e-07,1.0614911132326904e-08,4.4299387479993934e-07,5.7428439530871005e-08,7.948520944119992e-08,2.6521636393512716e-07,2.784137131692665e-07,7.447579699354344e-08,2.5181606299439127e-07,1.4646134248948565e-07,2.248797506493469e-07,3.795506714100109e-08,1.6492364844439258e-07,8.291682212484674e-08
235,1.8059161289193147e-07,2.8316402347816644e-07,3.9300377404548775e-07,1.4084467951237334e-07,1.4966581438654886e-07,5.434214734050934e-08,3.3736935470381587e-07,1.0614911132326904e-08,4.4299387479993934e-07,5.7428439530871005e-08,7.948520944119992e-08,2.6521636393512716e-07,2.784137131692665e-07,7.447579699354344e-08,2.5181606299439127e-07,1.4646134248948565e-07,2.248797506493469e-07,3.795506714100109e-08,1.6492364844439258e-07,8.291682212484674e-08
236,1.8059161289193147e-07,2.8316402347816644e-07,3.9300377404548775e-07,1.4084467951237334e-07,1.4966581438654886e-07,5.434214734050934e-08,3.3736935470381587e-07,1.0614911132326904e-08,4.4299387479993934e-07,5.7428439530871005e-08,7.948520944119992e-08,2.6521636393512716e-07,2.784137131692665e-07,7.447579699354344e-08,2.5181606299439127e-07,1.4646134248948565e-07,2.248797506493469e-07,3.795506714100109e-08,1.6492364844439258e-07,8.291682212484674e-08
237,1.8059161289193147e-07,2.8316402347816644e-07,3.9300377404548775e-07,1.4084467951237334e-07,1.4966581438654886e-07,5.434214734050934e-08,3.3736935470381587e-07,1.0614911132326904e-08,4.4299387479993934e-07,5.7428439530871005e-08,7.948520944119992e-08,2.6521636393512716e-07,2.784137131692665e-07,7.447579699354344e-08,2.5181606299439127e-07,1.4646134248948565e-07,2.1212254222742608e-07,3.795506714100109e-08,1.6492364844439258e-07,8.291682212484674e-08
238,1.8059161289193147e-07,2.8316402347816644e-07,3.9300377404548775e-07,1.4084467951237334e-07,1.4966581438654886e-07,5.434214734050934e-08,3.3736935470381587e-07,1.0614911132326904e-08,4.4299387479993934e-07,5.7428439530871005e-08,7.948520944119992e-08,2.6521636393512716e-07,2.784137131692665e-07,7.447579699354344e-08,2.5181606299439127e-07,1.4646134248948565e-07,2.1212254222742608e-07,3.795506714100109e-08,1.6492364844439258e-07,8.291682212484674e-08
239,1.8059161289193147e-07,2.8316402347816644e-07,3.9300377404548775e-07,1.4084467951237334e-07,1.4966581438654886e-07,5.434214734050934e-08,3.3736935470381587e-07,1.0614911132326904e-08,4.4299387479993934e-07,5.7428439530871005e-08,7.948520944119992e-08,2.6521636393512716e-07,2.784137131692665e-07,7.447579699354344e-08,2.5181606299439127e-07,1.4646134248948565e-07,2.1212254222742608e-07,3.795506714100109e-08,1.6492364844439258e-07,8.291682212484674e-08
240,1.8059161289193147e-07,2.8316402347816644e-07,3.9300377404548775e-07,1.4084467951237334e-07,1.4966581438654886e-07,5.434214734050934e-08,3.3736935470381587e-07,1.0614911132326904e-08,4.4299387479993934e-07,5.7428439530871005e-08,7.948520944119992e-08,2.6521636393512716e-07,2.784137131692665e-07,7.447579699354344e-08,2.5181606299439127e-07,1.4646134248948565e-07,2.1212254222742608e-07,3.795506714100109e-08,7.351408521318379e-08,8.291682212484674e-08
241,1.8059161289193147e-07,2.8316402347816644e-07,3.9300377404548775e-07,1.4084467951237334e-07,1.4966581438654886e-07,5.434214734050934e-08,3.3736935470381587e-07,1.0614911132326904e-08,4.4299387479993934e-07,5.7428439530871005e-08,7.948520944119992e-08,2.6521636393512716e-07,2.784137131692665e-07,7.447579699354344e-08,2.5181606299439127e-07,1.4646134248948565e-07,2.1212254222742608e-07,3.795506714100109e-08,7.351408521318379e-08,8.291682212484674e-08
242,1.8059161289193147e-07,2.8316402347816644e-07,3.9300377404548775e-07,1.4084467951237334e-07,1.4966581438654886e-07,5.434214734050934e-08,3.3736935470381587e-07,1.0614911132326904e-08,4.4299387479993934e-07,5.7428439530871005e-08,7.948520944119992e-08,2.2751364158759076e-07,2.784137131692665e-07,7.447579699354344e-08,2.5181606299439127e-07,1.4646134248948565e-07,2.1212254222742608e-07,3.795506714100109e-08,7.351408521318379e-08,8.291682212484674e-08
243,1.8059161289193147e-07,2.8316402347816644e-07,3.9300377404548775e-07,1.4084467951237334e-07,1.4966581438654886e-07,5.434214734050934e-08,3.3736935470381587e-07,1.0614911132326904e-08,4.4299387479993934e-07,5.7428439530871005e-08,7.948520944119992e-08,2.2751364158759076e-07,2.784137131692665e-07,7.447579699354344e-08,2.5181606299439127e-07,1.4646134248948565e-07,2.1212254222742608e-07,3.795506714100109e-08,7.351408521318379e-08,8.291682212484674e-08
244,1.8059161289193147e-07,2.8316402347816644e-07,3.9300377404548775e-07,1.4084467951237334e-07,1.4966581438654886e-07,5.434214734050934e-08,3.3736935470381587e-07,1.0614911132326904e-08,4.4299387479993934e-07,5.7428439530871005e-08,7.948520944119992e-08,2.2751364158759076e-07,2.784137131692665e-07,7.447579699354344e-08,2.5181606299439127e-07,1.4646134248948565e-07,1.9761420544954176e-07,3.795506714100109e-08,7.351408521318379e-08,8.291682212484674e-08
245,1.8059161289193147e-07,2.8316402347816644e-07,3.9300377404548775e-07,1.4084467951237334e-07,1.4966581438654886e-07,5.434214734050934e-08,3.3736935470381587e-07,1.0614911132326904e-08,4.4299387479993934e-07,5.7428439530871005e-08,7.948520944119992e-08,2.2751364158759076e-07,2.784137131692665e-07,7.447579699354344e-08,2.5181606299439127e-07,1.4646134248948565e-07,1.9761420544954176e-07,3.795506714100109e-08,7.351408521318379e-08,8.291682212484674e-08
246,1.8059161289193147e-07,2.8316402347816644e-07,3.9300377404548775e-07,1.4084467951237334e-07,1.4966581438654886e-07,5.434214734050934e-08,3.3736935470381587e-07,1.0614911132326904e-08,4.4299387479993934e-07,5.7428439530871005e-08,7.948520944119992e-08,2.2751364158759076e-07,2.784137131692665e-07,7.447579699354344e-08,2.371967127238641e-07,1.4646134248948565e-07,1.9761420544954176e-07,3.795506714100109e-08,7.351408521318379e-08,8.291682212484674e-08
247,1.8059161289193147e-07,2.8316402347816644e-07,3.9300377404548775e-07,1.4084467951237334e-07,1.4966581438654886e-07,5.434214734050934e-08,3.3736935470381587e-07,1.0614911132326904e-08,4.4299387479993934e-07,5.7428439530871005e-08,7.948520944119992e-08,2.2751364158759076e-07,2.784137131692665e-07,7.447579699354344e-08,2.371967127238641e-07,1.4646134248948565e-07,1.9761420544954176e-07,3.795506714100109e-08,7.351408521318379e-08,8.291682212484674e-08
248,1.8059161289193147e-07,2.8316402347816644e-07,3.9300377404548775e-07,1.4084467951237334e-07,1.4966581438654886e-07,5.434214734050934e-08,3.3736935470381587e-07,1.0614911132326904e-08,4.4299387479993934e-07,5.7428439530871005e-08,7.948520944119992e-08,2.2751364158759076e-07,2.784137131692665e-07,7.447579699354344e-08,2.371967127238641e-07,1.4646134248948565e-07,1.9761420544954176e-07,3.795506714100109e-08,7.351408521318379e-08,8.291682212484674e-08
249,1.8059161289193147e-07,2.8316402347816644e-07,3.9300377404548775e-07,1.4084467951237334e-07,1.4966581438654886e-07,5.434214734050934e-08,3.3736935470381587e-07,1.0614911132326904e-08,4.4299387479993934e-07,5.7428439530871005e-08,7.948520944119992e-08,2.2751364158759076e-07,2.784137131692665e-07,7.447579699354344e-08,2.371967127238641e-07,1.4646134248948565e-07,1.9761420544954176e-07,3.795506714100109e-08,7.351408521318379e-08,8.291682212484674e-08
250,1.8059161289193147e-07,2.8316402347816644e-07,3.9300377404548775e-07,1.4084467951237334e-07,1.4966581438654886e-07,5.434214734050934e-08,3.3736935470381587e-07,1.0614911132326904e-08,3.1133172446143473e-07,5.7428439530871005e-08,7.948520944119992e-08,2.2751364158759076e-07,2.784137131692665e-07,7.447579699354344e-08,2.371967127238641e-07,1.4646134248948565e-07,1.9761420544954176e-07,3.795506714100109e-08,7.351408521318379e-08,8.291682212484674e-08
251,1.8059161289193147e-07,2.8316402347816644e-07,3.897775936164e-07,1.4084467951237334e-07,1.4966581438654886e-07,5.434214734050934e-08,3.3736935470381587e-07,1.0614911132326904e-08,3.1133172446143473e-07,5.7428439530871005e-08,7.948520944119992e-08,2.2751364158759076e-07,2.784137131692665e-07,7.447579699354344e-08,2.371967127238641e-07,1.4646134248948565e-07,1.9761420544954176e-07,3.795506714100109e-08,7.351408521318379e-08,6.685397120893195e-08
252,1.8059161289193147e-07,2.8316402347816644e-07,3.897775936164e-07,1.4084467951237334e-07,1.4966581438654886e-07,5.434214734050934e-08,3.3736935470381587e-07,1.0614911132326904e-08,3.1133172446143473e-07,5.7428439530871005e-08,7.948520944119992e-08,2.2751364158759076e-07,2.784137131692665e-07,7.447579699354344e-08,2.371967127238641e-07,1.4646134248948565e-07,1.9761420544954176e-07,3.795506714100109e-08,7.351408521318379e-08,6.685397120893195e-08
253,1.8059161289193147e-07,2.8316402347816644e-07,3.897775936164e-07,1.4084467951237334e-07,1.4966581438654886e-07,5.434214734050934e-08,3.3736935470381587e-07,1.0614911132326904e-08,3.1133172446143473e-07,5.7428439530871005e-08,7.743715876589432e-08,2.2751364158759076e-07,2.784137131692665e-07,7.447579699354344e-08,2.371967127238641e-07,1.4646134248948565e-07,1.9761420544954176e-07,3.795506714100109e-08,7.351408521318379e-08,6.685397120893195e-08
254,1.8059161289193147e-07,2.8316402347816644e-07,3.897775936164e-07,1.4084467951237334e-07,1.4966581438654886e-07,5.434214734050934e-08,3.3736935470381587e-07,1.0614911132326904e-08,3.1133172446143473e-07,5.7428439530871005e-08,7.743715876589432e-08,2.2751364158759076e-07,2.784137131692665e-07,7.447579699354344e-08,2.371967127238641e-07,1.4646134248948565e-07,1.9761420544954176e-07,3.795506714100109e-08,3.4473833379500186e-08,6.685397120893195e-08
255,1.8059161289193147e-07,2.8316402347816644e-07,3.897775936164e-07,1.4084467951237334e-07,1.4966581438654886e-07,5.434214734050934e-08,3.3736935470381587e-07,1.0614911132326904e-08,3.1133172446143473e-07,5.7428439530871005e-08,6.826853952804155e-08,2.2751364158759076e-07,2.784137131692665e-07,7.447579699354344e-08,2.371967127238641e-07,1.4646134248948565e-07,1.9761420544954176e-07,3.795506714100109e-08,3.4473833379500186e-08,6.685397120893195e-08
256,1.8059161289193147e-07,2.8316402347816644e-07,3.897775936164e-07,1.4084467951237334e-07,1.4966581438654886e-07,5.434214734050934e-08,3.3736935470381587e-07,1.0614911132326904e-08,3.1133172446143473e-07,5.7428439530871005e-08,6.826853952804155e-08,2.2751364158759076e-07,2.784137131692665e-07,7.447579699354344e-08,2.371967127238641e-07,1.4646134248948565e-07,1.9761420544954176e-07,3.795506714100109e-08,3.4473833379500186e-08,6.685397120893195e-08
257,1.8059161289193147e-07,2.8316402347816644e-07,3.897775936164e-07,1.4084467951237334e-07,1.4966581438654886e-07,5.434214734050934e-08,3.3736935470381587e-07,1.0614911132326904e-08,3.1133172446143473e-07,5.7428439530871005e-08,6.826853952804155e-08,2.2751364158759076e-07,2.784137131692665e-07,7.447579699354344e-08,2.371967127238641e-07,1.4646134248948565e-07,1.9761420544954176e-07,3.795506714100109e-08,3.4473833379500186e-08,6.685397120893195e-08
258,1.8059161289193147e-07,2.8316402347816644e-07,3.897775936164e-07,1.4084467951237334e-07,1.4966581438654886e-07,5.434214734050934e-08,3.3736935470381587e-07,1.0614911132326904e-08,3.1133172446143473e-07,5.7428439530871005e-08,6.826853952804155e-08,2.2751364158759076e-07,2.784137131692665e-07,3.928132163468533e-08,2.371967127238641e-07,1.4646134248948565e-07,1.9761420544954176e-07,3.795506714100109e-08,3.4473833379500186e-08,6.685397120893195e-08
259,1.8059161289193147e-07,2.8316402347816644e-07,3.897775936164e-07,1.4084467951237334e-07,1.4966581438654886e-07,5.434214734050934e-08,3.3736935470381587e-07,1.0614911132326904e-08,3.1133172446143473e-07,5.7428439530871005e-08,6.826853952804155e-08,2.2751364158759076e-07,2.784137131692665e-07,1.900219893856288e-08,1.9649827957405503e-07,1.4646134248948565e-07,1.9761420544954176e-07,3.795506714100109e-08,3.4473833379500186e-08,6.685397120893195e-08
260,1.8059161289193147e-07,2.8316402347816644e-07,3.897775936164e-07,1.4084467951237334e-07,1.4966581438654886e-07,5.434214734050934e-08,3.3736935470381587e-07,1.0614911132326904e-08,3.1133172446143473e-07,5.7428439530871005e-08,6.826853952804155e-08,2.2751364158759076e-07,2.784137131692665e-07,1.900219893856288e-08,1.9649827957405503e-07,1.4646134248948565e-07,1.9761420544954176e-07,3.795506714100109e-08,3.4473833379500186e-08,6.685397120893195e-08
261,1.8059161289193147e-07,2.8316402347816644e-07,3.897775936164e-07,1.4084467951237334e-07,1.4966581438654886e-07,5.434214734050934e-08,3.3736935470381587e-07,1.0614911132326904e-08,3.1133172446143473e-07,5.7428439530871005e-08,6.826853952804155e-08,2.2751364158759076e-07,2.784137131692665e-07,1.900219893856288e-08,1.9649827957405503e-07,1.4646134248948565e-07,1.9761420544954176e-07,3.795506714100109e-08,3.4473833379500186e-08,6.685397120893195e-08
262,1.8059161289193147e-07,2.8316402347816644e-07,3.897775936164e-07,1.4084467951237334e-07,1.4966581438654886e-07,5.434214734050934e-08,3.3736935470381587e-07,1.0614911132326904e-08,3.1133172446143473e-07,5.7428439530871005e-08,6.826853952804155e-08,2.2751364158759076e-07,2.784137131692665e-07,1.900219893856288e-08,1.9649827957405503e-07,1.4646134248948565e-07,1.9761420544954176e-07,3.795506714100109e-08,3.4473833379500186e-08,6.685397120893195e-08
263,1.8059161289193147e-07,2.8316402347816644e-07,3.897775936164e-07,1.4084467951237334e-07,1.4966581438654886e-07,5.434214734050934e-08,3.3736935470381587e-07,1.0614911132326904e-08,3.1133172446143473e-07,5.7428439530871005e-08,6.826853952804155e-08,2.2751364158759076e-07,2.784137131692665e-07,1.900219893856288e-08,1.9649827957405503e-07,1.4646134248948565e-07,1.9761420544954176e-07,3.795506714100109e-08,3.4473833379500186e-08,6.685397120893195e-08
264,1.8059161289193147e-07,2.8316402347816644e-07,3.897775936164e-07,1.1921982034273236e-07,1.4966581438654886e-07,5.434214734050934e-08,3.3736935470381587e-07,1.0614911132326904e-08,3.1133172446143473e-07,5.7428439530871005e-08,6.826853952804155e-08,2.2751364158759076e-07,2.784137131692665e-07,1.900219893856288e-08,1.9649827957405503e-07,1.4646134248948565e-07,1.9761420544954176e-07,3.795506714100109e-08,3.4473833379500186e-08,6.685397120893195e-08
265,1.8059161289193147e-07,2.8316402347816644e-07,3.897775936164e-07,1.1921982034273236e-07,1.4966581438654886e-07,5.434214734050934e-08,3.3736935470381587e-07,1.0614911132326904e-08,3.1133172446143473e-07,5.7428439530871005e-08,6.826853952804155e-08,2.2751364158759076e-07,2.784137131692665e-07,1.900219893856288e-08,1.9649827957405503e-07,1.4646134248948565e-07,1.9761420544954176e-07,3.795506714100109e-08,3.4473833379500186e-08,6.685397120893195e-08
266,1.8059161289193147e-07,2.8316402347816644e-07,3.897775936164e-07,1.1921982034273236e-07,1.4966581438654886e-07,5.434214734050934e-08,3.3736935470381587e-07,1.0614911132326904e-08,3.1133172446143473e-07,5.7428439530871005e-08,6.826853952804155e-08,2.2751364158759076e-07,2.784137131692665e-07,1.900219893856288e-08,1.9649827957405503e-07,1.4646134248948565e-07,1.9761420544954176e-07,3.795506714100109e-08,3.4473833379500186e-08,6.685397120893195e-08
267,1.8059161289193147e-07,2.8316402347816644e-07,3.897775936164e-07,1.1921982034273236e-07,1.4966581438654886e-07,5.434214734050934e-08,3.3736935470381587e-07,1.0614911132326904e-08,3.1133172446143473e-07,5.7428439530871005e-08,6.826853952804155e-08,2.2751364158759076e-07,2.784137131692665e-07,1.900219893856288e-08,1.9649827957405503e-07,1.4646134248948565e-07,1.9761420544954176e-07,3.795506714100109e-08,3.4473833379500186e-08,6.685397120893195e-08
268,1.8059161289193147e-07,2.8316402347816644e-07,3.897775936164e-07,1.1921982034273236e-07,1.4966581438654886e-07,5.434214734050934e-08,3.3736935470381587e-07,1.0614911132326904e-08,3.1133172446143473e-07,5.7428439530871005e-08,6.826853952804155e-08,2.2751364158759076e-07,2.3569613092106364e-07,1.900219893856288e-08,1.9649827957405503e-07,1.4646134248948565e-07,1.9761420544954176e-07,3.795506714100109e-08,3.4473833379500186e-08,6.685397120893195e-08
269,1.8059161289193147e-07,2.8316402347816644e-07,3.897775936164e-07,1.1921982034273236e-07,1.4966581438654886e-07,5.434214734050934e-08,3.3736935470381587e-07,1.0614911132326904e-08,3.1133172446143473e-07,5.7428439530871005e-08,6.826853952804155e-08,2.2751364158759076e-07,2.3569613092106364e-07,1.900219893856288e-08,1.9649827957405503e-07,1.4646134248948565e-07,1.9761420544954176e-07,3.795506714100109e-08,3.4473833379500186e-08,6.685397120893195e-08
270,1.8059161289193147e-07,2.8316402347816644e-07,3.897775936164e-07,1.1921982034273236e-07,1.4966581438654886e-07,5.434214734050934e-08,3.3736935470381587e-07,1.0614911132326904e-08,3.1133172446143473e-07,5.7428439530871005e-08,6.826853952804155e-08,2.2751364158759076e-07,2.3569613092106364e-07,1.900219893856288e-08,1.6669071682967062e-07,1.4646134248948565e-07,1.9761420544954176e-07,3.795506714100109e-08,3.4473833379500186e-08,6.685397120893195e-08
271,1.8059161289193147e-07,2.8316402347816644e-07,3.897775936164e-07,1.1921982034273236e-07,1.4966581438654886e-07,5.434214734050934e-08,3.3736935470381587e-07,1.0614911132326904e-08,3.1133172446143473e-07,5.7428439530871005e-08,6.826853952804155e-08,2.2751364158759076e-07,1.2103164870356228e-07,1.900219893856288e-08,1.6669071682967062e-07,1.4646134248948565e-07,1.9761420544954176e-07,3.795506714100109e-08,3.4473833379500186e-08,6.685397120893195e-08
272,1.8059161289193147e-07,2.8316402347816644e-07,3.897775936164e-07,1.1921982034273236e-07,1.4966581438654886e-07,5.434214734050934e-08,3.3736935470381587e-07,1.0614911132326904e-08,3.1133172446143473e-07,5.7428439530871005e-08,6.826853952804155e-08,2.2751364158759076e-07,1.2103164870356228e-07,1.900219893856288e-08,1.6669071682967062e-07,1.4646134248948565e-07,1.9761420544954176e-07,3.795506714100109e-08,3.4473833379500186e-08,6.685397120893195e-08
273,1.8059161289193147e-07,2.8316402347816644e-07,3.897775936164e-07,1.1921982034273236e-07,1.4966581438654886e-07,5.434214734050934e-08,3.373411657649924e-07,1.0614911132326904e-08,3.1133172446143473e-07,5.7428439530871005e-08,6.826853952804155e-08,2.2751364158759076e-07,1.2103164870356228e-07,1.900219893856288e-08,1.6669071682967062e-07,1.4646134248948565e-07,1.9761420544954176e-07,3.795506714100109e-08,3.4473833379500186e-08,6.685397120893195e-08
274,1.8059161289193147e-07,2.8316402347816644e-07,3.897775936164e-07,1.1921982034273236e-07,1.4966581438654886e-07,5.434214734050934e-08,3.373411657649924e-07,1.0614911132326904e-08,3.1133172446143473e-07,5.7428439530871005e-08,6.826853952804155e-08,2.2751364158759076e-07,1.2103164870356228e-07,1.900219893856288e-08,1.6669071682967062e-07,1.4646134248948565e-07,1.9761420544954176e-07,3.795506714100109e-08,3.4473833379500186e-08,6.685397120893195e-08
275,1.8059161289193147e-07,2.8316402347816644e-07,3.897775936164e-07,1.1921982034273236e-07,1.4966581438654886e-07,5.434214734050934e-08,3.373411657649924e-07,1.0614911132326904e-08,3.1133172446143473e-07,5.7428439530871005e-08,6.826853952804155e-08,2.2751364158759076e-07,1.2103164870356228e-07,1.900219893856288e-08,1.6669071682967062e-07,1.4646134248948565e-07,1.9761420544954176e-07,3.795506714100109e-08,3.4473833379500186e-08,6.685397120893195e-08
276,1.8059161289193147e-07,2.8316402347816644e-07,3.897775936164e-07,1.1921982034273236e-07,1.4966581438654886e-07,5.434214734050934e-08,3.373411657649924e-07,1.0614911132326904e-08,3.1133172446143473e-07,5.7428439530871005e-08,6.826853952804155e-08,2.2751364158759076e-07,1.2103164870356228e-07,1.900219893856288e-08,1.6669071682967062e-07,1.4646134248948565e-07,1.9761420544954176e-07,3.795506714100109e-08,3.4473833379500186e-08,6.685397120893195e-08
277,1.486550092655121e-07,2.8316402347816644e-07,3.897775936164e-07,1.1921982034273236e-07,1.4966581438654886e-07,5.434214734050934e-08,3.373411657649924e-07,1.0614911132326904e-08,2.315487302362355e-07,5.7428439530871005e-08,6.826853952804155e-08,2.2751364158759076e-07,1.2103164870356228e-07,1.900219893856288e-08,1.6669071682967062e-07,1.4646134248948565e-07,1.9761420544954176e-07,3.795506714100109e-08,3.4473833379500186e-08,6.685397120893195e-08
278,1.486550092655121e-07,2.8316402347816644e-07,3.897775936164e-07,1.1921982034273236e-07,1.4966581438654886e-07,5.434214734050934e-08,3.373411657649924e-07,1.0614911132326904e-08,2.315487302362355e-07,5.7428439530871005e-08,6.826853952804155e-08,2.2751364158759076e-07,1.2103164870356228e-07,1.900219893856288e-08,1.6669071682967062e-07,1.4646134248948565e-07,1.9761420544954176e-07,3.795506714100109e-08,3.4473833379500186e-08,6.685397120893195e-08
279,1.486550092655121e-07,2.8316402347816644e-07,3.897775936164e-07,1.1921982034273236e-07,1.4966581438654886e-07,5.434214734050934e-08,3.373411657649924e-07,1.0614911132326904e-08,2.315487302362355e-07,5.7428439530871005e-08,6.826853952804155e-08,2.2751364158759076e-07,1.2103164870356228e-07,1.900219893856288e-08,1.6669071682967062e-07,1.4646134248948565e-07,1.9761420544954176e-07,3.795506714100109e-08,3.4473833379500186e-08,6.685397120893195e-08
280,1.486550092655121e-07,2.8316402347816644e-07,3.897775936164e-07,1.1921982034273236e-07,1.4966581438654886e-07,5.434214734050934e-08,3.373411657649924e-07,1.0614911132326904e-08,2.315487302362355e-07,5.7428439530871005e-08,6.826853952804155e-08,2.2751364158759076e-07,1.2103164870356228e-07,1.900219893856288e-08,1.6669071682967062e-07,1.4646134248948565e-07,1.9761420544954176e-07,3.795506714100109e-08,3.4473833379500186e-08,6.685397120893195e-08
281,1.486550092655121e-07,2.8316402347816644e-07,3.897775936164e-07,1.1921982034273236e-07,1.4966581438654886e-07,5.434214734050934e-08,3.373411657649924e-07,1.0614911132326904e-08,2.315487302362355e-07,5.7428439530871005e-08,6.826853952804155e-08,2.2751364158759076e-07,1.2103164870356228e-07,1.900219893856288e-08,1.6669071682967062e-07,1.4646134248948565e-07,1.9761420544954176e-07,3.795506714100109e-08,3.4473833379500186e-08,6.685397120893195e-08
282,1.486550092655121e-07,2.8316402347816644e-07,3.897775936164e-07,1.1921982034273236e-07,1.4966581438654886e-07,5.434214734050934e-08,3.373411657649924e-07,1.0614911132326904e-08,2.315487302362355e-07,5.7428439530871005e-08,6.826853952804155e-08,2.2751364158759076e-07,1.2103164870356228e-07,1.900219893856288e-08,1.6669071682967062e-07,1.4646134248948565e-07,1.9761420544954176e-07,3.795506714100109e-08,3.4473833379500186e-08,6.685397120893195e-08
283,1.486550092655121e-07,2.8316402347816644e-07,3.897775936164e-07,1.1921982034273236e-07,1.4966581438654886e-07,5.434214734050934e-08,3.373411657649924e-07,1.0614911132326904e-08,2.315487302362355e-07,5.7428439530871005e-08,6.826853952804155e-08,2.2751364158759076e-07,1.2103164870356228e-07,1.900219893856288e-08,1.6669071682967062e-07,1.4646134248948565e-07,1.9761420544954176e-07,3.795506714100109e-08,3.4473833379500186e-08,6.685397120893195e-08
284,1.486550092655121e-07,2.8316402347816644e-07,3.897775936164e-07,1.1921982034273236e-07,1.4966581438654886e-07,5.434214734050934e-08,3.318850606997374e-07,1.0614911132326904e-08,2.315487302362355e-07,5.7428439530871005e-08,6.826853952804155e-08,2.2751364158759076e-07,1.2103164870356228e-07,1.900219893856288e-08,1.6669071682967062e-07,1.4646134248948565e-07,1.9761420544954176e-07,3.795506714100109e-08,3.4473833379500186e-08,6.685397120893195e-08
285,1.486550092655121e-07,2.8316402347816644e-07,3.897775936164e-07,1.1921982034273236e-07,1.4966581438654886e-07,5.434214734050934e-08,3.318850606997374e-07,1.0614911132326904e-08,2.315487302362355e-07,5.7428439530871005e-08,6.826853952804155e-08,2.2751364158759076e-07,1.2103164870356228e-07,1.900219893856288e-08,1.6669071682967062e-07,1.4646134248948565e-07,1.9761420544954176e-07,3.795506714100109e-08,3.4473833379500186e-08,6.685397120893195e-08
286,1.463550821081807e-07,2.8316402347816644e-07,3.897775936164e-07,1.1921982034273236e-07,1.4966581438654886e-07,5.434214734050934e-08,3.318850606997374e-07,1.0614911132326904e-08,2.315487302362355e-07,5.7428439530871005e-08,6.826853952804155e-08,2.2751364158759076e-07,1.2103164870356228e-07,1.900219893856288e-08,1.6669071682967062e-07,1.4646134248948565e-07,1.9761420544954176e-07,3.795506714100109e-08,3.4473833379500186e-08,6.685397120893195e-08
287,1.463550821081807e-07,2.8316402347816644e-07,3.897775936164e-07,1.1921982034273236e-07,1.4966581438654886e-07,5.434214734050934e-08,3.318850606997374e-07,1.0614911132326904e-08,2.315487302362355e-07,5.7428439530871005e-08,6.826853952804155e-08,2.2751364158759076e-07,1.2103164870356228e-07,1.900219893856288e-08,1.6669071682967062e-07,1.4646134248948565e-07,1.9761420544954176e-07,3.795506714100109e-08,3.4473833379500186e-08,6.685397120893195e-08
288,1.463550821081807e-07,2.8316402347816644e-07,3.897775936164e-07,1.1921982034273236e-07,1.4966581438654886e-07,5.434214734050934e-08,3.318850606997374e-07,1.0614911132326904e-08,2.315487302362355e-07,5.7428439530871005e-08,6.826853952804155e-08,2.2751364158759076e-07,1.2103164870356228e-07,1.900219893856288e-08,1.6669071682967062e-07,1.4646134248948565e-07,1.9761420544954176e-07,3.795506714100109e-08,3.4473833379500186e-08,6.685397120893195e-08
289,1.463550821081807e-07,2.8316402347816644e-07,3.897775936164e-07,1.1921982034273236e-07,1.4966581438654886e-07,5.434214734050934e-08,3.318850606997374e-07,1.0614911132326904e-08,2.315487302362355e-07,5.7428439530871005e-08,6.826853952804155e-08,2.2751364158759076e-07,1.2103164870356228e-07,1.900219893856288e-08,1.6669071682967062e-07,1.4646134248948565e-07,1.9761420544954176e-07,3.795506714100109e-08,3.4473833379500186e-08,6.685397120893195e-08
290,1.463550821081807e-07,2.8316402347816644e-07,3.897775936164e-07,1.1921982034273236e-07,1.4966581438654886e-07,5.434214734050934e-08,3.318850606997374e-07,1.0614911132326904e-08,2.315487302362355e-07,5.7428439530871005e-08,6.826853952804155e-08,2.2751364158759076e-07,1.2103164870356228e-07,1.900219893856288e-08,1.6669071682967062e-07,1.4646134248948565e-07,1.9761420544954176e-07,3.795506714100109e-08,3.4473833379500186e-08,6.685397120893195e-08
291,1.463550821081807e-07,2.8316402347816644e-07,3.897775936164e-07,1.1921982034273236e-07,1.4966581438654886e-07,5.434214734050934e-08,3.318850606997374e-07,1.0614911132326904e-08,2.315487302362355e-07,5.7428439530871005e-08,6.826853952804155e-08,2.2751364158759076e-07,1.2103164870356228e-07,1.900219893856288e-08,1.194529397262822e-07,1.4646134248948565e-07,1.9761420544954176e-07,3.795506714100109e-08,3.4473833379500186e-08,6.685397120893195e-08
292,1.463550821081807e-07,2.8316402347816644e-07,3.897775936164e-07,1.1921982034273236e-07,1.4966581438654886e-07,5.434214734050933e-08,3.318850606997374e-07,1.0614911132326904e-08,2.315487302362355e-07,5.7428439530871005e-08,6.826853952804155e-08,2.2751364158759076e-07,1.2103164870356228e-07,1.900219893856288e-08,1.194529397262822e-07,1.4646134248948565e-07,1.9761420544954176e-07,3.795506714100109e-08,3.4473833379500186e-08,6.685397120893195e-08
293,1.463550821081807e-07,2.8316402347816644e-07,3.897775936164e-07,1.1921982034273236e-07,1.4966581438654886e-07,5.434214734050933e-08,3.318850606997374e-07,1.0614911132326904e-08,2.315487302362355e-07,5.7428439530871005e-08,6.826853952804155e-08,2.2751364158759076e-07,1.2103164870356228e-07,1.900219893856288e-08,1.194529397262822e-07,1.4646134248948565e-07,1.9761420544954176e-07,3.795506714100109e-08,3.4473833379500186e-08,6.685397120893195e-08
294,1.463550821081807e-07,2.8316402347816644e-07,3.897775936164e-07,1.1921982034273236e-07,1.4966581438654886e-07,5.434214734050933e-08,3.318850606997374e-07,1.0614911132326904e-08,2.315487302362355e-07,5.7428439530871005e-08,6.826853952804155e-08,2.2751364158759076e-07,1.2103164870356228e-07,1.900219893856288e-08,1.194529397262822e-07,1.4646134248948565e-07,1.9761420544954176e-07,3.795506714100109e-08,3.4473833379500186e-08,6.685397120893195e-08
295,1.2984595436450658e-07,2.8316402347816644e-07,3.897775936164e-07,1.1921982034273236e-07,1.4966581438654886e-07,5.434214734050933e-08,3.318850606997374e-07,1.0614911132326904e-08,2.315487302362355e-07,5.7428439530871005e-08,6.826853952804155e-08,2.2751364158759076e-07,1.2103164870356228e-07,1.900219893856288e-08,1.194529397262822e-07,1.4646134248948565e-07,1.9761420544954176e-07,3.795506714100109e-08,3.4473833379500186e-08,6.685397120893195e-08
296,1.2984595436450658e-07,2.8316402347816644e-07,3.897775936164e-07,1.1921982034273236e-07,1.4966581438654886e-07,5.128172600165328e-08,3.318850606997374e-07,1.0614911132326904e-08,2.315487302362355e-07,5.7428439530871005e-08,6.826853952804155e-08,1.7448596392835472e-07,1.2103164870356228e-07,1.900219893856288e-08,1.194529397262822e-07,1.4646134248948565e-07,1.9761420544954176e-07,3.795506714100109e-08,3.4473833379500186e-08,6.685397120893195e-08
297,1.2984595436450658e-07,2.8316402347816644e-07,3.897775936164e-07,1.1921982034273236e-07,1.4966581438654886e-07,5.128172600165328e-08,3.318850606997374e-07,1.0614911132326904e-08,2.315487302362355e-07,5.7428439530871005e-08,6.826853952804155e-08,1.7448596392835472e-07,1.2103164870356228e-07,1.900219893856288e-08,1.194529397262822e-07,1.4646134248948565e-07,1.9761420544954176e-07,3.795506714100109e-08,3.4473833379500186e-08,6.685397120893195e-08
298,1.2984595436450658e-07,2.8316402347816644e-07,3.897775936164e-07,1.1921982034273236e-07,1.4966581438654886e-07,5.128172600165328e-08,3.318850606997374e-07,1.0614911132326904e-08,2.315487302362355e-07,5.7428439530871005e-08,6.826853952804155e-08,1.7448596392835472e-07,1.2103164870356228e-07,1.900219893856288e-08,1.194529397262822e-07,1.4646134248948565e-07,1.9761420544954176e-07,3.795506714100109e-08,3.4473833379500186e-08,6.685397120893195e-08
299,1.2984595436450658e-07,2.8316402347816644e-07,3.897775936164e-07,1.1921982034273236e-07,1.4966581438654886e-07,5.128172600165328e-08,3.318850606997374e-07,1.0614911132326904e-08,2.315487302362355e-07,5.7428439530871005e-08,6.826853952804155e-08,1.7448596392835472e-07,1.2103164870356228e-07,1.900219893856288e-08,1.194529397262822e-07,1.4646134248948565e-07,1.9761420544954176e-07,3.795506714100109e-08,3.4473833379500186e-08,6.685397120893195e-08
300,1.2984595436450658e-07,2.8316402347816644e-07,3.897775936164e-07,1.1921982034273236e-07,1.4966581438654886e-07,5.128172600165328e-08,3.318850606997374e-07,1.0614911132326904e-08,2.315487302362355e-07,5.7428439530871005e-08,6.826853952804155e-08,1.7448596392835472e-07,1.2103164870356228e-07,1.900219893856288e-08,1.194529397262822e-07,1.4646134248948565e-07,1.9761420544954176e-07,3.795506714100109e-08,3.4473833379500186e-08,6.685397120893195e-08
301,1.2984595436450658e-07,2.8316402347816644e-07,3.897775936164e-07,1.1921982034273236e-07,1.4966581438654886e-07,5.128172600165328e-08,3.318850606997374e-07,1.0614911132326904e-08,2.315487302362355e-07,5.7428439530871005e-08,6.826853952804155e-08,1.7448596392835472e-07,1.2103164870356228e-07,1.900219893856288e-08,1.194529397262822e-07,1.4646134248948565e-07,1.9761420544954176e-07,3.795506714100109e-08,3.4473833379500186e-08,6.685397120893195e-08
302,1.2984595436450658e-07,2.8316402347816644e-07,3.897775936164e-07,1.1921982034273236e-07,1.4966581438654886e-07,5.128172600165328e-08,3.318850606997374e-07,1.0614911132326904e-08,2.315487302362355e-07,5.7428439530871005e-08,6.826853952804155e-08,1.7448596392835472e-07,1.2103164870356228e-07,1.900219893856288e-08,1.194529397262822e-07,1.4646134248948565e-07,1.9761420544954176e-07,3.795506714100109e-08,3.4473833379500186e-08,6.685397120893195e-08
303,1.2984595436450658e-07,2.0885281237670184e-07,3.897775936164e-07,1.1921982034273236e-07,1.4966581438654886e-07,5.128172600165328e-08,3.318850606997374e-07,1.0614911132326904e-08,2.315487302362355e-07,5.7428439530871005e-08,6.826853952804155e-08,1.424529590957205e-07,1.2103164870356228e-07,1.900219893856288e-08,1.194529397262822e-07,1.4646134248948565e-07,1.9761420544954176e-07,3.795506714100109e-08,2.8639890883219646e-08,6.685397120893195e-08
304,1.2984595436450658e-07,2.0885281237670184e-07,3.897775936164e-07,1.1921982034273236e-07,1.4966581438654886e-07,5.128172600165328e-08,3.318850606997374e-07,1.0614911132326904e-08,2.315487302362355e-07,5.7428439530871005e-08,6.826853952804155e-08,1.424529590957205e-07,1.2103164870356228e-07,1.900219893856288e-08,1.194529397262822e-07,1.4646134248948565e-07,1.9761420544954176e-07,3.795506714100109e-08,2.8639890883219646e-08,6.685397120893195e-08
305,1.2984595436450658e-07,2.0885281237670184e-07,3.897775936164e-07,1.1921982034273236e-07,1.4966581438654886e-07,5.128172600165328e-08,3.318850606997374e-07,1.0614911132326904e-08,2.315487302362355e-07,5.7428439530871005e-08,6.826853952804155e-08,1.424529590957205e-07,1.2103164870356228e-07,1.900219893856288e-08,5.2310538055154295e-08,1.4646134248948565e-07,1.9761420544954176e-07,3.795506714100109e-08,2.8639890883219646e-08,6.685397120893195e-08
306,1.2984595436450658e-07,2.0885281237670184e-07,3.897775936164e-07,1.1921982034273236e-07,1.4966581438654886e-07,5.128172600165328e-08,3.318850606997374e-07,1.0614911132326904e-08,2.315487302362355e-07,5.7428439530871005e-08,6.826853952804155e-08,1.424529590957205e-07,1.2103164870356228e-07,1.900219893856288e-08,5.2310538055154295e-08,1.4646134248948565e-07,1.9761420544954176e-07,3.795506714100109e-08,2.8639890883219646e-08,6.685397120893195e-08
307,1.2984595436450658e-07,2.0885281237670184e-07,3.897775936164e-07,1.1921982034273236e-07,1.4966581438654886e-07,5.128172600165328e-08,3.318850606997374e-07,1.0614911132326904e-08,2.315487302362355e-07,5.7428439530871005e-08,6.826853952804155e-08,1.424529590957205e-07,1.2103164870356228e-07,1.900219893856288e-08,5.2310538055154295e-08,1.4646134248948565e-07,1.9760404039474934e-07,3.795506714100109e-08,2.8639890883219646e-08,6.685397120893195e-08
308,1.2984595436450658e-07,2.0885281237670184e-07,3.897775936164e-07,1.1921982034273236e-07,1.4966581438654886e-07,5.128172600165328e-08,3.318850606997374e-07,1.0614911132326904e-08,2.315487302362355e-07,5.7428439530871005e-08,6.826853952804155e-08,1.424529590957205e-07,1.2103164870356228e-07,1.900219893856288e-08,5.2310538055154295e-08,1.4646134248948565e-07,1.9760404039474934e-07,3.795506714100109e-08,2.8639890883219646e-08,6.685397120893195e-08
309,1.2984595436450658e-07,2.0885281237670184e-07,3.897775936164e-07,1.1921982034273236e-07,1.4966581438654886e-07,5.128172600165328e-08,3.318850606997374e-07,1.0614911132326904e-08,2.315487302362355e-07,5.7428439530871005e-08,6.826853952804155e-08,1.424529590957205e-07,1.2103164870356228e-07,1.900219893856288e-08,5.2310538055154295e-08,1.4646134248948565e-07,1.9760404039474934e-07,3.795506714100109e-08,2.8639890883219646e-08,6.685397120893195e-08
310,1.2984595436450658e-07,2.0885281237670184e-07,3.897775936164e-07,1.1921982034273236e-07,1.4966581438654886e-07,5.128172600165328e-08,3.318850606997374e-07,1.0614911132326904e-08,2.315487302362355e-07,5.7428439530871005e-08,6.826853952804155e-08,1.424529590957205e-07,1.2103164870356228e-07,1.900219893856288e-08,5.2310538055154295e-08,1.4646134248948565e-07,1.9760404039474934e-07,3.795506714100109e-08,2.8639890883219646e-08,6.685397120893195e-08
311,1.2984595436450658e-07,2.0885281237670184e-07,3.897775936164e-07,1.1921982034273236e-07,1.4966581438654886e-07,5.128172600165328e-08,3.318850606997374e-07,1.0614911132326904e-08,2.315487302362355e-07,5.7428439530871005e-08,6.826853952804155e-08,1.424529590957205e-07,1.2103164870356228e-07,1.900219893856288e-08,5.2310538055154295e-08,1.4646134248948565e-07,1.9760404039474934e-07,3.795506714100109e-08,2.8639890883219646e-08,6.667481425363191e-08
312,1.2984595436450658e-07,2.0885281237670184e-07,3.897775936164e-07,1.1921982034273236e-07,1.4966581438654886e-07,5.128172600165328e-08,3.318850606997374e-07,1.0614911132326904e-08,2.315487302362355e-07,5.7428439530871005e-08,6.826853952804155e-08,1.424529590957205e-07,1.2103164870356228e-07,1.900219893856288e-08,5.2310538055154295e-08,1.4646134248948565e-07,1.9760404039474934e-07,3.795506714100109e-08,2.8639890883219646e-08,6.667481425363191e-08
313,1.2984595436450658e-07,2.0885281237670184e-07,3.897775936164e-07,1.1921982034273236e-07,1.4966581438654886e-07,5.128172600165328e-08,3.318850606997374e-07,1.0614911132326904e-08,1.2674743408661817e-07,5.7428439530871005e-08,6.826853952804155e-08,1.424529590957205e-07,1.2103164870356228e-07,1.900219893856288e-08,5.2310538055154295e-08,1.4646134248948565e-07,1.9760404039474934e-07,3.795506714100109e-08,2.8639890883219646e-08,6.667481425363191e-08
314,1.2984595436450658e-07,2.0885281237670184e-07,3.897775936164e-07,1.1921982034273236e-07,1.4966581438654886e-07,5.128172600165328e-08,3.318850606997374e-07,1.0614911132326904e-08,1.2674743408661817e-07,5.7428439530871005e-08,6.826853952804155e-08,1.424529590957205e-07,1.2103164870356228e-07,1.900219893856288e-08,5.2310538055154295e-08,1.4646134248948565e-07,1.9760404039474934e-07,3.795506714100109e-08,2.8639890883219646e-08,6.667481425363191e-08
315,1.2984595436450658e-07,2.0885281237670184e-07,3.897775936164e-07,1.1921982034273236e-07,1.4966581438654886e-07,5.128172600165328e-08,3.318850606997374e-07,1.0614911132326904e-08,1.2674743408661817e-07,5.7428439530871005e-08,6.826853952804155e-08,1.424529590957205e-07,1.2103164870356228e-07,1.900219893856288e-08,5.2310538055154295e-08,1.4646134248948565e-07,1.9760404039474934e-07,3.795506714100109e-08,2.8639890883219646e-08,6.667481425363191e-08
316,1.2984595436450658e-07,2.0885281237670184e-07,3.897775936164e-07,1.1921982034273236e-07,1.4966581438654886e-07,5.128172600165328e-08,3.318850606997374e-07,1.0614911132326904e-08,1.2674743408661817e-07,5.7428439530871005e-08,6.826853952804155e-08,1.424529590957205e-07,1.2103164870356228e-07,1.900219893856288e-08,5.2310538055154295e-08,1.4646134248948565e-07,1.9760404039474934e-07,3.795506714100109e-08,2.8639890883219646e-08,6.667481425363191e-08
317,1.1700962101177218e-07,2.0885281237670184e-07,3.897775936164e-07,1.1921982034273236e-07,1.4966581438654886e-07,5.128172600165328e-08,3.318850606997374e-07,1.0614911132326904e-08,1.2674743408661817e-07,5.7428439530871005e-08,6.826853952804155e-08,1.424529590957205e-07,1.2103164870356228e-07,1.900219893856288e-08,5.2310538055154295e-08,1.4646134248948565e-07,1.9760404039474934e-07,3.795506714100109e-08,2.8639890883219646e-08,6.667481425363191e-08
318,1.1700962101177218e-07,2.0885281237670184e-07,3.897775936164e-07,1.1921982034273236e-07,1.4966581438654886e-07,5.128172600165328e-08,3.318850606997374e-07,1.0614911132326904e-08,1.2674743408661817e-07,5.697777944541725e-08,6.826853952804155e-08,1.424529590957205e-07,1.2103164870356228e-07,1.900219893856288e-08,5.2310538055154295e-08,1.4646134248948565e-07,1.9760404039474934e-07,3.795506714100109e-08,2.8639890883219646e-08,6.667481425363191e-08
319,1.1700962101177218e-07,2.0885281237670184e-07,3.897775936164e-07,1.1921982034273236e-07,1.4966581438654886e-07,5.128172600165328e-08,3.318850606997374e-07,1.0614911132326904e-08,1.2674743408661817e-07,5.697777944541725e-08,6.826853952804155e-08,1.424529590957205e-07,1.2103164870356228e-07,1.900219893856288e-08,5.2310538055154295e-08,1.4646134248948565e-07,1.9760404039474934e-07,3.795506714100109e-08,2.8639890883219646e-08,6.667481425363191e-08
320,1.1700962101177218e-07,2.0885281237670184e-07,3.897775936164e-07,1.1921982034273236e-07,1.4966581438654886e-07,5.128172600165328e-08,3.318850606997374e-07,1.0614911132326904e-08,1.2674743408661817e-07,5.697777944541725e-08,6.824126597259172e-08,1.424529590957205e-07,1.2103164870356228e-07,1.900219893856288e-08,5.2310538055154295e-08,1.4646134248948562e-07,1.9760404039474934e-07,3.795506714100109e-08,2.8639890883219646e-08,6.667481425363191e-08
321,1.1700962101177218e-07,2.0885281237670184e-07,3.897775936164e-07,1.1921982034273236e-07,1.4966581438654886e-07,5.128172600165328e-08,3.318850606997374e-07,9.871104700406897e-09,1.2674743408661817e-07,5.697777944541725e-08,6.824126597259172e-08,1.424529590957205e-07,1.2103164870356228e-07,1.900219893856288e-08,5.2310538055154295e-08,1.4646134248948562e-07,1.9760404039474934e-07,3.795506714100109e-08,2.8639890883219646e-08,6.667481425363191e-08
322,1.1700962101177218e-07,1.6852024164734835e-07,3.897775936164e-07,1.1921982034273236e-07,1.4966581438654886e-07,5.128172600165328e-08,3.318850606997374e-07,9.871104700406897e-09,1.2674743408661817e-07,5.697777944541725e-08,6.824126597259172e-08,1.424529590957205e-07,1.2103164870356228e-07,1.900219893856288e-08,5.2310538055154295e-08,1.4646134248948562e-07,1.9760404039474934e-07,3.795506714100109e-08,2.8639890883219646e-08,6.667481425363191e-08
323,1.1700962101177218e-07,1.6852024164734835e-07,3.897775936164e-07,1.1921982034273236e-07,1.4653611837911828e-07,5.128172600165328e-08,3.318850606997374e-07,9.871104700406897e-09,1.2674743408661817e-07,5.697777944541725e-08,6.824126597259172e-08,1.424529590957205e-07,1.2103164870356228e-07,1.900219893856288e-08,5.2310538055154295e-08,1.4646134248948562e-07,1.9760404039474934e-07,3.795506714100109e-08,2.8639890883219646e-08,6.667481425363191e-08
324,1.1700962101177218e-07,1.6852024164734835e-07,3.897775936164e-07,1.1921982034273236e-07,1.4653611837911828e-07,5.128172600165328e-08,3.318850606997374e-07,9.871104700406897e-09,1.2674743408661817e-07,5.697777944541725e-08,6.824126597259172e-08,1.424529590957205e-07,1.2103164870356228e-07,1.900219893856288e-08,5.2310538055154295e-08,1.4646134248948562e-07,1.9760404039474934e-07,3.795506714100109e-08,2.8639890883219646e-08,6.667481425363191e-08
325,1.1700962101177218e-07,1.6852024164734835e-07,3.885465080137752e-07,1.1921982034273236e-07,1.4653611837911828e-07,5.128172600165328e-08,3.318850606997374e-07,9.871104700406897e-09,1.2674743408661817e-07,5.697777944541725e-08,6.824126597259172e-08,1.424529590957205e-07,1.2103164870356228e-07,1.900219893856288e-08,5.2310538055154295e-08,1.4646134248948562e-07,1.9760404039474934e-07,3.795506714100109e-08,2.8639890883219646e-08,6.667481425363191e-08
326,1.1700962101177218e-07,1.6852024164734835e-07,3.885465080137752e-07,1.1921982034273236e-07,1.4653611837911828e-07,5.128172600165328e-08,3.318850606997374e-07,9.871104700406897e-09,1.2674743408661817e-07,5.697777944541725e-08,6.824126597259172e-08,1.424529590957205e-07,9.024756389775988e-08,1.900219893856288e-08,5.2310538055154295e-08,1.4646134248948562e-07,1.9760404039474934e-07,3.795506714100109e-08,2.8639890883219646e-08,6.667481425363191e-08
327,1.1700962101177218e-07,1.6852024164734835e-07,3.885465080137752e-07,1.1921982034273236e-07,1.4653611837911828e-07,5.128172600165328e-08,3.318850606997374e-07,9.871104700406897e-09,1.2674743408661817e-07,5.697777944541725e-08,6.824126597259172e-08,1.424529590957205e-07,9.024756389775988e-08,1.900219893856288e-08,5.2310538055154295e-08,1.4646134248948562e-07,1.9760404039474934e-07,3.795506714100109e-08,2.8639890883219646e-08,6.667481425363191e-08
328,1.1700962101177218e-07,1.6852024164734835e-07,3.885465080137752e-07,1.1921982034273236e-07,1.4653611837911828e-07,5.128172600165328e-08,3.318850606997374e-07,9.871104700406897e-09,1.2674743408661817e-07,5.697777944541725e-08,6.824126597259172e-08,1.424529590957205e-07,9.024756389775988e-08,1.900219893856288e-08,5.2310538055154295e-08,1.4646134248948562e-07,1.9760404039474934e-07,3.795506714100109e-08,2.8639890883219646e-08,6.667481425363191e-08
329,1.1700962101177218e-07,1.6852024164734835e-07,3.885465080137752e-07,1.1921982034273236e-07,1.4653611837911828e-07,5.128172600165328e-08,3.318850606997374e-07,9.871104700406897e-09,1.2674743408661817e-07,5.697777944541725e-08,6.824126597259172e-08,1.424529590957205e-07,9.024756389775988e-08,1.900219893856288e-08,5.2310538055154295e-08,1.4646134248948562e-07,1.9760404039474934e-07,3.795506714100109e-08,2.8639890883219646e-08,6.667481425363191e-08
330,1.1700962101177218e-07,1.6852024164734835e-07,3.885465080137752e-07,3.520674080174306e-08,1.4653611837911828e-07,5.128172600165328e-08,3.318850606997374e-07,9.871104700406897e-09,1.2674743408661817e-07,5.697777944541725e-08,6.824126597259172e-08,1.424529590957205e-07,9.024756389775988e-08,1.900219893856288e-08,5.2310538055154295e-08,1.4646134248948562e-07,1.9760404039474934e-07,3.795506714100109e-08,2.8639890883219646e-08,6.667481425363191e-08
331,1.1700962101177218e-07,1.6852024164734835e-07,3.885465080137752e-07,3.520674080174306e-08,1.4653611837911828e-07,5.128172600165328e-08,3.318850606997374e-07,9.871104700406897e-09,1.2674743408661817e-07,5.697777944541725e-08,6.824126597259172e-08,1.424529590957205e-07,9.024756389775988e-08,1.900219893856288e-08,5.2310538055154295e-08,1.4646134248948562e-07,1.9760404039474934e-07,3.795506714100109e-08,2.8639890883219646e-08,6.667481425363191e-08
332,1.1700962101177218e-07,1.6852024164734835e-07,3.885465080137752e-07,3.520674080174306e-08,1.4653611837911828e-07,5.128172600165328e-08,3.318850606997374e-07,9.871104700406897e-09,1.2674743408661817e-07,5.697777944541725e-08,6.824126597259172e-08,1.424529590957205e-07,9.024756389775988e-08,1.900219893856288e-08,5.2310538055154295e-08,1.4646134248948562e-07,1.9760404039474934e-07,3.795506714100109e-08,2.8639890883219646e-08,6.665169501911052e-08
333,1.1700962101177218e-07,1.6852024164734835e-07,3.885465080137752e-07,3.520674080174306e-08,1.4653611837911828e-07,5.128172600165328e-08,3.318850606997374e-07,9.871104700406897e-09,1.2674743408661817e-07,5.697777944541725e-08,6.824126597259172e-08,1.424529590957205e-07,9.024756389775988e-08,1.900219893856288e-08,5.2310538055154295e-08,1.4646134248948562e-07,1.9543659451661462e-07,3.795506714100109e-08,2.8639890883219646e-08,6.665169501911052e-08
334,1.1700962101177218e-07,1.6852024164734835e-07,3.885465080137752e-07,3.520674080174306e-08,1.4653611837911828e-07,5.128172600165328e-08,3.318850606997374e-07,6.659841243735339e-09,1.2674743408661817e-07,5.697777944541725e-08,6.824126597259172e-08,1.424529590957205e-07,9.024756389775988e-08,1.900219893856288e-08,5.2310538055154295e-08,1.4646134248948562e-07,1.9543659451661462e-07,3.795506714100109e-08,2.8639890883219646e-08,6.665169501911052e-08
335,1.1700962101177218e-07,1.6852024164734835e-07,3.885465080137752e-07,3.520674080174306e-08,1.4653611837911828e-07,5.128172600165328e-08,3.318850606997374e-07,6.659841243735339e-09,1.2674743408661817e-07,5.697777944541725e-08,6.824126597259172e-08,1.424529590957205e-07,8.173982744769779e-08,1.900219893856288e-08,5.2310538055154295e-08,1.4646134248948562e-07,1.9543659451661462e-07,3.795506714100109e-08,2.8639890883219646e-08,6.665169501911052e-08
336,1.1700962101177218e-07,1.6852024164734835e-07,3.885465080137752e-07,3.520674080174306e-08,1.4653611837911828e-07,5.128172600165328e-08,3.318850606997374e-07,6.659841243735339e-09,1.2674743408661817e-07,5.697777944541725e-08,6.824126597259172e-08,1.424529590957205e-07,8.173982744769779e-08,1.900219893856288e-08,5.2310538055154295e-08,1.4646134248948562e-07,1.9543659451661462e-07,3.795506714100109e-08,2.8639890883219646e-08,6.665169501911052e-08
337,1.1700962101177218e-07,1.6852024164734835e-07,3.885465080137752e-07,3.520674080174306e-08,1.4653611837911828e-07,5.128172600165328e-08,3.318850606997374e-07,6.659841243735339e-09,1.0112184457687021e-07,5.697777944541725e-08,6.824126597259172e-08,1.424529590957205e-07,8.173982744769779e-08,1.900219893856288e-08,5.2310538055154295e-08,1.4646134248948562e-07,1.9543659451661462e-07,3.795506714100109e-08,2.8639890883219646e-08,6.665169501911052e-08
338,1.1700962101177218e-07,1.6852024164734835e-07,3.885465080137752e-07,3.520674080174306e-08,1.4653611837911828e-07,5.128172600165328e-08,3.318850606997374e-07,6.659841243735339e-09,1.0112184457687021e-07,5.697777944541725e-08,6.824126597259172e-08,1.424529590957205e-07,8.173982744769779e-08,1.900219893856288e-08,5.2310538055154295e-08,1.4646134248948562e-07,1.9543659451661462e-07,3.795506714100109e-08,2.8639890883219646e-08,6.665169501911052e-08
339,1.1700962101177218e-07,1.6852024164734835e-07,3.885465080137752e-07,3.520674080174306e-08,1.4653611837911828e-07,5.128172600165328e-08,3.318850606997374e-07,6.659841243735339e-09,1.0112184457687021e-07,5.697777944541725e-08,6.824126597259172e-08,1.424529590957205e-07,8.173982744769779e-08,1.900219893856288e-08,5.2310538055154295e-08,1.4646134248948562e-07,1.9543659451661462e-07,3.795506714100109e-08,2.8639890883219646e-08,6.665169501911052e-08
340,1.1700962101177218e-07,1.6852024164734835e-07,3.885465080137752e-07,3.520674080174306e-08,1.4653611837911828e-07,5.128172600165328e-08,3.318850606997374e-07,6.659841243735339e-09,1.0112184457687021e-07,5.697777944541725e-08,6.824126597259172e-08,1.424529590957205e-07,8.173982744769779e-08,1.900219893856288e-08,5.2310538055154295e-08,1.4646134248948562e-07,1.9543659451661462e-07,3.795506714100109e-08,2.8639890883219646e-08,6.665169501911052e-08
341,1.1700962101177218e-07,1.6852024164734835e-07,3.885465080137752e-07,3.520674080174306e-08,1.4653611837911828e-07,5.128172600165328e-08,3.318850606997374e-07,6.158983759788832e-09,9.986252765275303e-08,5.697777944541725e-08,6.824126597259172e-08,1.424529590957205e-07,8.173982744769779e-08,1.900219893856288e-08,5.2310538055154295e-08,1.4646134248948562e-07,1.9543659451661462e-07,3.795506714100109e-08,2.8639890883219646e-08,6.665169501911052e-08
342,1.1700962101177218e-07,1.6852024164734835e-07,3.885465080137752e-07,3.520674080174306e-08,1.4653611837911828e-07,5.128172600165328e-08,3.318850606997374e-07,6.158983759788832e-09,9.986252765275303e-08,5.697777944541725e-08,6.824126597259172e-08,1.424529590957205e-07,8.173982744769779e-08,1.900219893856288e-08,5.2310538055154295e-08,1.346988462800361e-07,1.9543659451661462e-07,3.795506714100109e-08,2.8639890883219646e-08,6.665169501911052e-08
343,1.1700962101177218e-07,1.6852024164734835e-07,3.885465080137752e-07,3.520674080174306e-08,1.4653611837911828e-07,5.128172600165328e-08,3.318850606997374e-07,6.158983759788832e-09,9.986252765275303e-08,5.697777944541725e-08,6.824126597259172e-08,1.424529590957205e-07,8.173982744769779e-08,1.900219893856288e-08,5.2310538055154295e-08,1.346988462800361e-07,1.9543659451661462e-07,3.795506714100109e-08,2.8639890883219646e-08,6.665169501911052e-08
344,1.1700962101177218e-07,1.6852024164734835e-07,3.881965480332936e-07,3.520674080174306e-08,1.4653611837911828e-07,5.128172600165328e-08,3.318850606997374e-07,6.158983759788832e-09,9.986252765275303e-08,5.697777944541725e-08,6.824126597259172e-08,1.424529590957205e-07,8.173982744769779e-08,1.900219893856288e-08,5.2310538055154295e-08,1.346988462800361e-07,1.9543659451661462e-07,3.795506714100109e-08,2.8639890883219646e-08,6.665169501911052e-08
345,1.1700962101177218e-07,1.6852024164734835e-07,3.881965480332936e-07,3.520674080174306e-08,1.4653611837911828e-07,5.128172600165328e-08,3.318850606997374e-07,6.158983759788832e-09,9.986252765275303e-08,5.697777944541725e-08,6.824126597259172e-08,1.424529590957205e-07,8.173982744769779e-08,1.900219893856288e-08,5.2310538055154295e-08,1.346988462800361e-07,1.9543659451661462e-07,3.795506714100109e-08,2.8639890883219646e-08,6.665169501911052e-08
346,1.1700962101177218e-07,1.6852024164734835e-07,3.881965480332936e-07,3.520674080174306e-08,1.4548666847924912e-07,5.128172600165328e-08,3.318850606997374e-07,6.158983759788832e-09,9.986252765275303e-08,5.697777944541725e-08,6.824126597259172e-08,1.424529590957205e-07,8.173982744769779e-08,1.900219893856288e-08,5.2310538055154295e-08,1.346988462800361e-07,1.9543659451661462e-07,3.795506714100109e-08,2.8639890883219646e-08,6.665169501911052e-08
347,1.1700962101177218e-07,1.6852024164734835e-07,3.881965480332936e-07,3.520674080174306e-08,1.4548666847924912e-07,5.128172600165328e-08,3.318850606997374e-07,6.158983759788832e-09,9.986252765275303e-08,5.697777944541725e-08,6.824126597259172e-08,1.424529590957205e-07,8.173982744769779e-08,1.900219893856288e-08,5.2310538055154295e-08,1.346988462800361e-07,1.9543659451661462e-07,3.795506714100109e-08,2.8639890883219646e-08,6.665169501911052e-08
348,1.1700962101177218e-07,1.6852024164734835e-07,3.881965480332936e-07,3.520674080174306e-08,1.4548666847924912e-07,5.128172600165328e-08,3.318850606997374e-07,6.158983759788832e-09,9.986252765275303e-08,5.697777944541725e-08,6.824126597259172e-08,1.424529590957205e-07,8.173982744769779e-08,1.900219893856288e-08,5.2310538055154295e-08,1.346988462800361e-07,1.9543659451661462e-07,3.795506714100109e-08,2.8639890883219646e-08,6.665169501911052e-08
349,1.1700962101177218e-07,1.6852024164734835e-07,3.881965480332936e-07,3.520674080174306e-08,1.4548666847924912e-07,5.128172600165328e-08,3.318850606997374e-07,6.158983759788832e-09,9.986252765275303e-08,5.697777944541725e-08,6.824126597259172e-08,1.424529590957205e-07,8.173982744769779e-08,1.900219893856288e-08,5.2310538055154295e-08,1.346988462800361e-07,1.9543659451661462e-07,3.795506714100109e-08,2.8639890883219646e-08,6.665169501911052e-08
350,1.1700962101177218e-07,1.6852024164734835e-07,3.881965480332936e-07,3.520674080174306e-08,1.0967646853448271e-07,5.128172600165328e-08,3.318850606997374e-07,6.158983759788832e-09,9.986252765275303e-08,5.697777944541725e-08,6.824126597259172e-08,1.424529590957205e-07,8.173982744769779e-08,1.900219893856288e-08,5.2310538055154295e-08,1.346988462800361e-07,1.9543659451661462e-07,3.795506714100109e-08,2.8639890883219646e-08,6.665169501911052e-08
351,1.1700962101177218e-07,1.6852024164734835e-07,3.881965480332936e-07,3.520674080174306e-08,1.0967646853448271e-07,5.128172600165328e-08,3.318850606997374e-07,6.158983759788832e-09,9.986252765275303e-08,5.697777944541725e-08,6.824126597259172e-08,1.424529590957205e-07,8.173982744769779e-08,1.900219893856288e-08,5.2310538055154295e-08,1.346988462800361e-07,1.9543659451661462e-07,3.795506714100109e-08,2.8639890883219646e-08,6.665169501911052e-08
352,1.0936103441702566e-07,1.6852024164734835e-07,3.881965480332936e-07,3.520674080174306e-08,1.0967646853448271e-07,5.128172600165328e-08,3.318850606997374e-07,6.158983759788832e-09,9.986252765275303e-08,5.697777944541725e-08,6.824126597259172e-08,1.424529590957205e-07,8.173982744769779e-08,1.900219893856288e-08,5.2310538055154295e-08,1.346988462800361e-07,1.9543659451661462e-07,3.795506714100109e-08,2.8639890883219646e-08,6.665169501911052e-08
353,1.0936103441702566e-07,1.6852024164734835e-07,3.881965480332936e-07,3.520674080174306e-08,1.0967646853448271e-07,5.128172600165328e-08,3.2765524614347893e-07,6.158983759788832e-09,9.986252765275303e-08,5.697777944541725e-08,6.824126597259172e-08,1.424529590957205e-07,8.173982744769779e-08,1.900219893856288e-08,5.2310538055154295e-08,1.346988462800361e-07,1.9543659451661462e-07,3.795506714100109e-08,2.8639890883219646e-08,6.665169501911052e-08
354,1.0936103441702566e-07,1.6852024164734835e-07,3.881965480332936e-07,3.520674080174306e-08,1.0967646853448271e-07,5.128172600165328e-08,3.2765524614347893e-07,6.158983759788832e-09,9.986252765275303e-08,5.697777944541725e-08,6.824126597259172e-08,1.424529590957205e-07,8.173982744769779e-08,1.900219893856288e-08,5.2310538055154295e-08,1.346988462800361e-07,1.9543659451661462e-07,3.795506714100109e-08,2.8639890883219646e-08,6.665169501911052e-08
355,1.0936103441702566e-07,1.6852024164734835e-07,3.881965480332936e-07,3.520674080174306e-08,1.0967646853448271e-07,5.128172600165328e-08,3.2765524614347893e-07,6.158983759788832e-09,9.986252765275303e-08,5.697777944541725e-08,6.824126597259172e-08,1.424529590957205e-07,8.173982744769779e-08,1.900219893856288e-08,5.2310538055154295e-08,1.346988462800361e-07,1.9543659451661462e-07,3.795506714100109e-08,2.8639890883219646e-08,6.665169501911052e-08
356,1.0936103441702566e-07,1.6852024164734835e-07,3.881965480332936e-07,3.520674080174306e-08,1.0967646853448271e-07,5.128172600165328e-08,3.2765524614347893e-07,6.158983759788832e-09,9.986252765275303e-08,5.697777944541725e-08,6.824126597259172e-08,1.424529590957205e-07,8.173982744769779e-08,1.900219893856288e-08,5.2310538055154295e-08,1.346988462800361e-07,1.9543659451661462e-07,3.795506714100109e-08,2.8639890883219646e-08,6.665169501911052e-08
357,1.0936103441702566e-07,1.6852024164734835e-07,3.881965480332936e-07,3.520674080174306e-08,1.0967646853448271e-07,5.128172600165328e-08,3.2765524614347893e-07,6.158983759788832e-09,9.986252765275303e-08,5.697777944541725e-08,6.824126597259172e-08,1.424529590957205e-07,8.173982744769779e-08,1.900219893856288e-08,5.2310538055154295e-08,1.346988462800361e-07,1.9543659451661462e-07,3.795506714100109e-08,2.8639890883219646e-08,6.665169501911052e-08
358,1.0936103441702566e-07,1.6852024164734835e-07,3.790084499875644e-07,3.520674080174306e-08,1.0967646853448271e-07,5.128172600165328e-08,3.2765524614347893e-07,6.158983759788832e-09,9.986252765275303e-08,5.697777944541725e-08,6.824126597259172e-08,1.424529590957205e-07,8.173982744769779e-08,1.900219893856288e-08,5.2310538055154295e-08,1.346988462800361e-07,1.9543659451661462e-07,3.795506714100109e-08,2.8639890883219646e-08,6.665169501911052e-08
359,1.0936103441702566e-07,1.6852024164734835e-07,3.790084499875644e-07,3.520674080174306e-08,1.0967646853448271e-07,5.128172600165328e-08,3.2765524614347893e-07,6.158983759788832e-09,9.986252765275303e-08,5.697777944541725e-08,6.824126597259172e-08,1.424529590957205e-07,7.792518325367804e-08,1.900219893856288e-08,5.2310538055154295e-08,1.346988462800361e-07,1.9543659451661462e-07,3.795506714100109e-08,2.8639890883219646e-08,5.9002872019303406e-08
360,1.0936103441702566e-07,1.6852024164734835e-07,3.790084499875644e-07,3.520674080174306e-08,1.0967646853448271e-07,5.128172600165328e-08,3.2765524614347893e-07,6.158983759788832e-09,9.986252765275303e-08,5.697777944541725e-08,6.824126597259172e-08,6.859485270875365e-08,7.792518325367804e-08,1.900219893856288e-08,5.2310538055154295e-08,1.346988462800361e-07,1.9543659451661462e-07,3.795506714100109e-08,2.8639890883219646e-08,5.9002872019303406e-08
361,1.0936103441702566e-07,1.6852024164734835e-07,3.790084499875644e-07,3.520674080174306e-08,1.0967646853448271e-07,5.128172600165328e-08,3.2765524614347893e-07,6.158983759788832e-09,9.986252765275303e-08,5.697777944541725e-08,6.824126597259172e-08,6.859485270875365e-08,7.792518325367804e-08,1.900219893856288e-08,5.2310538055154295e-08,1.346988462800361e-07,1.9543659451661462e-07,3.795506714100109e-08,2.8639890883219646e-08,5.9002872019303406e-08
362,1.0936103441702566e-07,1.6852024164734835e-07,3.790084499875644e-07,3.520674080174306e-08,1.0967646853448271e-07,5.128172600165328e-08,3.2765524614347893e-07,6.158983759788832e-09,9.986252765275303e-08,5.697777944541725e-08,6.824126597259172e-08,6.859485270875365e-08,7.792518325367804e-08,1.900219893856288e-08,5.2310538055154295e-08,1.346988462800361e-07,1.9543659451661462e-07,3.795506714100109e-08,2.8639890883219646e-08,5.9002872019303406e-08
363,1.0936103441702566e-07,1.6852024164734835e-07,3.790084499875644e-07,3.520674080174306e-08,1.0967646853448271e-07,5.128172600165328e-08,3.2765524614347893e-07,6.158983759788832e-09,9.986252765275303e-08,5.697777944541725e-08,6.824126597259172e-08,6.859485270875365e-08,7.792518325367804e-08,1.900219893856288e-08,5.2310538055154295e-08,1.346988462800361e-07,1.9543659451661462e-07,3.795506714100109e-08,2.8639890883219646e-08,5.9002872019303406e-08
364,1.0936103441702566e-07,1.6852024164734835e-07,3.790084499875644e-07,3.520674080174306e-08,1.0967646853448271e-07,5.128172600165328e-08,3.2765524614347893e-07,6.158983759788832e-09,9.986252765275303e-08,5.697777944541725e-08,6.824126597259172e-08,6.859485270875365e-08,7.792518325367804e-08,1.900219893856288e-08,5.2310538055154295e-08,1.346988462800361e-07,1.9543659451661462e-07,3.795506714100109e-08,2.8639890883219646e-08,5.9002872019303406e-08
365,1.0936103441702566e-07,1.6852024164734835e-07,3.790084499875644e-07,3.520674080174306e-08,1.0967646853448271e-07,5.128172600165328e-08,3.2765524614347893e-07,6.158983759788832e-09,9.986252765275303e-08,5.697777944541725e-08,6.824126597259172e-08,6.859485270875365e-08,7.792518325367804e-08,1.900219893856288e-08,5.2310538055154295e-08,1.346988462800361e-07,1.9543659451661462e-07,3.795506714100109e-08,2.8639890883219646e-08,5.9002872019303406e-08
366,5.506060967817201e-08,1.6852024164734835e-07,3.790084499875644e-07,3.520674080174306e-08,1.0967646853448271e-07,5.128172600165328e-08,3.2765524614347893e-07,6.158983759788832e-09,9.986252765275303e-08,5.697777944541725e-08,6.824126597259172e-08,6.859485270875365e-08,2.403945442701697e-08,1.900219893856288e-08,5.2310538055154295e-08,1.346988462800361e-07,1.9543659451661462e-07,3.795506714100109e-08,2.8639890883219646e-08,5.9002872019303406e-08
367,5.506060967817201e-08,1.6852024164734835e-07,3.790084499875644e-07,3.520674080174306e-08,1.0967646853448271e-07,5.128172600165328e-08,3.2765524614347893e-07,6.158983759788832e-09,9.986252765275303e-08,5.697777944541725e-08,6.824126597259172e-08,6.859485270875365e-08,2.403945442701697e-08,1.900219893856288e-08,5.2310538055154295e-08,1.346988462800361e-07,1.9543659451661462e-07,3.795506714100109e-08,2.8639890883219646e-08,5.9002872019303406e-08
368,5.506060967817201e-08,1.6852024164734835e-07,3.790084499875644e-07,3.520674080174306e-08,1.0967646853448271e-07,5.128172600165328e-08,3.2765524614347893e-07,6.158983759788832e-09,9.986252765275303e-08,5.697777944541725e-08,6.824126597259172e-08,6.859485270875365e-08,2.403945442701697e-08,1.900219893856288e-08,5.2310538055154295e-08,1.346988462800361e-07,1.9543659451661462e-07,3.795506714100109e-08,2.8639890883219646e-08,5.9002872019303406e-08
369,5.506060967817201e-08,1.6852024164734835e-07,3.790084499875644e-07,3.520674080174306e-08,1.0967646853448271e-07,5.128172600165328e-08,3.2765524614347893e-07,6.158983759788832e-09,9.986252765275303e-08,5.697777944541725e-08,6.824126597259172e-08,6.859485270875365e-08,2.403945442701697e-08,1.900219893856288e-08,5.2310538055154295e-08,1.346988462800361e-07,1.9543659451661462e-07,3.795506714100109e-08,2.8639890883219646e-08,5.9002872019303406e-08
370,5.506060967817201e-08,1.6852024164734835e-07,3.790084499875644e-07,3.520674080174306e-08,1.0967646853448271e-07,5.128172600165328e-08,3.2765524614347893e-07,6.158983759788832e-09,9.986252765275303e-08,4.474286258899573e-08,6.824126597259172e-08,6.859485270875365e-08,2.403945442701697e-08,1.900219893856288e-08,5.2310538055154295e-08,1.346988462800361e-07,1.9543659451661462e-07,3.795506714100109e-08,2.8639890883219646e-08,5.9002872019303406e-08
371,5.506060967817201e-08,1.6852024164734835e-07,3.790084499875644e-07,3.520674080174306e-08,1.0967646853448271e-07,5.128172600165328e-08,2.459929776498297e-07,6.158983759788832e-09,9.986252765275303e-08,4.474286258899573e-08,6.824126597259172e-08,6.859485270875365e-08,2.403945442701697e-08,1.900219893856288e-08,5.2310538055154295e-08,1.346988462800361e-07,1.8051988549708487e-07,3.795506714100109e-08,2.8639890883219646e-08,5.9002872019303406e-08
372,5.506060967817201e-08,1.6852024164734835e-07,3.790084499875644e-07,3.520674080174306e-08,1.0967646853448271e-07,5.128172600165328e-08,2.459929776498297e-07,6.158983759788832e-09,9.986252765275303e-08,4.474286258899573e-08,6.824126597259172e-08,6.859485270875365e-08,2.403945442701697e-08,1.900219893856288e-08,5.2310538055154295e-08,1.346988462800361e-07,1.8051988549708487e-07,3.795506714100109e-08,2.8639890883219646e-08,5.9002872019303406e-08
373,5.506060967817201e-08,1.6852024164734835e-07,3.790084499875644e-07,3.520674080174306e-08,1.0967646853448271e-07,5.128172600165328e-08,2.459929776498297e-07,6.158983759788832e-09,9.986252765275303e-08,4.474286258899573e-08,6.824126597259172e-08,6.859485270875365e-08,2.403945442701697e-08,1.900219893856288e-08,5.2310538055154295e-08,1.346988462800361e-07,1.8051988549708487e-07,3.795506714100109e-08,2.8639890883219646e-08,5.9002872019303406e-08
374,5.506060967817201e-08,1.6852024164734835e-07,3.790084499875644e-07,3.520674080174306e-08,1.0967646853448271e-07,5.128172600165328e-08,2.459929776498297e-07,6.158983759788832e-09,9.986252765275303e-08,4.474286258899573e-08,6.824126597259172e-08,6.859485270875365e-08,2.403945442701697e-08,1.900219893856288e-08,5.2310538055154295e-08,1.346988462800361e-07,1.8051988549708487e-07,3.795506714100109e-08,2.8639890883219646e-08,5.9002872019303406e-08
375,5.506060967817201e-08,1.6852024164734835e-07,3.790084499875644e-07,3.520674080174306e-08,1.0967646853448271e-07,5.128172600165328e-08,2.459929776498297e-07,6.158983759788832e-09,9.986252765275303e-08,4.474286258899573e-08,6.824126597259172e-08,6.859485270875365e-08,2.403945442701697e-08,1.900219893856288e-08,5.2310538055154295e-08,1.346988462800361e-07,1.8051988549708487e-07,3.795506714100109e-08,2.8639890883219646e-08,5.9002872019303406e-08
376,5.506060967817201e-08,1.6852024164734835e-07,3.790084499875644e-07,3.520674080174306e-08,1.0967646853448271e-07,5.128172600165328e-08,2.459929776498297e-07,6.158983759788832e-09,9.986252765275303e-08,4.474286258899573e-08,6.824126597259172e-08,6.859485270875365e-08,2.403945442701697e-08,1.900219893856288e-08,5.2310538055154295e-08,1.346988462800361e-07,1.8051988549708487e-07,3.795506714100109e-08,2.8639890883219646e-08,5.9002872019303406e-08
377,5.506060967817201e-08,1.6852024164734835e-07,3.790084499875644e-07,3.520674080174306e-08,1.0967646853448271e-07,5.128172600165328e-08,2.459929776498297e-07,6.158983759788832e-09,9.986252765275303e-08,4.474286258899573e-08,6.824126597259172e-08,6.859485270875365e-08,2.403945442701697e-08,1.900219893856288e-08,5.2310538055154295e-08,1.346988462800361e-07,1.8051988549708487e-07,3.795506714100109e-08,2.8639890883219646e-08,5.9002872019303406e-08
378,5.506060967817201e-08,1.6852024164734835e-07,3.790084499875644e-07,3.520674080174306e-08,1.0967646853448271e-07,5.128172600165328e-08,2.459929776498297e-07,6.158983759788832e-09,9.986252765275303e-08,4.474286258899573e-08,6.824126597259172e-08,6.859485270875365e-08,2.403945442701697e-08,1.900219893856288e-08,5.2310538055154295e-08,1.346988462800361e-07,1.8051988549708487e-07,2.494361835430318e-08,2.8639890883219646e-08,5.9002872019303406e-08
379,5.506060967817201e-08,1.6852024164734835e-07,3.790084499875644e-07,3.520674080174306e-08,1.0967646853448271e-07,5.128172600165328e-08,2.459929776498297e-07,6.158983759788832e-09,9.986252765275303e-08,4.474286258899573e-08,6.824126597259172e-08,6.859485270875365e-08,2.403945442701697e-08,1.900219893856288e-08,5.2310538055154295e-08,1.346988462800361e-07,1.8051988549708487e-07,2.494361835430318e-08,2.8639890883219646e-08,5.9002872019303406e-08
380,5.506060967817201e-08,1.6852024164734835e-07,3.790084499875644e-07,3.520674080174306e-08,1.0967646853448271e-07,5.128172600165328e-08,2.459929776498297e-07,6.158983759788832e-09,9.986252765275303e-08,4.474286258899573e-08,6.824126597259172e-08,6.859485270875365e-08,2.403945442701697e-08,1.900219893856288e-08,5.2310538055154295e-08,1.346988462800361e-07,1.8051988549708487e-07,2.494361835430318e-08,2.8639890883219646e-08,5.9002872019303406e-08
381,5.506060967817201e-08,1.6852024164734835e-07,3.790084499875644e-07,3.520674080174306e-08,1.0967646853448271e-07,5.128172600165328e-08,2.459929776498297e-07,6.158983759788832e-09,9.986252765275303e-08,4.474286258899573e-08,6.824126597259172e-08,6.859485270875365e-08,2.403945442701697e-08,1.900219893856288e-08,5.2310538055154295e-08,1.346988462800361e-07,1.8051988549708487e-07,2.494361835430318e-08,2.8639890883219646e-08,5.9002872019303406e-08
382,5.506060967817201e-08,1.6852024164734835e-07,3.790084499875644e-07,3.520674080174306e-08,1.0967646853448271e-07,5.128172600165328e-08,2.459929776498297e-07,6.158983759788832e-09,9.986252765275303e-08,4.474286258899573e-08,6.824126597259172e-08,6.859485270875365e-08,2.226053447026802e-08,1.900219893856288e-08,5.2310538055154295e-08,1.346988462800361e-07,1.8051988549708487e-07,2.494361835430318e-08,2.8639890883219646e-08,5.9002872019303406e-08
383,5.506060967817201e-08,1.6852024164734835e-07,3.790084499875644e-07,3.520674080174306e-08,1.0967646853448271e-07,5.128172600165328e-08,2.459929776498297e-07,6.158983759788832e-09,9.986252765275303e-08,4.474286258899573e-08,6.824126597259172e-08,6.859485270875365e-08,2.226053447026802e-08,1.900219893856288e-08,5.2310538055154295e-08,1.346988462800361e-07,1.8051988549708487e-07,2.494361835430318e-08,2.8639890883219646e-08,5.9002872019303406e-08
384,5.506060967817201e-08,1.6852024164734835e-07,3.790084499875644e-07,3.520674080174306e-08,1.0967646853448271e-07,5.128172600165328e-08,2.459929776498297e-07,6.158983759788832e-09,9.986252765275303e-08,4.474286258899573e-08,6.824126597259172e-08,6.859485270875365e-08,2.226053447026802e-08,1.900219893856288e-08,5.2310538055154295e-08,1.346988462800361e-07,1.8051988549708487e-07,2.494361835430318e-08,2.8639890883219646e-08,5.9002872019303406e-08
385,5.506060967817201e-08,1.6852024164734835e-07,3.790084499875644e-07,3.520674080174306e-08,1.0967646853448271e-07,5.128172600165328e-08,2.459929776498297e-07,6.158983759788832e-09,9.986252765275303e-08,4.474286258899573e-08,6.824126597259172e-08,6.859485270875365e-08,2.226053447026802e-08,1.900219893856288e-08,5.2310538055154295e-08,1.346988462800361e-07,1.8051988549708487e-07,2.494361835430318e-08,2.8639890883219646e-08,5.9002872019303406e-08
386,5.506060967817201e-08,1.6852024164734835e-07,3.790084499875644e-07,3.520674080174306e-08,1.0967646853448271e-07,5.128172600165328e-08,2.459929776498297e-07,6.158983759788832e-09,9.986252765275303e-08,4.474286258899573e-08,6.824126597259172e-08,6.859485270875365e-08,2.226053447026802e-08,1.900219893856288e-08,5.2310538055154295e-08,1.346988462800361e-07,1.8051988549708487e-07,2.494361835430318e-08,2.8639890883219646e-08,5.9002872019303406e-08
387,5.506060967817201e-08,1.6852024164734835e-07,3.790084499875644e-07,3.520674080174306e-08,1.0967646853448271e-07,5.128172600165328e-08,2.2993221686793382e-07,6.158983759788832e-09,9.986252765275303e-08,4.474286258899573e-08,6.824126597259172e-08,6.859485270875365e-08,2.226053447026802e-08,1.900219893856288e-08,5.2310538055154295e-08,1.346988462800361e-07,1.8051988549708487e-07,2.494361835430318e-08,2.8639890883219646e-08,5.9002872019303406e-08
388,5.506060967817201e-08,1.6852024164734835e-07,3.790084499875644e-07,3.520674080174306e-08,1.0967646853448271e-07,5.128172600165328e-08,2.2993221686793382e-07,6.158983759788832e-09,9.986252765275303e-08,4.474286258899573e-08,6.824126597259172e-08,6.859485270875365e-08,2.226053447026802e-08,1.900219893856288e-08,5.2310538055154295e-08,1.346988462800361e-07,1.8051988549708487e-07,2.494361835430318e-08,2.8639890883219646e-08,5.9002872019303406e-08
389,5.506060967817201e-08,1.6852024164734835e-07,3.790084499875644e-07,3.520674080174306e-08,1.0967646853448271e-07,5.128172600165328e-08,2.2993221686793382e-07,6.158983759788832e-09,9.986252765275303e-08,4.474286258899573e-08,6.824126597259172e-08,6.859485270875365e-08,2.226053447026802e-08,1.900219893856288e-08,5.2310538055154295e-08,1.346988462800361e-07,1.8051988549708487e-07,2.494361835430318e-08,2.8639890883219646e-08,5.9002872019303406e-08
390,5.506060967817201e-08,1.4422089345259163e-07,3.790084499875644e-07,3.520674080174306e-08,1.0967646853448271e-07,5.128172600165328e-08,2.2993221686793382e-07,6.158983759788832e-09,9.986252765275303e-08,4.474286258899573e-08,6.824126597259172e-08,6.859485270875365e-08,2.226053447026802e-08,1.900219893856288e-08,5.2310538055154295e-08,1.346988462800361e-07,1.8051988549708487e-07,2.494361835430318e-08,2.8639890883219646e-08,5.9002872019303406e-08
391,5.506060967817201e-08,1.4422089345259163e-07,3.790084499875644e-07,3.520674080174306e-08,1.0967646853448271e-07,5.128172600165328e-08,2.2993221686793382e-07,6.158983759788832e-09,9.986252765275303e-08,4.474286258899573e-08,6.824126597259172e-08,6.859485270875365e-08,2.226053447026802e-08,1.900219893856288e-08,5.2310538055154295e-08,1.346988462800361e-07,1.8051988549708487e-07,2.494361835430318e-08,2.8639890883219646e-08,5.9002872019303406e-08
392,5.506060967817201e-08,1.4422089345259163e-07,3.790084499875644e-07,3.520674080174306e-08,1.0967646853448271e-07,5.128172600165328e-08,2.2993221686793382e-07,6.158983759788832e-09,9.986252765275303e-08,4.474286258899573e-08,6.824126597259172e-08,6.859485270875365e-08,2.226053447026802e-08,1.900219893856288e-08,5.2310538055154295e-08,1.346988462800361e-07,1.8051988549708487e-07,2.494361835430318e-08,2.8639890883219646e-08,5.9002872019303406e-08
393,5.506060967817201e-08,1.4422089345259163e-07,3.790084499875644e-07,3.520674080174306e-08,1.0967646853448271e-07,5.128172600165328e-08,2.2993221686793382e-07,6.158983759788832e-09,9.986252765275303e-08,4.474286258899573e-08,6.824126597259172e-08,6.859485270875365e-08,2.226053447026802e-08,1.900219893856288e-08,5.2310538055154295e-08,1.346988462800361e-07,1.8051988549708487e-07,2.494361835430318e-08,2.8639890883219646e-08,5.9002872019303406e-08
394,5.506060967817201e-08,1.4422089345259163e-07,3.790084499875644e-07,3.520674080174306e-08,1.0967646853448271e-07,5.128172600165328e-08,2.2993221686793382e-07,6.158983759788832e-09,9.986252765275303e-08,4.474286258899573e-08,6.824126597259172e-08,6.859485270875365e-08,2.226053447026802e-08,1.900219893856288e-08,5.2310538055154295e-08,1.346988462800361e-07,1.8051988549708487e-07,2.494361835430318e-08,2.8639890883219646e-08,5.9002872019303406e-08
395,5.506060967817201e-08,1.4422089345259163e-07,3.790084499875644e-07,3.520674080174306e-08,1.0967646853448271e-07,5.128172600165328e-08,2.2993221686793382e-07,6.158983759788832e-09,9.986252765275303e-08,4.474286258899573e-08,6.824126597259172e-08,6.859485270875365e-08,2.226053447026802e-08,1.900219893856288e-08,5.2310538055154295e-08,1.346988462800361e-07,1.8051988549708487e-07,2.494361835430318e-08,2.8639890883219646e-08,5.9002872019303406e-08
396,5.506060967817201e-08,1.4422089345259163e-07,3.790084499875644e-07,3.520674080174306e-08,1.0967646853448271e-07,5.128172600165328e-08,2.2993221686793382e-07,6.158983759788832e-09,9.986252765275303e-08,4.474286258899573e-08,6.824126597259172e-08,6.859485270875365e-08,2.226053447026802e-08,1.900219893856288e-08,5.2310538055154295e-08,1.346988462800361e-07,1.8051988549708487e-07,2.494361835430318e-08,2.8639890883219646e-08,5.9002872019303406e-08
397,5.506060967817201e-08,1.4422089345259163e-07,3.790084499875644e-07,3.520674080174306e-08,1.0967646853448271e-07,5.128172600165328e-08,2.2993221686793382e-07,6.158983759788832e-09,9.986252765275303e-08,4.474286258899573e-08,6.824126597259172e-08,6.859485270875365e-08,2.226053447026802e-08,1.900219893856288e-08,5.2310538055154295e-08,1.346988462800361e-07,1.8051988549708487e-07,2.494361835430318e-08,2.8639890883219646e-08,5.9002872019303406e-08
398,5.506060967817201e-08,1.4422089345259163e-07,3.790084499875644e-07,3.520674080174306e-08,1.0967646853448271e-07,5.128172600165328e-08,2.2993221686793382e-07,6.158983759788832e-09,9.986252765275303e-08,4.474286258899573e-08,6.824126597259172e-08,6.859485270875365e-08,2.226053447026802e-08,1.900219893856288e-08,5.2310538055154295e-08,1.346988462800361e-07,1.8051988549708487e-07,2.494361835430318e-08,2.8639890883219646e-08,5.9002872019303406e-08
399,5.506060967817201e-08,1.4422089345259163e-07,3.790084499875644e-07,3.520674080174306e-08,1.0967646853448271e-07,5.128172600165328e-08,2.2993221686793382e-07,6.158983759788832e-09,9.986252765275303e-08,4.474286258899573e-08,6.824126597259172e-08,6.859485270875365e-08,2.226053447026802e-08,1.900219893856288e-08,5.2310538055154295e-08,1.346988462800361e-07,1.8051988549708487e-07,2.494361835430318e-08,2.8639890883219646e-08,4.418273674333507e-08
400,5.506060967817201e-08,1.4422089345259163e-07,3.790084499875644e-07,3.520674080174306e-08,1.0967646853448271e-07,5.128172600165328e-08,2.2993221686793382e-07,6.158983759788832e-09,9.986252765275303e-08,4.474286258899573e-08,6.824126597259172e-08,6.859485270875365e-08,2.226053447026802e-08,1.900219893856288e-08,5.2310538055154295e-08,1.346988462800361e-07,1.8051988549708487e-07,2.494361835430318e-08,2.8639890883219646e-08,4.418273674333507e-08
401,5.506060967817201e-08,1.4422089345259163e-07,3.2245510564842423e-07,3.520674080174306e-08,1.0967646853448271e-07,5.128172600165328e-08,2.2993221686793382e-07,6.158983759788832e-09,9.986252765275303e-08,4.474286258899573e-08,6.824126597259172e-08,6.859485270875365e-08,2.226053447026802e-08,1.900219893856288e-08,5.2310538055154295e-08,1.346988462800361e-07,1.8051988549708487e-07,2.494361835430318e-08,2.8639890883219646e-08,4.418273674333507e-08
402,5.506060967817201e-08,1.4422089345259163e-07,3.2245510564842423e-07,3.520674080174306e-08,1.0967646853448271e-07,5.128172600165328e-08,2.2993221686793382e-07,6.158983759788832e-09,9.986252765275303e-08,4.474286258899573e-08,6.824126597259172e-08,6.859485270875365e-08,2.226053447026802e-08,1.900219893856288e-08,5.2310538055154295e-08,1.346988462800361e-07,1.8051988549708487e-07,2.494361835430318e-08,2.8639890883219646e-08,4.418273674333507e-08
403,5.506060967817201e-08,1.4422089345259163e-07,3.2245510564842423e-07,3.520674080174306e-08,1.0967646853448271e-07,5.128172600165328e-08,2.2993221686793382e-07,6.158983759788832e-09,9.986252765275303e-08,4.474286258899573e-08,6.824126597259172e-08,6.859485270875365e-08,2.226053447026802e-08,1.900219893856288e-08,5.2310538055154295e-08,1.346988462800361e-07,1.8051988549708487e-07,2.494361835430318e-08,2.8639890883219646e-08,4.418273674333507e-08
404,5.506060967817201e-08,1.4422089345259163e-07,3.2245510564842423e-07,3.520674080174306e-08,1.0967646853448271e-07,5.128172600165328e-08,2.2993221686793382e-07,6.158983759788832e-09,9.986252765275303e-08,4.474286258899573e-08,6.824126597259172e-08,6.859485270875365e-08,2.226053447026802e-08,1.900219893856288e-08,5.2310538055154295e-08,1.346988462800361e-07,1.8051988549708487e-07,2.494361835430318e-08,2.8639890883219646e-08,4.418273674333507e-08
405,5.506060967817201e-08,1.4422089345259163e-07,3.2245510564842423e-07,3.520674080174306e-08,1.0967646853448271e-07,5.128172600165328e-08,2.2993221686793382e-07,6.158983759788832e-09,9.986252765275303e-08,4.474286258899573e-08,6.824126597259172e-08,6.859485270875365e-08,2.226053447026802e-08,1.900219893856288e-08,5.2310538055154295e-08,1.346988462800361e-07,1.8051988549708487e-07,2.494361835430318e-08,2.8639890883219646e-08,4.418273674333507e-08
406,5.506060967817201e-08,1.4422089345259163e-07,3.2245510564842423e-07,3.520674080174306e-08,1.0967646853448271e-07,5.128172600165328e-08,2.2993221686793382e-07,6.158983759788832e-09,9.986252765275303e-08,4.474286258899573e-08,6.824126597259172e-08,6.329035607368641e-08,2.226053447026802e-08,1.900219893856288e-08,5.2310538055154295e-08,1.346988462800361e-07,1.8051988549708487e-07,2.494361835430318e-08,2.8639890883219646e-08,4.418273674333507e-08
407,5.506060967817201e-08,1.4422089345259163e-07,6.3984166918104e-08,3.520674080174306e-08,1.0967646853448271e-07,5.128172600165328e-08,2.2993221686793382e-07,6.158983759788832e-09,9.986252765275303e-08,4.474286258899573e-08,6.824126597259172e-08,6.329035607368641e-08,2.226053447026802e-08,1.900219893856288e-08,5.2310538055154295e-08,1.346988462800361e-07,1.8051988549708487e-07,2.494361835430318e-08,2.8639890883219646e-08,4.418273674333507e-08
408,5.506060967817201e-08,1.4422089345259163e-07,6.3984166918104e-08,3.520674080174306e-08,1.0967646853448271e-07,5.128172600165328e-08,2.2993221686793382e-07,6.158983759788832e-09,9.986252765275303e-08,4.474286258899573e-08,6.824126597259172e-08,6.329035607368641e-08,2.226053447026802e-08,1.900219893856288e-08,5.2310538055154295e-08,1.346988462800361e-07,1.8051988549708487e-07,2.494361835430318e-08,2.8639890883219646e-08,4.418273674333507e-08
409,5.506060967817201e-08,1.4422089345259163e-07,6.3984166918104e-08,3.520674080174306e-08,1.0967646853448271e-07,5.128172600165328e-08,2.2993221686793382e-07,6.158983759788832e-09,7.689745237628928e-08,4.474286258899573e-08,6.824126597259172e-08,6.329035607368641e-08,2.226053447026802e-08,1.900219893856288e-08,5.2310538055154295e-08,1.346988462800361e-07,1.8051988549708487e-07,2.494361835430318e-08,2.8639890883219646e-08,4.418273674333507e-08
410,5.506060967817201e-08,1.4422089345259163e-07,6.3984166918104e-08,3.520674080174306e-08,1.0967646853448271e-07,5.128172600165328e-08,2.2993221686793382e-07,6.158983759788832e-09,7.689745237628928e-08,4.474286258899573e-08,6.824126597259172e-08,6.329035607368641e-08,2.226053447026802e-08,1.900219893856288e-08,5.2310538055154295e-08,1.346988462800361e-07,1.8051988549708487e-07,2.494361835430318e-08,2.8639890883219646e-08,4.418273674333507e-08
411,5.506060967817201e-08,1.4422089345259163e-07,6.3984166918104e-08,3.520674080174306e-08,1.0967646853448271e-07,5.128172600165328e-08,2.2993221686793382e-07,6.158983759788832e-09,7.689745237628928e-08,4.474286258899573e-08,6.824126597259172e-08,6.329035607368641e-08,2.226053447026802e-08,1.900219893856288e-08,5.2310538055154295e-08,1.346988462800361e-07,1.8051988549708487e-07,2.494361835430318e-08,2.8639890883219646e-08,4.418273674333507e-08
412,5.506060967817201e-08,1.4422089345259163e-07,6.3984166918104e-08,3.520674080174306e-08,1.0967646853448271e-07,5.128172600165328e-08,2.2993221686793382e-07,6.158983759788832e-09,7.689745237628928e-08,4.474286258899573e-08,6.824126597259172e-08,6.329035607368641e-08,2.226053447026802e-08,1.900219893856288e-08,5.2310538055154295e-08,1.346988462800361e-07,1.8051988549708487e-07,2.494361835430318e-08,2.8639890883219646e-08,4.418273674333507e-08
413,5.506060967817201e-08,1.4422089345259163e-07,6.3984166918104e-08,3.520674080174306e-08,1.0967646853448271e-07,5.128172600165328e-08,2.2993221686793382e-07,6.158983759788832e-09,7.689745237628928e-08,4.474286258899573e-08,6.824126597259172e-08,6.329035607368641e-08,2.226053447026802e-08,1.900219893856288e-08,5.2310538055154295e-08,1.346988462800361e-07,1.8051988549708487e-07,2.494361835430318e-08,2.8639890883219646e-08,4.418273674333507e-08
414,5.506060967817201e-08,1.4422089345259163e-07,6.3984166918104e-08,3.520674080174306e-08,1.0967646853448271e-07,5.128172600165328e-08,2.2993221686793382e-07,6.158983759788832e-09,7.689745237628928e-08,4.474286258899573e-08,6.824126597259172e-08,6.329035607368641e-08,2.226053447026802e-08,1.900219893856288e-08,5.2310538055154295e-08,1.346988462800361e-07,1.8051988549708487e-07,2.494361835430318e-08,2.8639890883219646e-08,4.418273674333507e-08
415,5.506060967817201e-08,1.4422089345259163e-07,6.3984166918104e-08,3.520674080174306e-08,1.0967646853448271e-07,5.128172600165328e-08,2.2993221686793382e-07,6.158983759788832e-09,7.689745237628928e-08,4.474286258899573e-08,6.824126597259172e-08,6.329035607368641e-08,2.226053447026802e-08,1.900219893856288e-08,5.2310538055154295e-08,1.346988462800361e-07,1.8051988549708487e-07,2.494361835430318e-08,2.8639890883219646e-08,4.418273674333507e-08
416,5.506060967817201e-08,1.4422089345259163e-07,6.3984166918104e-08,3.520674080174306e-08,1.0967646853448271e-07,5.128172600165328e-08,2.2993221686793382e-07,6.158983759788832e-09,7.689745237628928e-08,4.474286258899573e-08,6.824126597259172e-08,6.329035607368641e-08,2.226053447026802e-08,1.900219893856288e-08,5.2310538055154295e-08,1.346988462800361e-07,1.8051988549708487e-07,2.494361835430318e-08,2.8639890883219646e-08,4.418273674333507e-08
417,5.506060967817201e-08,1.4422089345259163e-07,6.3984166918104e-08,3.520674080174306e-08,1.0967646853448271e-07,5.128172600165328e-08,2.2993221686793382e-07,6.158983759788832e-09,7.689745237628928e-08,4.474286258899573e-08,6.824126597259172e-08,4.9632064155192e-08,2.226053447026802e-08,1.900219893856288e-08,5.2310538055154295e-08,1.346988462800361e-07,1.8051988549708487e-07,2.494361835430318e-08,2.8639890883219646e-08,4.418273674333507e-08
418,5.506060967817201e-08,1.4422089345259163e-07,6.3984166918104e-08,3.520674080174306e-08,1.0967646853448271e-07,5.128172600165328e-08,2.2993221686793382e-07,6.158983759788832e-09,7.689745237628928e-08,4.474286258899573e-08,6.824126597259172e-08,4.9632064155192e-08,2.226053447026802e-08,1.900219893856288e-08,5.2310538055154295e-08,1.346988462800361e-07,1.8051988549708487e-07,2.494361835430318e-08,2.8639890883219646e-08,4.418273674333507e-08
419,5.506060967817201e-08,1.4422089345259163e-07,6.3984166918104e-08,3.520674080174306e-08,1.0967537195289219e-07,5.128172600165328e-08,2.2993221686793382e-07,6.158983759788832e-09,7.689745237628928e-08,4.474286258899573e-08,6.824126597259172e-08,4.9632064155192e-08,2.226053447026802e-08,1.900219893856288e-08,5.2310538055154295e-08,1.346988462800361e-07,1.8051988549708487e-07,2.494361835430318e-08,2.8639890883219646e-08,4.418273674333507e-08
420,5.506060967817201e-08,1.4422089345259163e-07,6.3984166918104e-08,3.520674080174306e-08,1.0967537195289219e-07,5.128172600165328e-08,2.2993221686793382e-07,6.158983759788832e-09,7.689745237628928e-08,4.4742851378282057e-08,6.824126597259172e-08,4.9632064155192e-08,2.226053447026802e-08,1.900219893856288e-08,5.2310538055154295e-08,1.346988462800361e-07,1.8051988549708487e-07,2.494361835430318e-08,2.8639890883219646e-08,4.418273674333507e-08
421,5.506060967817201e-08,1.4422089345259163e-07,6.3984166918104e-08,3.520674080174306e-08,1.0967537195289219e-07,5.128172600165328e-08,2.2993221686793382e-07,6.158983759788832e-09,7.689745237628928e-08,4.4742851378282057e-08,6.824126597259172e-08,4.9632064155192e-08,2.226053447026802e-08,1.900219893856288e-08,5.2310538055154295e-08,1.346988462800361e-07,1.8051988549708487e-07,2.494361835430318e-08,2.8639890883219646e-08,4.418273674333507e-08
422,5.506060967817201e-08,1.4422089345259163e-07,6.3984166918104e-08,3.520674080174306e-08,1.0967537195289219e-07,5.128172600165328e-08,2.0984504385674202e-07,6.158983759788832e-09,7.689745237628928e-08,4.4742851378282057e-08,6.824126597259172e-08,4.9632064155192e-08,2.226053447026802e-08,1.900219893856288e-08,5.2310538055154295e-08,1.346988462800361e-07,1.525244750634849e-07,2.494361835430318e-08,2.8639890883219646e-08,4.418273674333507e-08
423,5.506060967817201e-08,1.4422089345259163e-07,6.3984166918104e-08,3.520674080174306e-08,1.0967537195289219e-07,5.128172600165328e-08,2.0984504385674202e-07,6.158983759788832e-09,7.689745237628928e-08,4.4742851378282057e-08,6.824126597259172e-08,4.9632064155192e-08,2.226053447026802e-08,1.900219893856288e-08,5.2310538055154295e-08,1.346988462800361e-07,1.525244750634849e-07,2.494361835430318e-08,2.8639890883219646e-08,4.418273674333507e-08
424,5.506060967817201e-08,1.4422089345259163e-07,6.3984166918104e-08,3.520674080174306e-08,1.0967537195289219e-07,5.128172600165328e-08,2.0984504385674202e-07,6.158983759788832e-09,7.689745237628928e-08,4.4742851378282057e-08,6.824126597259172e-08,4.9632064155192e-08,2.226053447026802e-08,1.900219893856288e-08,5.2310538055154295e-08,1.346988462800361e-07,1.525244750634849e-07,2.494361835430318e-08,2.8639890883219646e-08,4.418273674333507e-08
425,5.506060967817201e-08,1.4422089345259163e-07,6.3984166918104e-08,3.520674080174306e-08,1.0967537195289219e-07,5.128172600165328e-08,2.0984504385674202e-07,6.158983759788832e-09,7.689745237628928e-08,4.4742851378282057e-08,6.824126597259172e-08,4.9632064155192e-08,2.226053447026802e-08,1.900219893856288e-08,5.2310538055154295e-08,1.346988462800361e-07,1.525244750634849e-07,2.494361835430318e-08,2.8639890883219646e-08,4.418273674333507e-08
426,5.506060967817201e-08,1.4422089345259163e-07,6.3984166918104e-08,3.520674080174306e-08,1.0967537195289219e-07,5.128172600165328e-08,2.0984504385674202e-07,6.158983759788832e-09,7.689745237628928e-08,4.4742851378282057e-08,6.824126597259172e-08,4.9632064155192e-08,2.226053447026802e-08,1.900219893856288e-08,5.2310538055154295e-08,1.346988462800361e-07,1.525244750634849e-07,2.494361835430318e-08,2.8639890883219646e-08,4.418273674333507e-08
427,5.506060967817201e-08,1.4422089345259163e-07,6.3984166918104e-08,3.520674080174306e-08,1.0967537195289219e-07,5.128172600165328e-08,2.0984504385674202e-07,6.158983759788832e-09,7.689745237628928e-08,4.4742851378282057e-08,6.824126597259172e-08,4.9632064155192e-08,2.226053447026802e-08,1.900219893856288e-08,5.2310538055154295e-08,1.346988462800361e-07,1.525244750634849e-07,2.494361835430318e-08,2.8639890883219646e-08,4.418273674333507e-08
428,5.506060967817201e-08,1.4415077950059305e-07,6.3984166918104e-08,3.520674080174306e-08,1.0967537195289219e-07,5.128172600165328e-08,2.0984504385674202e-07,6.158983759788832e-09,7.689745237628928e-08,4.4742851378282057e-08,6.824126597259172e-08,4.9632064155192e-08,2.226053447026802e-08,1.900219893856288e-08,5.2310538055154295e-08,1.346988462800361e-07,1.525244750634849e-07,2.494361835430318e-08,2.8639890883219646e-08,4.418273674333507e-08
429,5.506060967817201e-08,1.4415077950059305e-07,6.3984166918104e-08,1.5800294106647933e-08,1.0967537195289219e-07,5.128172600165328e-08,2.0984504385674202e-07,6.158983759788832e-09,7.689745237628928e-08,4.4742851378282057e-08,6.824126597259172e-08,4.9632064155192e-08,2.226053447026802e-08,1.900219893856288e-08,5.2310538055154295e-08,1.346988462800361e-07,1.525244750634849e-07,2.494361835430318e-08,2.8639890883219646e-08,4.418273674333507e-08
430,5.506060967817201e-08,1.4415077950059305e-07,6.3984166918104e-08,1.5800294106647933e-08,8.922035751593883e-08,5.128172600165328e-08,2.0984504385674202e-07,6.158983759788832e-09,7.689745237628928e-08,4.0740460707213146e-08,6.824126597259172e-08,4.9632064155192e-08,2.226053447026802e-08,1.900219893856288e-08,5.2310538055154295e-08,1.346988462800361e-07,1.525244750634849e-07,2.494361835430318e-08,2.8639890883219646e-08,4.418273674333507e-08
431,5.506060967817201e-08,1.4415077950059305e-07,6.3984166918104e-08,1.5800294106647933e-08,8.922035751593883e-08,5.128172600165328e-08,2.0984504385674202e-07,6.158983759788832e-09,7.689745237628928e-08,4.0740460707213146e-08,6.824126597259172e-08,4.9632064155192e-08,2.226053447026802e-08,1.900219893856288e-08,5.2310538055154295e-08,1.346988462800361e-07,1.525244750634849e-07,2.494361835430318e-08,2.8639890883219646e-08,4.418273674333507e-08
432,5.506060967817201e-08,1.4415077950059305e-07,6.3984166918104e-08,1.5800294106647933e-08,8.922035751593883e-08,5.128172600165328e-08,2.0984504385674202e-07,6.158983759788832e-09,7.689745237628928e-08,4.0740460707213146e-08,6.824126597259172e-08,4.9632064155192e-08,2.226053447026802e-08,1.900219893856288e-08,5.2310538055154295e-08,1.346988462800361e-07,1.525244750634849e-07,2.494361835430318e-08,2.8639890883219646e-08,4.418273674333507e-08
433,5.506060967817201e-08,1.4415077950059305e-07,6.3984166918104e-08,1.5800294106647933e-08,8.922035751593883e-08,5.128172600165328e-08,2.0984504385674202e-07,6.158983759788832e-09,7.689745237628928e-08,4.0740460707213146e-08,6.212817963003753e-08,4.9632064155192e-08,2.226053447026802e-08,1.900219893856288e-08,5.2310538055154295e-08,1.346988462800361e-07,1.525244750634849e-07,2.494361835430318e-08,2.8639890883219646e-08,4.418273674333507e-08
434,5.506060967817201e-08,1.4415077950059305e-07,6.3984166918104e-08,1.5800294106647933e-08,8.922035751593883e-08,5.128172600165328e-08,2.0984504385674202e-07,6.158983759788832e-09,7.689745237628928e-08,4.0740460707213146e-08,6.212817963003753e-08,4.9632064155192e-08,2.226053447026802e-08,1.900219893856288e-08,5.2310538055154295e-08,1.346988462800361e-07,1.525244750634849e-07,2.494361835430318e-08,2.8639890883219646e-08,4.418273674333507e-08
435,5.506060967817201e-08,1.4415077950059305e-07,6.3984166918104e-08,1.5800294106647933e-08,8.922035751593883e-08,5.128172600165328e-08,2.0984504385674202e-07,6.158983759788832e-09,7.689745237628928e-08,4.0740460707213146e-08,6.212817963003753e-08,4.9632064155192e-08,2.226053447026802e-08,1.900219893856288e-08,5.2310538055154295e-08,1.346988462800361e-07,1.525244750634849e-07,2.494361835430318e-08,2.8639890883219646e-08,4.418273674333507e-08
436,5.506060967817201e-08,1.4415077950059305e-07,6.3984166918104e-08,1.5800294106647933e-08,8.922035751593883e-08,5.128172600165328e-08,2.0984504385674202e-07,6.158983759788832e-09,7.689745237628928e-08,4.0740460707213146e-08,6.212817963003753e-08,4.9632064155192e-08,2.226053447026802e-08,1.900219893856288e-08,5.2310538055154295e-08,1.346988462800361e-07,1.525244750634849e-07,2.494361835430318e-08,2.8639890883219646e-08,4.418273674333507e-08
437,5.506060967817201e-08,1.4415077950059305e-07,6.3984166918104e-08,1.5800294106647933e-08,8.922035751593883e-08,5.128172600165328e-08,2.0984504385674202e-07,6.158983759788832e-09,7.689745237628928e-08,4.0740460707213146e-08,6.212817963003753e-08,4.9632064155192e-08,2.226053447026802e-08,1.900219893856288e-08,5.2310538055154295e-08,1.346988462800361e-07,1.525244750634849e-07,2.494361835430318e-08,2.8639890883219646e-08,4.418273674333507e-08
438,5.506060967817201e-08,1.4415077950059305e-07,6.3984166918104e-08,1.5800294106647933e-08,8.922035751593883e-08,4.518730675695794e-08,2.0984504385674202e-07,6.158983759788832e-09,7.689745237628928e-08,4.0740460707213146e-08,6.212817963003753e-08,4.9632064155192e-08,2.226053447026802e-08,1.900219893856288e-08,5.2310538055154295e-08,1.346988462800361e-07,1.525244750634849e-07,2.494361835430318e-08,2.8639890883219646e-08,4.418273674333507e-08
439,5.506060967817201e-08,1.4415077950059305e-07,6.3984166918104e-08,1.5800294106647933e-08,8.922035751593883e-08,4.518730675695794e-08,2.0984504385674202e-07,6.158983759788832e-09,7.689745237628928e-08,4.0740460707213146e-08,6.212817963003753e-08,4.9632064155192e-08,2.226053447026802e-08,1.900219893856288e-08,5.2310538055154295e-08,1.346988462800361e-07,1.525244750634849e-07,2.494361835430318e-08,2.8639890883219646e-08,4.418273674333507e-08
440,5.506060967817201e-08,1.4415077950059305e-07,6.3984166918104e-08,1.5800294106647933e-08,8.922035751593883e-08,4.518730675695794e-08,2.0984504385674202e-07,6.158983759788832e-09,7.689745237628928e-08,4.0740460707213146e-08,6.212817963003753e-08,4.9632064155192e-08,2.226053447026802e-08,1.900219893856288e-08,5.2310538055154295e-08,1.346988462800361e-07,1.525244750634849e-07,2.4671428272494943e-08,2.8639890883219646e-08,4.418273674333507e-08
441,5.506060967817201e-08,1.4415077950059305e-07,6.3984166918104e-08,1.5800294106647933e-08,8.922035751593883e-08,4.518730675695794e-08,2.0984504385674202e-07,6.158983759788832e-09,7.689745237628928e-08,4.0740460707213146e-08,6.212817963003753e-08,4.9632064155192e-08,2.226053447026802e-08,1.900219893856288e-08,5.2310538055154295e-08,1.346988462800361e-07,1.525244750634849e-07,2.4573701967420102e-08,2.8639890883219646e-08,4.418273674333507e-08
442,5.506060967817201e-08,1.4415077950059305e-07,6.3984166918104e-08,1.5800294106647933e-08,8.922035751593883e-08,4.518730675695794e-08,2.0984504385674202e-07,6.158983759788832e-09,7.689745237628928e-08,4.0740460707213146e-08,6.212817963003753e-08,4.9632064155192e-08,2.226053447026802e-08,1.900219893856288e-08,5.2310538055154295e-08,1.346988462800361e-07,1.525244750634849e-07,1.830067574733671e-08,2.8639890883219646e-08,4.418273674333507e-08
443,5.506060967817201e-08,1.4415077950059305e-07,6.3984166918104e-08,1.5800294106647933e-08,8.922035751593883e-08,4.518730675695794e-08,2.0984504385674202e-07,6.158983759788832e-09,7.689745237628928e-08,4.0740460707213146e-08,6.212817963003753e-08,4.9632064155192e-08,2.226053447026802e-08,1.900219893856288e-08,5.2310538055154295e-08,1.346988462800361e-07,1.525244750634849e-07,1.830067574733671e-08,2.8639890883219646e-08,4.418273674333507e-08
444,5.506060967817201e-08,1.4415077950059305e-07,6.3984166918104e-08,1.5800294106647933e-08,8.922035751593883e-08,4.518730675695794e-08,2.0984504385674202e-07,6.158983759788832e-09,7.689745237628928e-08,4.0740460707213146e-08,6.212817963003753e-08,4.9632064155192e-08,2.226053447026802e-08,1.900219893856288e-08,5.2310538055154295e-08,1.346988462800361e-07,1.525244750634849e-07,1.830067574733671e-08,2.8639890883219646e-08,4.418273674333507e-08
445,5.506060967817201e-08,1.4415077950059305e-07,6.3984166918104e-08,1.5800294106647933e-08,8.922035751593883e-08,4.518730675695794e-08,2.0984504385674202e-07,6.158983759788832e-09,7.689745237628928e-08,4.0740460707213146e-08,6.212817963003753e-08,4.9632064155192e-08,2.226053447026802e-08,1.900219893856288e-08,5.2310538055154295e-08,1.346988462800361e-07,1.525244750634849e-07,1.830067574733671e-08,2.8639890883219646e-08,4.418273674333507e-08
446,5.506060967817201e-08,1.4415077950059305e-07,6.3984166918104e-08,1.5800294106647933e-08,8.922035751593883e-08,4.518730675695794e-08,2.0984504385674202e-07,6.158983759788832e-09,7.689745237628928e-08,4.0740460707213146e-08,6.212817963003753e-08,4.9632064155192e-08,2.226053447026802e-08,1.900219893856288e-08,5.2310538055154295e-08,1.346988462800361e-07,1.525244750634849e-07,1.830067574733671e-08,2.8639890883219646e-08,4.418273674333507e-08
447,5.506060967817201e-08,1.4415077950059305e-07,6.3984166918104e-08,1.5800294106647933e-08,8.922035751593883e-08,4.518730675695794e-08,2.0984504385674202e-07,6.158983759788832e-09,7.689745237628928e-08,4.0740460707213146e-08,6.212817963003753e-08,4.9632064155192e-08,2.226053447026802e-08,1.900219893856288e-08,5.2310538055154295e-08,1.346988462800361e-07,1.525244750634849e-07,1.830067574733671e-08,2.8639890883219646e-08,4.418273674333507e-08
448,5.506060967817201e-08,1.4415077950059305e-07,6.3984166918104e-08,1.5800294106647933e-08,8.922035751593883e-08,4.518730675695794e-08,2.0984504385674202e-07,6.158983759788832e-09,7.689745237628928e-08,4.0740460707213146e-08,6.212817963003753e-08,4.9632064155192e-08,2.226053447026802e-08,1.900219893856288e-08,5.2310538055154295e-08,1.346988462800361e-07,1.525244750634849e-07,1.830067574733671e-08,2.8639890883219646e-08,4.418273674333507e-08
449,5.506060967817201e-08,1.4415077950059305e-07,6.3984166918104e-08,1.5800294106647933e-08,8.922035751593883e-08,4.518730675695794e-08,2.0984504385674202e-07,6.158983759788832e-09,7.689745237628928e-08,4.0740460707213146e-08,6.212817963003753e-08,4.9632064155192e-08,2.226053447026802e-08,1.900219893856288e-08,5.2310538055154295e-08,1.346988462800361e-07,1.525244750634849e-07,1.830067574733671e-08,2.8639890883219646e-08,4.418273674333507e-08
450,5.506060967817201e-08,1.4415077950059305e-07,6.3984166918104e-08,1.5800294106647933e-08,8.922035751593883e-08,4.518730675695794e-08,2.0984504385674202e-07,6.158983759788832e-09,7.689745237628928e-08,4.0740460707213146e-08,6.212817963003753e-08,4.9632064155192e-08,2.226053447026802e-08,1.900219893856288e-08,5.2310538055154295e-08,1.346988462800361e-07,1.525244750634849e-07,1.830067574733671e-08,2.8639890883219646e-08,4.418273674333507e-08
451,5.506060967817201e-08,1.4415077950059305e-07,6.3984166918104e-08,1.5800294106647933e-08,8.922035751593883e-08,4.518730675695794e-08,2.0984504385674202e-07,6.158983759788832e-09,7.689745237628928e-08,4.0740460707213146e-08,6.212817963003753e-08,4.9632064155192e-08,2.226053447026802e-08,1.900219893856288e-08,5.2310538055154295e-08,1.346988462800361e-07,1.525244750634849e-07,1.830067574733671e-08,2.8639890883219646e-08,4.418273674333507e-08
452,5.506060967817201e-08,1.4415077950059305e-07,6.3984166918104e-08,1.5800294106647933e-08,8.922035751593883e-08,4.518730675695794e-08,2.0984504385674202e-07,6.158983759788832e-09,7.689745237628928e-08,4.0740460707213146e-08,6.212817963003753e-08,4.9632064155192e-08,2.226053447026802e-08,1.900219893856288e-08,5.2310538055154295e-08,1.346988462800361e-07,1.525244750634849e-07,1.830067574733671e-08,2.8639890883219646e-08,4.418273674333507e-08
453,5.506060967817201e-08,1.4415077950059305e-07,6.3984166918104e-08,1.5800294106647933e-08,8.922035751593883e-08,4.518730675695794e-08,2.0984504385674202e-07,6.158983759788832e-09,7.689745237628928e-08,4.0740460707213146e-08,6.212817963003753e-08,4.9632064155192e-08,1.9640394305720835e-08,1.900219893856288e-08,5.2310538055154295e-08,1.346988462800361e-07,1.525244750634849e-07,1.830067574733671e-08,2.8639890883219646e-08,4.418273674333507e-08
454,5.506060967817201e-08,1.4415077950059305e-07,6.3984166918104e-08,1.5800294106647933e-08,8.922035751593883e-08,4.518730675695794e-08,2.0984504385674202e-07,6.158983759788832e-09,7.689745237628928e-08,4.0740460707213146e-08,6.212817963003753e-08,4.9632064155192e-08,1.9640394305720835e-08,1.900219893856288e-08,5.2310538055154295e-08,1.346988462800361e-07,1.525244750634849e-07,1.830067574733671e-08,2.8639890883219646e-08,4.418273674333507e-08
455,5.506060967817201e-08,1.4415077950059305e-07,6.3984166918104e-08,1.5800294106647933e-08,8.922035751593883e-08,4.518730675695794e-08,2.0984504385674202e-07,6.158983759788832e-09,7.689745237628928e-08,4.0740460707213146e-08,6.212817963003753e-08,4.9632064155192e-08,1.9640394305720835e-08,1.900219893856288e-08,5.2310538055154295e-08,1.346988462800361e-07,1.525244750634849e-07,1.830067574733671e-08,2.8639890883219646e-08,4.418273674333507e-08
456,5.3449212876385345e-08,1.4415077950059305e-07,6.3984166918104e-08,1.5800294106647933e-08,8.922035751593883e-08,4.518730675695794e-08,2.0984504385674202e-07,6.158983759788832e-09,7.689745237628928e-08,4.0740460707213146e-08,6.212817963003753e-08,4.9632064155192e-08,1.9640394305720835e-08,1.900219893856288e-08,5.2310538055154295e-08,1.346988462800361e-07,1.3368144531532968e-07,1.830067574733671e-08,2.8639890883219646e-08,4.418273674333507e-08
457,5.3449212876385345e-08,1.4415077950059305e-07,6.3984166918104e-08,1.5800294106647933e-08,8.922035751593883e-08,4.518730675695794e-08,2.0984504385674202e-07,6.158983759788832e-09,7.689745237628928e-08,4.0740460707213146e-08,6.212817963003753e-08,4.9632064155192e-08,1.9640394305720835e-08,1.900219893856288e-08,5.2310538055154295e-08,1.346988462800361e-07,1.3368144531532968e-07,1.830067574733671e-08,2.8639890883219646e-08,4.418273674333507e-08
458,5.3449212876385345e-08,1.4415077950059305e-07,6.3984166918104e-08,1.5800294106647933e-08,8.922035751593883e-08,4.518730675695794e-08,2.0984504385674202e-07,6.158983759788832e-09,7.689745237628928e-08,4.0740460707213146e-08,6.212817963003753e-08,4.9632064155192e-08,1.9640394305720835e-08,1.900219893856288e-08,5.2310538055154295e-08,1.346988462800361e-07,1.3368144531532968e-07,1.830067574733671e-08,2.8639890883219646e-08,4.418273674333507e-08
459,5.3449212876385345e-08,1.4415077950059305e-07,6.3984166918104e-08,1.5800294106647933e-08,8.922035751593883e-08,4.518730675695794e-08,2.0984504385674202e-07,6.158983759788832e-09,7.689745237628928e-08,4.0740460707213146e-08,6.212817963003753e-08,4.9632064155192e-08,1.9640394305720835e-08,1.900219893856288e-08,5.2310538055154295e-08,1.346988462800361e-07,1.3368144531532968e-07,1.830067574733671e-08,2.8639890883219646e-08,4.418273674333507e-08
460,5.3449212876385345e-08,1.4415077950059305e-07,6.3984166918104e-08,1.5800294106647933e-08,8.922035751593883e-08,4.518730675695794e-08,2.0984504385674202e-07,6.158983759788832e-09,6.612439457393506e-08,4.0740460707213146e-08,6.212817963003753e-08,4.9632064155192e-08,1.9640394305720835e-08,1.900219893856288e-08,5.2310538055154295e-08,1.346988462800361e-07,1.3368144531532968e-07,1.830067574733671e-08,2.8639890883219646e-08,4.418273674333507e-08
461,5.3449212876385345e-08,1.4415077950059305e-07,6.3984166918104e-08,1.5800294106647933e-08,8.922035751593883e-08,4.518730675695794e-08,2.0984504385674202e-07,6.158983759788832e-09,6.612439457393506e-08,4.0740460707213146e-08,6.212817963003753e-08,4.9632064155192e-08,1.9640394305720835e-08,1.900219893856288e-08,5.2310538055154295e-08,1.346988462800361e-07,1.3368144531532968e-07,1.830067574733671e-08,2.8639890883219646e-08,4.418273674333507e-08
462,5.3449212876385345e-08,1.4415077950059305e-07,6.3984166918104e-08,1.5800294106647933e-08,8.922035751593883e-08,4.518730675695794e-08,2.0984504385674202e-07,6.158983759788832e-09,6.612439457393506e-08,4.0740460707213146e-08,6.212817963003753e-08,4.9632064155192e-08,1.9640394305720835e-08,1.900219893856288e-08,5.2310538055154295e-08,1.346988462800361e-07,1.3368144531532968e-07,1.830067574733671e-08,2.8639890883219646e-08,4.418273674333507e-08
463,5.3449212876385345e-08,1.4415077950059305e-07,6.3984166918104e-08,1.5800294106647933e-08,8.922035751593883e-08,4.518730675695794e-08,2.0984504385674202e-07,6.158983759788832e-09,6.612439457393506e-08,4.0740460707213146e-08,6.212817963003753e-08,4.9632064155192e-08,1.9640394305720835e-08,1.900219893856288e-08,5.2310538055154295e-08,1.346988462800361e-07,1.3368144531532968e-07,1.830067574733671e-08,2.8639890883219646e-08,4.418273674333507e-08
464,5.3449212876385345e-08,1.4415077950059305e-07,6.3984166918104e-08,1.5800294106647933e-08,8.922035751593883e-08,4.518730675695794e-08,2.0984504385674202e-07,6.158983759788832e-09,6.612439457393506e-08,4.0740460707213146e-08,6.212817963003753e-08,4.9632064155192e-08,1.9640394305720835e-08,1.900219893856288e-08,5.2310538055154295e-08,1.346988462800361e-07,1.3368144531532968e-07,1.830067574733671e-08,2.8639890883219646e-08,4.418273674333507e-08
465,5.3449212876385345e-08,1.4415077950059305e-07,6.3984166918104e-08,1.5800294106647933e-08,8.922035751593883e-08,4.518730675695794e-08,2.0984504385674202e-07,6.158983759788832e-09,6.612439457393506e-08,4.0740460707213146e-08,6.212817963003753e-08,4.9632064155192e-08,1.9640394305720835e-08,1.900219893856288e-08,5.2310538055154295e-08,1.346988462800361e-07,1.3368144531532968e-07,1.830067574733671e-08,2.8639890883219646e-08,4.418273674333507e-08
466,5.3449212876385345e-08,1.4415077950059305e-07,6.3984166918104e-08,1.5800294106647933e-08,8.922035751593883e-08,4.518730675695794e-08,2.0984504385674202e-07,6.158983759788832e-09,6.612439457393506e-08,4.0740460707213146e-08,6.212817963003753e-08,4.9632064155192e-08,1.9640394305720835e-08,1.900219893856288e-08,5.2310538055154295e-08,1.346988462800361e-07,1.3368144531532968e-07,1.830067574733671e-08,2.8639890883219646e-08,4.418273674333507e-08
467,5.3449212876385345e-08,1.4415077950059305e-07,6.3984166918104e-08,1.5800294106647933e-08,8.922035751593883e-08,4.518730675695794e-08,2.0984504385674202e-07,6.158983759788832e-09,6.612439457393506e-08,4.0740460707213146e-08,1.9860019734595067e-08,4.9632064155192e-08,1.9640394305720835e-08,1.900219893856288e-08,5.2310538055154295e-08,1.346988462800361e-07,1.3368144531532968e-07,1.830067574733671e-08,2.8639890883219646e-08,4.418273674333507e-08
468,5.3449212876385345e-08,1.4415077950059305e-07,5.799340178093318e-08,1.5800294106647933e-08,8.922035751593883e-08,4.518730675695794e-08,2.0984504385674202e-07,6.158983759788832e-09,6.612439457393506e-08,4.0740460707213146e-08,1.9860019734595067e-08,4.9632064155192e-08,1.9640394305720835e-08,1.900219893856288e-08,5.2310538055154295e-08,1.346988462800361e-07,1.3368144531532968e-07,1.830067574733671e-08,2.8639890883219646e-08,4.418273674333507e-08
469,5.3449212876385345e-08,1.4415077950059305e-07,5.799340178093318e-08,1.5800294106647933e-08,8.922035751593883e-08,4.518730675695794e-08,2.0984504385674202e-07,6.158983759788832e-09,6.612439457393506e-08,4.0740460707213146e-08,1.9860019734595067e-08,4.9632064155192e-08,1.9640394305720835e-08,1.900219893856288e-08,5.2310538055154295e-08,1.346988462800361e-07,1.3368144531532968e-07,1.830067574733671e-08,2.8639890883219646e-08,4.418273674333507e-08
470,5.3449212876385345e-08,1.4415077950059305e-07,5.799340178093318e-08,1.5800294106647933e-08,8.922035751593883e-08,4.518730675695794e-08,2.0984504385674202e-07,6.158983759788832e-09,6.612439457393506e-08,4.0740460707213146e-08,1.9860019734595067e-08,4.9632064155192e-08,1.9640394305720835e-08,1.900219893856288e-08,5.2310538055154295e-08,1.346988462800361e-07,1.3368144531532968e-07,1.830067574733671e-08,2.8639890883219646e-08,4.418273674333507e-08
471,5.3449212876385345e-08,1.4415077950059305e-07,5.799340178093318e-08,1.5800294106647933e-08,8.922035751593883e-08,4.518730675695794e-08,2.0984504385674202e-07,6.158983759788832e-09,6.612439457393506e-08,4.0740460707213146e-08,1.9860019734595067e-08,4.9632064155192e-08,1.9640394305720835e-08,1.900219893856288e-08,5.2310538055154295e-08,1.346988462800361e-07,1.3368144531532968e-07,1.830067574733671e-08,2.8639890883219646e-08,4.418273674333507e-08
472,5.3449212876385345e-08,1.4415077950059305e-07,5.799340178093318e-08,1.5800294106647933e-08,8.922035751593883e-08,4.518730675695794e-08,2.0984504385674202e-07,6.158983759788832e-09,6.612439457393506e-08,4.0740460707213146e-08,1.9860019734595067e-08,4.9632064155192e-08,1.9640394305720835e-08,1.900219893856288e-08,5.2310538055154295e-08,1.346988462800361e-07,1.3368144531532968e-07,1.830067574733671e-08,2.8639890883219646e-08,4.418273674333507e-08
473,5.3449212876385345e-08,1.4415077950059305e-07,5.799340178093318e-08,1.5800294106647933e-08,8.922035751593883e-08,4.518730675695794e-08,2.0984504385674202e-07,6.158983759788832e-09,6.612439457393506e-08,4.0740460707213146e-08,1.9860019734595067e-08,4.9632064155192e-08,1.9640394305720835e-08,1.900219893856288e-08,5.2310538055154295e-08,1.346988462800361e-07,1.3368144531532968e-07,1.830067574733671e-08,2.8639890883219646e-08,4.418273674333507e-08
474,5.3449212876385345e-08,1.4415077950059305e-07,5.799340178093318e-08,1.5800294106647933e-08,8.922035751593883e-08,4.518730675695794e-08,2.0984504385674202e-07,6.158983759788832e-09,6.612439457393506e-08,4.0740460707213146e-08,1.9860019734595067e-08,4.9632064155192e-08,1.9640394305720835e-08,1.900219893856288e-08,5.2310538055154295e-08,1.346988462800361e-07,1.3368144531532968e-07,1.830067574733671e-08,2.8639890883219646e-08,4.418273674333507e-08
475,5.3449212876385345e-08,1.4415077950059305e-07,5.799340178093318e-08,1.5800294106647933e-08,8.922035751593883e-08,4.518730675695794e-08,2.0984504385674202e-07,6.158983759788832e-09,6.612439457393506e-08,4.0740460707213146e-08,1.9860019734595067e-08,4.9632064155192e-08,1.9640394305720835e-08,1.900219893856288e-08,5.2310538055154295e-08,1.346988462800361e-07,1.3368144531532968e-07,1.830067574733671e-08,2.8639890883219646e-08,4.418273674333507e-08
476,5.3449212876385345e-08,1.4415077950059305e-07,5.799340178093318e-08,1.5800294106647933e-08,8.922035751593883e-08,4.518730675695794e-08,2.0984504385674202e-07,6.158983759788832e-09,6.612439457393506e-08,4.0740460707213146e-08,1.9860019734595067e-08,4.9632064155192e-08,1.9640394305720835e-08,1.900219893856288e-08,5.2310538055154295e-08,1.346988462800361e-07,1.3368144531532968e-07,1.830067574733671e-08,2.8639890883219646e-08,4.418273674333507e-08
477,5.3449212876385345e-08,1.4415077950059305e-07,5.799340178093318e-08,1.5800294106647933e-08,8.922035751593883e-08,4.518730675695794e-08,2.0984504385674202e-07,6.158983759788832e-09,6.612439457393506e-08,4.0740460707213146e-08,1.9860019734595067e-08,4.613911759146927e-08,1.9640394305720835e-08,1.900219893856288e-08,5.2310538055154295e-08,1.346988462800361e-07,1.3368144531532968e-07,1.830067574733671e-08,2.8639890883219646e-08,4.418273674333507e-08
478,5.3449212876385345e-08,1.4415077950059305e-07,5.799340178093318e-08,1.5800294106647933e-08,8.922035751593883e-08,4.518730675695794e-08,1.9715522089271468e-07,6.158983759788832e-09,6.612439457393506e-08,4.0740460707213146e-08,1.9860019734595067e-08,4.613911759146927e-08,1.9640394305720835e-08,1.900219893856288e-08,5.2310538055154295e-08,1.346988462800361e-07,1.3368144531532968e-07,1.830067574733671e-08,2.8639890883219646e-08,4.418273674333507e-08
479,5.3449212876385345e-08,1.4415077950059305e-07,5.799340178093318e-08,1.5800294106647933e-08,8.922035751593883e-08,4.518730675695794e-08,1.9715522089271468e-07,6.158983759788832e-09,6.612439457393506e-08,4.0740460707213146e-08,1.9860019734595067e-08,4.613911759146927e-08,1.9640394305720835e-08,1.900219893856288e-08,5.2310538055154295e-08,1.346988462800361e-07,1.3368144531532968e-07,1.830067574733671e-08,2.8639890883219646e-08,4.418273674333507e-08
480,5.3449212876385345e-08,1.4415077950059305e-07,5.799340178093318e-08,1.5800294106647933e-08,8.922035751593883e-08,4.518730675695794e-08,1.9715522089271468e-07,6.158983759788832e-09,6.612439457393506e-08,4.0740460707213146e-08,1.9860019734595067e-08,4.613911759146927e-08,1.9640394305720835e-08,1.900219893856288e-08,5.2310538055154295e-08,1.346988462800361e-07,1.3368144531532968e-07,1.830067574733671e-08,2.8639890883219646e-08,4.418273674333507e-08
481,5.3449212876385345e-08,1.4415077950059305e-07,5.799340178093318e-08,1.5800294106647933e-08,8.922035751593883e-08,4.518730675695794e-08,1.9715522089271468e-07,6.158983759788832e-09,6.612439457393506e-08,4.0740460707213146e-08,1.9860019734595067e-08,4.613911759146927e-08,1.9640394305720835e-08,1.900219893856288e-08,5.2310538055154295e-08,1.346988462800361e-07,1.3368144531532968e-07,1.830067574733671e-08,2.8639890883219646e-08,4.418273674333507e-08
482,4.015790077738201e-08,1.4415077950059305e-07,5.799340178093318e-08,1.5800294106647933e-08,8.922035751593883e-08,4.518730675695794e-08,1.9715522089271468e-07,6.158983759788832e-09,6.612439457393506e-08,4.0740460707213146e-08,1.9860019734595067e-08,4.613911759146927e-08,1.9640394305720835e-08,1.900219893856288e-08,5.2310538055154295e-08,1.346988462800361e-07,1.3297174311731129e-07,1.830067574733671e-08,2.8639890883219646e-08,4.418273674333507e-08
483,4.015790077738201e-08,1.4415077950059305e-07,5.799340178093318e-08,1.5800294106647933e-08,8.922035751593883e-08,4.518730675695794e-08,1.9715522089271468e-07,6.158983759788832e-09,6.612439457393506e-08,4.0740460707213146e-08,1.9860019734595067e-08,4.613911759146927e-08,1.9640394305720835e-08,1.900219893856288e-08,5.2310538055154295e-08,1.346988462800361e-07,1.3297174311731129e-07,1.830067574733671e-08,2.8639890883219646e-08,4.418273674333507e-08
484,4.015790077738201e-08,1.4415077950059305e-07,5.799340178093318e-08,1.5800294106647933e-08,8.922035751593883e-08,4.518730675695794e-08,1.9715522089271468e-07,6.158983759788832e-09,6.612439457393506e-08,4.0740460707213146e-08,1.9860019734595067e-08,4.613911759146927e-08,1.9640394305720835e-08,1.900219893856288e-08,5.2310538055154295e-08,1.346988462800361e-07,1.3297174311731129e-07,1.830067574733671e-08,2.8639890883219646e-08,4.418273674333507e-08
485,4.015790077738201e-08,1.4415077950059305e-07,5.799340178093318e-08,1.5800294106647933e-08,8.922035751593883e-08,4.518730675695794e-08,1.9715522089271468e-07,6.158983759788832e-09,6.612439457393506e-08,4.0740460707213146e-08,1.9860019734595067e-08,4.613911759146927e-08,1.9640394305720835e-08,1.900219893856288e-08,5.2310538055154295e-08,1.346988462800361e-07,1.3297174311731129e-07,1.830067574733671e-08,2.8639890883219646e-08,4.418273674333507e-08
486,4.015790077738201e-08,1.4415077950059305e-07,5.799340178093318e-08,1.5800294106647933e-08,8.922035751593883e-08,4.518730675695794e-08,1.9715522089271468e-07,6.158983759788832e-09,6.612439457393506e-08,4.0740460707213146e-08,1.9860019734595067e-08,4.613911759146927e-08,1.9640394305720835e-08,1.900219893856288e-08,5.2310538055154295e-08,1.346988462800361e-07,1.3297174311731129e-07,1.830067574733671e-08,2.8639890883219646e-08,4.418273674333507e-08
487,4.015790077738201e-08,1.4415077950059305e-07,5.799340178093318e-08,1.5800294106647933e-08,8.922035751593883e-08,4.518730675695794e-08,1.9715522089271468e-07,6.158983759788832e-09,6.612439457393506e-08,4.0740460707213146e-08,1.9860019734595067e-08,4.613911759146927e-08,1.9640394305720835e-08,1.900219893856288e-08,5.2310538055154295e-08,1.346988462800361e-07,1.3297174311731129e-07,1.830067574733671e-08,2.8639890883219646e-08,4.418273674333507e-08
488,4.015790077738201e-08,1.4415077950059305e-07,5.799340178093318e-08,1.5800294106647933e-08,8.922035751593883e-08,4.518730675695794e-08,1.9715522089271468e-07,6.158983759788832e-09,6.612439457393506e-08,4.0740460707213146e-08,1.9860019734595067e-08,4.613911759146927e-08,1.9640394305720835e-08,1.900219893856288e-08,5.2310538055154295e-08,1.346988462800361e-07,1.3297174311731129e-07,1.830067574733671e-08,2.8639890883219646e-08,4.418273674333507e-08
489,4.015790077738201e-08,1.4415077950059305e-07,5.799340178093318e-08,1.5800294106647933e-08,8.922035751593883e-08,4.518730675695794e-08,1.9715522089271468e-07,6.158983759788832e-09,6.612439457393506e-08,4.0627787529080793e-08,1.9860019734595067e-08,4.613911759146927e-08,1.9640394305720835e-08,1.900219893856288e-08,5.2310538055154295e-08,1.346988462800361e-07,1.3297174311731129e-07,1.830067574733671e-08,2.8639890883219646e-08,4.418273674333507e-08
490,4.015790077738201e-08,1.4415077950059305e-07,5.799340178093318e-08,1.5800294106647933e-08,8.922035751593883e-08,4.518730675695794e-08,1.9715522089271468e-07,6.158983759788832e-09,6.612439457393506e-08,4.0627787529080793e-08,1.9860019734595067e-08,4.613911759146927e-08,1.9640394305720835e-08,1.900219893856288e-08,5.2310538055154295e-08,1.346988462800361e-07,1.3297174311731129e-07,1.8072200699463564e-08,2.8639890883219646e-08,4.418273674333507e-08
491,4.015790077738201e-08,1.4415077950059305e-07,5.799340178093318e-08,1.5800294106647933e-08,8.922035751593883e-08,4.518730675695794e-08,1.9715522089271468e-07,6.158983759788832e-09,6.612439457393506e-08,4.0627787529080793e-08,1.9860019734595067e-08,4.613911759146927e-08,1.9640394305720835e-08,1.900219893856288e-08,5.2310538055154295e-08,1.346988462800361e-07,1.3297174311731129e-07,1.8072200699463564e-08,2.8639890883219646e-08,4.418273674333507e-08
492,4.015790077738201e-08,1.4415077950059305e-07,5.799340178093318e-08,1.5800294106647933e-08,8.922035751593883e-08,4.518730675695794e-08,1.9715522089271468e-07,6.158983759788832e-09,6.612439457393506e-08,4.0627787529080793e-08,1.9860019734595067e-08,4.613911759146927e-08,1.9640394305720835e-08,1.900219893856288e-08,5.2310538055154295e-08,1.346988462800361e-07,1.3297174311731129e-07,1.8072200699463564e-08,2.8639890883219646e-08,4.418273674333507e-08
493,4.015790077738201e-08,1.4415077950059305e-07,5.799340178093318e-08,1.5800294106647933e-08,5.860511925904318e-08,4.518730675695794e-08,1.9715522089271468e-07,6.158983759788832e-09,6.612439457393506e-08,3.569437927115974e-08,1.9860019734595067e-08,4.613911759146927e-08,1.9640394305720835e-08,1.900219893856288e-08,5.2310538055154295e-08,1.346988462800361e-07,1.3297174311731129e-07,1.8072200699463564e-08,2.8639890883219646e-08,4.418273674333507e-08
494,4.015790077738201e-08,1.4415077950059305e-07,5.799340178093318e-08,1.5800294106647933e-08,5.860511925904318e-08,4.518730675695794e-08,1.9715522089271468e-07,6.158983759788832e-09,6.612439457393506e-08,3.569437927115974e-08,1.9860019734595067e-08,4.613911759146927e-08,1.9640394305720835e-08,1.900219893856288e-08,5.2310538055154295e-08,1.346988462800361e-07,1.3297174311731129e-07,1.8072200699463564e-08,2.8639890883219646e-08,4.418273674333507e-08
495,4.015790077738201e-08,1.4415077950059305e-07,5.799340178093318e-08,1.5800294106647933e-08,5.860511925904318e-08,4.518730675695794e-08,1.9715522089271468e-07,6.158983759788832e-09,6.612439457393506e-08,3.569437927115974e-08,1.9860019734595067e-08,4.613911759146927e-08,1.9640394305720835e-08,1.900219893856288e-08,5.2310538055154295e-08,1.346988462800361e-07,1.3297174311731129e-07,1.8072200699463564e-08,2.8639890883219646e-08,4.418273674333507e-08
496,4.015790077738201e-08,1.4415077950059305e-07,5.799340178093318e-08,1.5800294106647933e-08,5.860511925904318e-08,4.518730675695794e-08,1.9715522089271468e-07,6.158983759788832e-09,6.612439457393506e-08,3.569437927115974e-08,1.9860019734595067e-08,4.613911759146927e-08,1.9640394305720835e-08,1.900219893856288e-08,5.2310538055154295e-08,1.346988462800361e-07,1.3297174311731129e-07,1.8072200699463564e-08,2.8639890883219646e-08,4.418273674333507e-08
497,4.015790077738201e-08,1.4415077950059305e-07,5.799340178093318e-08,1.5800294106647933e-08,5.860511925904318e-08,4.518730675695794e-08,1.9715522089271468e-07,6.158983759788832e-09,6.612439457393506e-08,3.569437927115974e-08,1.9860019734595067e-08,4.613911759146927e-08,1.9640394305720835e-08,1.900219893856288e-08,5.2310538055154295e-08,1.346988462800361e-07,1.3297174311731129e-07,1.8072200699463564e-08,2.8639890883219646e-08,4.418273674333507e-08
498,4.015790077738201e-08,1.4415077950059305e-07,5.799340178093318e-08,1.5800294106647933e-08,5.860511925904318e-08,4.518730675695794e-08,1.9715522089271468e-07,6.158983759788832e-09,6.612439457393506e-08,3.569437927115974e-08,1.9860019734595067e-08,4.613911759146927e-08,1.9640394305720835e-08,1.900219893856288e-08,5.2310538055154295e-08,1.346988462800361e-07,1.3297174311731129e-07,1.8072200699463564e-08,2.8639890883219646e-08,4.418273674333507e-08
499,4.015790077738201e-08,1.4415077950059305e-07,5.799340178093318e-08,1.5800294106647933e-08,5.860511925904318e-08,4.518730675695794e-08,1.9715522089271468e-07,6.158983759788832e-09,6.612439457393506e-08,3.569437927115974e-08,1.9860019734595067e-08,4.613911759146927e-08,1.9640394305720835e-08,1.900219893856288e-08,5.2310538055154295e-08,1.346988462800361e-07,1.3297174311731129e-07,1.8072200699463564e-08,2.8372820560784612e-08,4.418273674333507e-08
