generation,run_1,run_2,run_3,run_4,run_5,run_6,run_7,run_8,run_9,run_10,run_11,run_12,run_13,run_14,run_15,run_16,run_17,run_18,run_19,run_20
0,inf,inf,inf,inf,inf,inf,inf,inf,inf,inf,inf,inf,inf,inf,inf,inf,inf,inf,inf,inf
1,0.3588116004847409,0.37043302355280655,0.47128583855021655,0.5016785543535406,0.628562137811562,0.24670711019683214,0.36895918297378477,0.3755307280553981,0.2828612789400845,0.26829131435413184,0.3996636119836021,0.8805354770684928,0.380964978066016,0.6888324686609472,0.5822652045610417,0.2980430627511231,0.31442663735183807,0.24745155693663198,0.48216490405184315,0.4320183870176891
2,0.3588116004847409,0.37043302355280655,0.47128583855021655,0.40627410551428167,0.19941754286455346,0.13296098594335437,0.26541975427112824,0.2612732768805094,0.1356541164180628,0.26829131435413184,0.3996636119836021,0.6817994454925844,0.380964978066016,0.6868574885728688,0.37508368737043235,0.2980430627511231,0.24855947806913212,0.24745155693663198,0.3976140976362511,0.40760846401402334
3,0.3588116004847409,0.37043302355280655,0.27483786366605195,0.40627410551428167,0.19941754286455346,0.13296098594335437,0.26541975427112824,0.2612732768805094,0.1356541164180628,0.26829131435413184,0.3996636119836021,0.5303878007053004,0.380964978066016,0.6868574885728688,0.37508368737043235,0.2980430627511231,0.24855947806913212,0.1436647423347525,0.3976140976362511,0.40760846401402334
4,0.3588116004847409,0.37043302355280655,0.27483786366605195,0.40627410551428167,0.19941754286455346,0.13296098594335437,0.25652606192928007,0.1725410782832887,0.1356541164180628,0.26829131435413184,0.39725638572127175,0.11788943212487372,0.380964978066016,0.27323789631046635,0.37508368737043235,0.252798067051568,0.24855947806913212,0.1436647423347525,0.3976140976362511,0.1793619110749266
5,0.3588116004847409,0.3423966732101168,0.27483786366605195,0.40627410551428167,0.19941754286455346,0.13296098594335437,0.25652606192928007,0.1725410782832887,0.1356541164180628,0.26829131435413184,0.22822056857494336,0.11788943212487372,0.380964978066016,0.27323789631046635,0.37508368737043235,0.252798067051568,0.24855947806913212,0.1436647423347525,0.3976140976362511,0.1793619110749266
6,0.3588116004847409,0.3423966732101168,0.19786076923193313,0.4025398450816809,0.19941754286455346,0.13296098594335437,0.25652606192928007,0.1725410782832887,0.1356541164180628,0.26829131435413184,0.22822056857494336,0.11788943212487372,0.27779815760759047,0.27323789631046635,0.37508368737043235,0.252798067051568,0.24855947806913212,0.1436647423347525,0.3976140976362511,0.1793619110749266
7,0.3588116004847409,0.3423966732101168,0.19786076923193313,0.4025398450816809,0.19941754286455346,0.13296098594335437,0.25652606192928007,0.1725410782832887,0.1356541164180628,0.26829131435413184,0.22822056857494336,0.11788943212487372,0.18703728960090155,0.27323789631046635,0.37508368737043235,0.252798067051568,0.24855947806913212,0.1436647423347525,0.3976140976362511,0.1793619110749266
8,0.3588116004847409,0.3423966732101168,0.19786076923193313,0.14312574564219177,0.19941754286455346,0.13296098594335437,0.25652606192928007,0.1725410782832887,0.1356541164180628,0.26829131435413184,0.22822056857494336,0.11788943212487372,0.18703728960090155,0.27323789631046635,0.37508368737043235,0.252798067051568,0.24855947806913212,0.1436647423347525,0.3372846657849202,0.1793619110749266
9,0.3588116004847409,0.3305222476397962,0.19786076923193313,0.14312574564219177,0.19941754286455346,0.13296098594335437,0.25652606192928007,0.13695926975586828,0.1356541164180628,0.26829131435413184,0.22822056857494336,0.11788943212487372,0.18703728960090155,0.27323789631046635,0.1634853246848284,0.252798067051568,0.24855947806913212,0.1436647423347525,0.3372846657849202,0.1793619110749266
10,0.20792375482809625,0.3305222476397962,0.19786076923193313,0.14312574564219177,0.19941754286455346,0.13296098594335437,0.25652606192928007,0.13695926975586828,0.1356541164180628,0.26829131435413184,0.22822056857494336,0.11788943212487372,0.18703728960090155,0.27323789631046635,0.1634853246848284,0.252798067051568,0.24855947806913212,0.1436647423347525,0.3372846657849202,0.1793619110749266
11,0.20402194712175578,0.3305222476397962,0.19786076923193313,0.14312574564219177,0.19941754286455346,0.13296098594335437,0.25652606192928007,0.13695926975586828,0.1356541164180628,0.10724565188723116,0.22822056857494336,0.11788943212487372,0.18703728960090155,0.27323789631046635,0.1634853246848284,0.252798067051568,0.24855947806913212,0.1436647423347525,0.3372846657849202,0.1793619110749266
12,0.20402194712175578,0.3305222476397962,0.19786076923193313,0.14312574564219177,0.19941754286455346,0.13296098594335437,0.25652606192928007,0.13695926975586828,0.1356541164180628,0.10724565188723116,0.22822056857494336,0.11788943212487372,0.18703728960090155,0.27323789631046635,0.1634853246848284,0.252798067051568,0.24855947806913212,0.1436647423347525,0.3372846657849202,0.1793619110749266
13,0.20402194712175578,0.3167364921218187,0.19786076923193313,0.14312574564219177,0.19941754286455346,0.13296098594335437,0.25652606192928007,0.13695926975586828,0.1356541164180628,0.10724565188723116,0.22822056857494336,0.11788943212487372,0.18703728960090155,0.27323789631046635,0.1634853246848284,0.252798067051568,0.24855947806913212,0.1436647423347525,0.3372846657849202,0.1793619110749266
14,0.18592799362231352,0.3167364921218187,0.19786076923193313,0.14312574564219177,0.19941754286455346,0.13296098594335437,0.25652606192928007,0.1246807965003871,0.1356541164180628,0.10724565188723116,0.22822056857494336,0.11788943212487372,0.18703728960090155,0.27323789631046635,0.1634853246848284,0.252798067051568,0.24855947806913212,0.1436647423347525,0.20798601248698542,0.1793619110749266
15,0.18592799362231352,0.2902670012666758,0.19786076923193313,0.14312574564219177,0.19941754286455346,0.13296098594335437,0.25652606192928007,0.1246807965003871,0.1356541164180628,0.10724565188723116,0.22822056857494336,0.11788943212487372,0.18703728960090155,0.12790181328136768,0.15327595125560695,0.252798067051568,0.24855947806913212,0.1436647423347525,0.18069193351979765,0.1793619110749266
16,0.18592799362231352,0.2800494716194222,0.19786076923193313,0.14312574564219177,0.14736336717730536,0.13296098594335437,0.25652606192928007,0.1246807965003871,0.1356541164180628,0.10724565188723116,0.22822056857494336,0.11788943212487372,0.18703728960090155,0.11974150913212905,0.15327595125560695,0.14500145190517824,0.23113921095095355,0.1436647423347525,0.18069193351979765,0.1793619110749266
17,0.18592799362231352,0.2800494716194222,0.19786076923193313,0.14312574564219177,0.14736336717730536,0.13296098594335437,0.25652606192928007,0.1246807965003871,0.1356541164180628,0.10724565188723116,0.13027149684007117,0.11788943212487372,0.18703728960090155,0.11974150913212905,0.15327595125560695,0.14500145190517824,0.23113921095095355,0.1436647423347525,0.18069193351979765,0.1793619110749266
18,0.18592799362231352,0.2800494716194222,0.19786076923193313,0.14312574564219177,0.14736336717730536,0.13296098594335437,0.14896150197190872,0.1246807965003871,0.1356541164180628,0.10724565188723116,0.13027149684007117,0.11788943212487372,0.18703728960090155,0.11974150913212905,0.15327595125560695,0.14500145190517824,0.23113921095095355,0.1436647423347525,0.18069193351979765,0.1793619110749266
19,0.18592799362231352,0.2800494716194222,0.19786076923193313,0.14312574564219177,0.14736336717730536,0.13296098594335437,0.14896150197190872,0.1246807965003871,0.1356541164180628,0.10724565188723116,0.13027149684007117,0.11788943212487372,0.18703728960090155,0.11974150913212905,0.15327595125560695,0.14500145190517824,0.23113921095095355,0.1436647423347525,0.18069193351979765,0.1793619110749266
20,0.18592799362231352,0.22895742856032925,0.19786076923193313,0.14312574564219177,0.14736336717730536,0.13296098594335437,0.14896150197190872,0.1246807965003871,0.1356541164180628,0.10724565188723116,0.13027149684007117,0.11788943212487372,0.18703728960090155,0.11974150913212905,0.15327595125560695,0.14500145190517824,0.23113921095095355,0.1436647423347525,0.18069193351979765,0.1793619110749266
21,0.18592799362231352,0.22895742856032925,0.19786076923193313,0.14312574564219177,0.14736336717730536,0.13296098594335437,0.14896150197190872,0.1246807965003871,0.1356541164180628,0.10724565188723116,0.13027149684007117,0.11788943212487372,0.18703728960090155,0.11974150913212905,0.15327595125560695,0.14500145190517824,0.23113921095095355,0.1436647423347525,0.18069193351979765,0.1793619110749266
22,0.18592799362231352,0.22895742856032925,0.19786076923193313,0.14312574564219177,0.14736336717730536,0.13296098594335437,0.14896150197190872,0.1246807965003871,0.1356541164180628,0.10724565188723116,0.13027149684007117,0.11788943212487372,0.18703728960090155,0.11974150913212905,0.14843243684411928,0.14500145190517824,0.23113921095095355,0.1436647423347525,0.18069193351979765,0.1793619110749266
23,0.18592799362231352,0.21088411469310175,0.19786076923193313,0.14312574564219177,0.14736336717730536,0.13296098594335437,0.14896150197190872,0.1246807965003871,0.1356541164180628,0.10724565188723116,0.13027149684007117,0.11788943212487372,0.18703728960090155,0.11974150913212905,0.14843243684411928,0.14500145190517824,0.23113921095095355,0.1436647423347525,0.18069193351979765,0.1793619110749266
24,0.18592799362231352,0.21088411469310175,0.1406034979246687,0.14312574564219177,0.13894812968981982,0.13296098594335437,0.14896150197190872,0.1246807965003871,0.1356541164180628,0.10724565188723116,0.13027149684007117,0.11788943212487372,0.18703728960090155,0.11974150913212905,0.14843243684411928,0.14500145190517824,0.23113921095095355,0.1436647423347525,0.18069193351979765,0.1793619110749266
25,0.18592799362231352,0.21088411469310175,0.1406034979246687,0.14312574564219177,0.13894812968981982,0.13296098594335437,0.14896150197190872,0.1246807965003871,0.1356541164180628,0.10724565188723116,0.13027149684007117,0.11788943212487372,0.18703728960090155,0.11974150913212905,0.14843243684411928,0.14500145190517824,0.23113921095095355,0.1436647423347525,0.18069193351979765,0.1793619110749266
26,0.18592799362231352,0.21088411469310175,0.1406034979246687,0.14312574564219177,0.13894812968981982,0.13296098594335437,0.14896150197190872,0.1246807965003871,0.1356541164180628,0.10724565188723116,0.13027149684007117,0.11788943212487372,0.18703728960090155,0.11974150913212905,0.14843243684411928,0.14500145190517824,0.23113921095095355,0.1436647423347525,0.18069193351979765,0.1793619110749266
27,0.18592799362231352,0.21088411469310175,0.1406034979246687,0.14312574564219177,0.13894812968981982,0.13296098594335437,0.14896150197190872,0.1246807965003871,0.1356541164180628,0.10724565188723116,0.13027149684007117,0.11788943212487372,0.18703728960090155,0.11974150913212905,0.14843243684411928,0.14500145190517824,0.23113921095095355,0.1436647423347525,0.18069193351979765,0.1793619110749266
28,0.16344366047204142,0.21088411469310175,0.1406034979246687,0.14312574564219177,0.13894812968981982,0.13296098594335437,0.14896150197190872,0.1246807965003871,0.1356541164180628,0.10724565188723116,0.13027149684007117,0.11788943212487372,0.18703728960090155,0.11974150913212905,0.14843243684411928,0.14500145190517824,0.23113921095095355,0.1436647423347525,0.18069193351979765,0.1793619110749266
29,0.16344366047204142,0.19406410143577366,0.1406034979246687,0.14312574564219177,0.13894812968981982,0.13296098594335437,0.14896150197190872,0.1246807965003871,0.1356541164180628,0.10724565188723116,0.13027149684007117,0.11788943212487372,0.18703728960090155,0.11974150913212905,0.14843243684411928,0.14500145190517824,0.23113921095095355,0.1436647423347525,0.18069193351979765,0.1793619110749266
30,0.16344366047204142,0.19406410143577366,0.1406034979246687,0.14312574564219177,0.13894812968981982,0.13296098594335437,0.14896150197190872,0.1246807965003871,0.1356541164180628,0.10724565188723116,0.13027149684007117,0.11788943212487372,0.18703728960090155,0.11974150913212905,0.14843243684411928,0.14500145190517824,0.23113921095095355,0.1436647423347525,0.18069193351979765,0.1793619110749266
31,0.16344366047204142,0.19406410143577366,0.1406034979246687,0.1354298356118726,0.13894812968981982,0.13296098594335437,0.14896150197190872,0.1246807965003871,0.1356541164180628,0.10724565188723116,0.13027149684007117,0.11788943212487372,0.18703728960090155,0.11974150913212905,0.14843243684411928,0.14500145190517824,0.23113921095095355,0.1436647423347525,0.18069193351979765,0.1793619110749266
32,0.16344366047204142,0.19406410143577366,0.1406034979246687,0.1354298356118726,0.13894812968981982,0.13296098594335437,0.14896150197190872,0.1246807965003871,0.1356541164180628,0.10724565188723116,0.13027149684007117,0.11788943212487372,0.18703728960090155,0.11974150913212905,0.14843243684411928,0.14500145190517824,0.2159554405619065,0.1436647423347525,0.18069193351979765,0.1793619110749266
33,0.16344366047204142,0.19406410143577366,0.1406034979246687,0.1354298356118726,0.13894812968981982,0.13296098594335437,0.14896150197190872,0.1246807965003871,0.1356541164180628,0.10724565188723116,0.13027149684007117,0.11788943212487372,0.18703728960090155,0.11974150913212905,0.14843243684411928,0.14500145190517824,0.2159554405619065,0.1436647423347525,0.18069193351979765,0.1793619110749266
34,0.16344366047204142,0.19406410143577366,0.1406034979246687,0.1354298356118726,0.13894812968981982,0.13296098594335437,0.14896150197190872,0.1246807965003871,0.1356541164180628,0.10724565188723116,0.13027149684007117,0.11788943212487372,0.18703728960090155,0.11974150913212905,0.14843243684411928,0.14500145190517824,0.2159554405619065,0.1436647423347525,0.18069193351979765,0.1793619110749266
35,0.16344366047204142,0.19406410143577366,0.1406034979246687,0.1354298356118726,0.13894812968981982,0.13296098594335437,0.14896150197190872,0.1246807965003871,0.1356541164180628,0.10724565188723116,0.13027149684007117,0.11788943212487372,0.18703728960090155,0.11974150913212905,0.14843243684411928,0.14500145190517824,0.2159554405619065,0.1436647423347525,0.18069193351979765,0.1793619110749266
36,0.16344366047204142,0.19406410143577366,0.1406034979246687,0.1354298356118726,0.12730238546505,0.13296098594335437,0.14896150197190872,0.1246807965003871,0.10111627320931318,0.10724565188723116,0.13027149684007117,0.11788943212487372,0.18703728960090155,0.11974150913212905,0.14843243684411928,0.14500145190517824,0.2159554405619065,0.1436647423347525,0.18069193351979765,0.1793619110749266
37,0.16344366047204142,0.19406410143577366,0.1406034979246687,0.1354298356118726,0.12730238546505,0.13296098594335437,0.14896150197190872,0.1246807965003871,0.10111627320931318,0.10724565188723116,0.13027149684007117,0.11788943212487372,0.17993989173362654,0.11974150913212905,0.14843243684411928,0.14500145190517824,0.2159554405619065,0.1436647423347525,0.18069193351979765,0.1793619110749266
38,0.16344366047204142,0.19406410143577366,0.1406034979246687,0.1354298356118726,0.12730238546505,0.13296098594335437,0.14896150197190872,0.1246807965003871,0.10111627320931318,0.10724565188723116,0.13027149684007117,0.11788943212487372,0.17993989173362654,0.11974150913212905,0.14843243684411928,0.14500145190517824,0.2159554405619065,0.1436647423347525,0.18069193351979765,0.1793619110749266
39,0.16344366047204142,0.19406410143577366,0.1406034979246687,0.1354298356118726,0.12730238546505,0.13296098594335437,0.14896150197190872,0.1246807965003871,0.10111627320931318,0.10724565188723116,0.13027149684007117,0.11788943212487372,0.17993989173362654,0.11974150913212905,0.14843243684411928,0.14500145190517824,0.2159554405619065,0.1436647423347525,0.18069193351979765,0.1793619110749266
40,0.16344366047204142,0.19406410143577366,0.1406034979246687,0.1354298356118726,0.12730238546505,0.13296098594335437,0.14896150197190872,0.1246807965003871,0.026732074086550345,0.10724565188723116,0.13027149684007117,0.11788943212487372,0.17993989173362654,0.11974150913212905,0.14843243684411928,0.14500145190517824,0.2159554405619065,0.1436647423347525,0.08463272135844531,0.1793619110749266
41,0.16344366047204142,0.19406410143577366,0.1406034979246687,0.1354298356118726,0.12730238546505,0.13296098594335437,0.14896150197190872,0.1246807965003871,0.026732074086550345,0.10724565188723116,0.13027149684007117,0.11788943212487372,0.17993989173362654,0.11974150913212905,0.09553888923043398,0.14500145190517824,0.2159554405619065,0.1436647423347525,0.08463272135844531,0.03565745970327326
42,0.16344366047204142,0.19406410143577366,0.1406034979246687,0.1354298356118726,0.12730238546505,0.13296098594335437,0.14896150197190872,0.1246807965003871,0.026732074086550345,0.10724565188723116,0.13027149684007117,0.11788943212487372,0.17993989173362654,0.11974150913212905,0.09553888923043398,0.14500145190517824,0.2159554405619065,0.1436647423347525,0.08463272135844531,0.03565745970327326
43,0.16344366047204142,0.19406410143577366,0.1406034979246687,0.1354298356118726,0.12730238546505,0.13296098594335437,0.14896150197190872,0.1246807965003871,0.026732074086550345,0.10724565188723116,0.13027149684007117,0.11788943212487372,0.17993989173362654,0.11974150913212905,0.09553888923043398,0.14500145190517824,0.2159554405619065,0.1436647423347525,0.08463272135844531,0.03565745970327326
44,0.16344366047204142,0.19406410143577366,0.1406034979246687,0.1354298356118726,0.12730238546505,0.13296098594335437,0.14896150197190872,0.1246807965003871,0.026732074086550345,0.10724565188723116,0.13027149684007117,0.11788943212487372,0.17993989173362654,0.11974150913212905,0.09553888923043398,0.14500145190517824,0.20255243505263817,0.1436647423347525,0.08463272135844531,0.03565745970327326
45,0.16344366047204142,0.19406410143577366,0.1406034979246687,0.1354298356118726,0.12730238546505,0.13296098594335437,0.14896150197190872,0.1246807965003871,0.026732074086550345,0.10724565188723116,0.13027149684007117,0.11788943212487372,0.17993989173362654,0.11974150913212905,0.09553888923043398,0.14500145190517824,0.20255243505263817,0.1436647423347525,0.08463272135844531,0.03565745970327326
46,0.16344366047204142,0.19406410143577366,0.1406034979246687,0.1354298356118726,0.12730238546505,0.13296098594335437,0.14148401323567342,0.1246807965003871,0.026732074086550345,0.10724565188723116,0.13027149684007117,0.11788943212487372,0.17993989173362654,0.11974150913212905,0.09553888923043398,0.14500145190517824,0.20255243505263817,0.1436647423347525,0.08463272135844531,0.03565745970327326
47,0.16344366047204142,0.19406410143577366,0.1406034979246687,0.1354298356118726,0.12730238546505,0.13296098594335437,0.14148401323567342,0.1246807965003871,0.026732074086550345,0.10724565188723116,0.13027149684007117,0.11788943212487372,0.09512423376548726,0.11974150913212905,0.09553888923043398,0.14500145190517824,0.20255243505263817,0.1436647423347525,0.08463272135844531,0.03565745970327326
48,0.16344366047204142,0.19406410143577366,0.1406034979246687,0.1354298356118726,0.12730238546505,0.13296098594335437,0.14148401323567342,0.1246807965003871,0.026732074086550345,0.10724565188723116,0.13027149684007117,0.11788943212487372,0.09512423376548726,0.11974150913212905,0.09553888923043398,0.14500145190517824,0.20255243505263817,0.1436647423347525,0.08463272135844531,0.03565745970327326
49,0.16344366047204142,0.19406410143577366,0.1406034979246687,0.1354298356118726,0.12730238546505,0.13296098594335437,0.14148401323567342,0.1246807965003871,0.026732074086550345,0.10724565188723116,0.13027149684007117,0.11788943212487372,0.09512423376548726,0.11974150913212905,0.09553888923043398,0.14500145190517824,0.20255243505263817,0.1436647423347525,0.08463272135844531,0.03565745970327326
50,0.16344366047204142,0.19406410143577366,0.1406034979246687,0.1354298356118726,0.12730238546505,0.13296098594335437,0.14148401323567342,0.1246807965003871,0.026732074086550345,0.10724565188723116,0.13027149684007117,0.11788943212487372,0.09512423376548726,0.11974150913212905,0.09553888923043398,0.14500145190517824,0.20255243505263817,0.1436647423347525,0.08463272135844531,0.03565745970327326
51,0.16344366047204142,0.19406410143577366,0.1406034979246687,0.1354298356118726,0.12730238546505,0.13296098594335437,0.14148401323567342,0.1246807965003871,0.026732074086550345,0.10724565188723116,0.13027149684007117,0.11788943212487372,0.09512423376548726,0.11974150913212905,0.09553888923043398,0.14500145190517824,0.20255243505263817,0.1436647423347525,0.08463272135844531,0.03565745970327326
52,0.16344366047204142,0.19406410143577366,0.1406034979246687,0.1354298356118726,0.12730238546505,0.13296098594335437,0.14148401323567342,0.1246807965003871,0.026732074086550345,0.10724565188723116,0.13027149684007117,0.11788943212487372,0.09512423376548726,0.11974150913212905,0.09553888923043398,0.14500145190517824,0.20255243505263817,0.1436647423347525,0.08463272135844531,0.03565745970327326
53,0.16344366047204142,0.19406410143577366,0.1406034979246687,0.1354298356118726,0.12730238546505,0.13296098594335437,0.14148401323567342,0.1246807965003871,0.026732074086550345,0.10724565188723116,0.13027149684007117,0.11788943212487372,0.09512423376548726,0.11974150913212905,0.09553888923043398,0.14500145190517824,0.20142422194611975,0.1436647423347525,0.08463272135844531,0.03565745970327326
54,0.16344366047204142,0.14998878553852313,0.1406034979246687,0.1354298356118726,0.12730238546505,0.13296098594335437,0.14148401323567342,0.1246807965003871,0.026732074086550345,0.10724565188723116,0.13027149684007117,0.11788943212487372,0.09512423376548726,0.11974150913212905,0.09553888923043398,0.14500145190517824,0.20142422194611975,0.1436647423347525,0.08463272135844531,0.03565745970327326
55,0.16344366047204142,0.14998878553852313,0.1406034979246687,0.1354298356118726,0.12730238546505,0.13296098594335437,0.14148401323567342,0.1246807965003871,0.026732074086550345,0.10724565188723116,0.13027149684007117,0.11788943212487372,0.09512423376548726,0.11974150913212905,0.09553888923043398,0.14500145190517824,0.1443451498651666,0.1436647423347525,0.08463272135844531,0.03565745970327326
56,0.16344366047204142,0.14998878553852313,0.1406034979246687,0.1354298356118726,0.12730238546505,0.13296098594335437,0.14148401323567342,0.1246807965003871,0.026732074086550345,0.10724565188723116,0.13027149684007117,0.11788943212487372,0.09512423376548726,0.11974150913212905,0.09553888923043398,0.14500145190517824,0.1443451498651666,0.1436647423347525,0.08463272135844531,0.03565745970327326
57,0.16344366047204142,0.14998878553852313,0.1406034979246687,0.1354298356118726,0.12730238546505,0.13296098594335437,0.14148401323567342,0.1246807965003871,0.026732074086550345,0.10724565188723116,0.13027149684007117,0.08651187075847185,0.09512423376548726,0.11974150913212905,0.09553888923043398,0.14500145190517824,0.1443451498651666,0.1436647423347525,0.08463272135844531,0.03565745970327326
58,0.16344366047204142,0.14998878553852313,0.1406034979246687,0.1354298356118726,0.12730238546505,0.13296098594335437,0.14148401323567342,0.1246807965003871,0.026732074086550345,0.10724565188723116,0.13027149684007117,0.08651187075847185,0.09512423376548726,0.11974150913212905,0.09553888923043398,0.14500145190517824,0.1443451498651666,0.1436647423347525,0.08463272135844531,0.03565745970327326
59,0.16344366047204142,0.14998878553852313,0.1406034979246687,0.1354298356118726,0.12730238546505,0.13296098594335437,0.14148401323567342,0.1246807965003871,0.026732074086550345,0.10724565188723116,0.13027149684007117,0.08651187075847185,0.09512423376548726,0.11974150913212905,0.09553888923043398,0.14500145190517824,0.1443451498651666,0.1436647423347525,0.08463272135844531,0.03565745970327326
60,0.16344366047204142,0.14998878553852313,0.12782974508303108,0.1354298356118726,0.12730238546505,0.13296098594335437,0.14148401323567342,0.1246807965003871,0.026732074086550345,0.10724565188723116,0.13027149684007117,0.08651187075847185,0.09512423376548726,0.11974150913212905,0.09553888923043398,0.14500145190517824,0.1443451498651666,0.1436647423347525,0.08463272135844531,0.03565745970327326
61,0.16344366047204142,0.14998878553852313,0.12782974508303108,0.1354298356118726,0.12730238546505,0.13296098594335437,0.14148401323567342,0.1246807965003871,0.026732074086550345,0.10724565188723116,0.13027149684007117,0.08651187075847185,0.09512423376548726,0.09946206744283731,0.09553888923043398,0.14500145190517824,0.1443451498651666,0.1436647423347525,0.08463272135844531,0.03565745970327326
62,0.16344366047204142,0.14998878553852313,0.12782974508303108,0.1354298356118726,0.12730238546505,0.13296098594335437,0.14148401323567342,0.1246807965003871,0.026732074086550345,0.10724565188723116,0.13027149684007117,0.08651187075847185,0.09512423376548726,0.09946206744283731,0.09553888923043398,0.14500145190517824,0.1443451498651666,0.1436647423347525,0.08463272135844531,0.03565745970327326
63,0.16344366047204142,0.14998878553852313,0.12782974508303108,0.1354298356118726,0.12730238546505,0.13296098594335437,0.14148401323567342,0.1246807965003871,0.026732074086550345,0.10724565188723116,0.13027149684007117,0.08651187075847185,0.09512423376548726,0.09946206744283731,0.09553888923043398,0.14500145190517824,0.1443451498651666,0.1436647423347525,0.08463272135844531,0.03565745970327326
64,0.16344366047204142,0.03508101474243875,0.12782974508303108,0.11476014213504576,0.12730238546505,0.13296098594335437,0.14148401323567342,0.1246807965003871,0.026732074086550345,0.10724565188723116,0.13027149684007117,0.08651187075847185,0.09512423376548726,0.09946206744283731,0.09553888923043398,0.14500145190517824,0.1443451498651666,0.1436647423347525,0.08463272135844531,0.03565745970327326
65,0.16344366047204142,0.03508101474243875,0.12782974508303108,0.11476014213504576,0.12730238546505,0.13296098594335437,0.14148401323567342,0.1246807965003871,0.026732074086550345,0.10724565188723116,0.13027149684007117,0.08651187075847185,0.09512423376548726,0.09946206744283731,0.09553888923043398,0.14500145190517824,0.1443451498651666,0.1436647423347525,0.08463272135844531,0.03565745970327326
66,0.16344366047204142,0.03508101474243875,0.12782974508303108,0.11476014213504576,0.12730238546505,0.13296098594335437,0.14148401323567342,0.1246807965003871,0.026732074086550345,0.10724565188723116,0.13027149684007117,0.08651187075847185,0.09512423376548726,0.09946206744283731,0.09553888923043398,0.14500145190517824,0.1443451498651666,0.1436647423347525,0.08463272135844531,0.03565745970327326
67,0.16344366047204142,0.03508101474243875,0.12782974508303108,0.11476014213504576,0.12730238546505,0.13296098594335437,0.14148401323567342,0.1246807965003871,0.026732074086550345,0.10724565188723116,0.13027149684007117,0.08651187075847185,0.09512423376548726,0.09946206744283731,0.09553888923043398,0.14500145190517824,0.1443451498651666,0.1436647423347525,0.08463272135844531,0.03565745970327326
68,0.16344366047204142,0.03508101474243875,0.12782974508303108,0.11476014213504576,0.12730238546505,0.13296098594335437,0.13694849775578785,0.1246807965003871,0.026732074086550345,0.10724565188723116,0.13027149684007117,0.08651187075847185,0.09512423376548726,0.09946206744283731,0.09553888923043398,0.14500145190517824,0.1443451498651666,0.1436647423347525,0.08463272135844531,0.03565745970327326
69,0.16344366047204142,0.03508101474243875,0.12782974508303108,0.11476014213504576,0.12730238546505,0.13296098594335437,0.13694849775578785,0.1246807965003871,0.026732074086550345,0.10724565188723116,0.13027149684007117,0.08651187075847185,0.09512423376548726,0.09946206744283731,0.09553888923043398,0.14500145190517824,0.1443451498651666,0.1436647423347525,0.08463272135844531,0.03565745970327326
70,0.16344366047204142,0.03508101474243875,0.12782974508303108,0.11476014213504576,0.12730238546505,0.13296098594335437,0.13694849775578785,0.1246807965003871,0.026732074086550345,0.10724565188723116,0.13027149684007117,0.08651187075847185,0.09512423376548726,0.09946206744283731,0.09553888923043398,0.14500145190517824,0.1443451498651666,0.1436647423347525,0.08463272135844531,0.03565745970327326
71,0.16344366047204142,0.03508101474243875,0.12782974508303108,0.11476014213504576,0.12730238546505,0.13296098594335437,0.13694849775578785,0.1246807965003871,0.026732074086550345,0.10724565188723116,0.13027149684007117,0.07437071357499345,0.09512423376548726,0.09946206744283731,0.09553888923043398,0.09610116421503342,0.1443451498651666,0.1436647423347525,0.08463272135844531,0.03565745970327326
72,0.16344366047204142,0.03508101474243875,0.12782974508303108,0.11476014213504576,0.12730238546505,0.13296098594335437,0.13694849775578785,0.1246807965003871,0.026732074086550345,0.10724565188723116,0.13027149684007117,0.07437071357499345,0.09512423376548726,0.09946206744283731,0.09553888923043398,0.09610116421503342,0.1443451498651666,0.1436647423347525,0.08463272135844531,0.03565745970327326
73,0.16344366047204142,0.03508101474243875,0.12782974508303108,0.11476014213504576,0.12730238546505,0.13296098594335437,0.13694849775578785,0.1246807965003871,0.026732074086550345,0.10724565188723116,0.13027149684007117,0.07437071357499345,0.09512423376548726,0.09946206744283731,0.09553888923043398,0.09610116421503342,0.1443451498651666,0.1436647423347525,0.08463272135844531,0.03565745970327326
74,0.16344366047204142,0.03508101474243875,0.12782974508303108,0.11476014213504576,0.12730238546505,0.13296098594335437,0.13694849775578785,0.1246807965003871,0.026732074086550345,0.10724565188723116,0.09626344708188087,0.07437071357499345,0.09512423376548726,0.09946206744283731,0.09553888923043398,0.09610116421503342,0.1443451498651666,0.1436647423347525,0.08463272135844531,0.03565745970327326
75,0.16344366047204142,0.03508101474243875,0.12782974508303108,0.11476014213504576,0.12730238546505,0.13296098594335437,0.13694849775578785,0.1246807965003871,0.026732074086550345,0.10724565188723116,0.09626344708188087,0.07437071357499345,0.09512423376548726,0.09946206744283731,0.09553888923043398,0.09610116421503342,0.1443451498651666,0.1436647423347525,0.08463272135844531,0.03565745970327326
76,0.16344366047204142,0.03508101474243875,0.12782974508303108,0.11476014213504576,0.09327491409580341,0.13296098594335437,0.13694849775578785,0.1246807965003871,0.026732074086550345,0.10724565188723116,0.09626344708188087,0.07437071357499345,0.09512423376548726,0.09946206744283731,0.09553888923043398,0.09610116421503342,0.1443451498651666,0.1436647423347525,0.08463272135844531,0.03565745970327326
77,0.16344366047204142,0.03508101474243875,0.12782974508303108,0.11476014213504576,0.09327491409580341,0.13296098594335437,0.13694849775578785,0.1246807965003871,0.026732074086550345,0.10724565188723116,0.09626344708188087,0.07437071357499345,0.09512423376548726,0.09946206744283731,0.09553888923043398,0.09610116421503342,0.1443451498651666,0.1436647423347525,0.08463272135844531,0.03565745970327326
78,0.16344366047204142,0.03508101474243875,0.12782974508303108,0.11476014213504576,0.09327491409580341,0.13296098594335437,0.13694849775578785,0.1246807965003871,0.026732074086550345,0.10724565188723116,0.09626344708188087,0.07437071357499345,0.09512423376548726,0.09946206744283731,0.09553888923043398,0.09610116421503342,0.1443451498651666,0.1436647423347525,0.08463272135844531,0.03565745970327326
79,0.16344366047204142,0.03508101474243875,0.12782974508303108,0.11476014213504576,0.09327491409580341,0.13296098594335437,0.13694849775578785,0.1246807965003871,0.026732074086550345,0.10724565188723116,0.09626344708188087,0.07437071357499345,0.09512423376548726,0.09946206744283731,0.09553888923043398,0.09610116421503342,0.1443451498651666,0.1436647423347525,0.08463272135844531,0.03565745970327326
80,0.16344366047204142,0.03508101474243875,0.12782974508303108,0.11476014213504576,0.09327491409580341,0.13296098594335437,0.13694849775578785,0.1246807965003871,0.026732074086550345,0.10724565188723116,0.09626344708188087,0.07437071357499345,0.09512423376548726,0.09946206744283731,0.09553888923043398,0.09610116421503342,0.1443451498651666,0.1436647423347525,0.08463272135844531,0.03565745970327326
81,0.16344366047204142,0.03508101474243875,0.12782974508303108,0.11476014213504576,0.09327491409580341,0.13296098594335437,0.13694849775578785,0.1246807965003871,0.026732074086550345,0.10724565188723116,0.09626344708188087,0.07437071357499345,0.09512423376548726,0.09946206744283731,0.09553888923043398,0.09610116421503342,0.1443451498651666,0.1436647423347525,0.08463272135844531,0.03565745970327326
82,0.16344366047204142,0.03508101474243875,0.12782974508303108,0.11476014213504576,0.09327491409580341,0.13296098594335437,0.13694849775578785,0.1246807965003871,0.026732074086550345,0.10724565188723116,0.09626344708188087,0.07437071357499345,0.09512423376548726,0.09946206744283731,0.09553888923043398,0.09610116421503342,0.1443451498651666,0.1436647423347525,0.08463272135844531,0.03565745970327326
83,0.16344366047204142,0.03508101474243875,0.12782974508303108,0.11476014213504576,0.09327491409580341,0.13296098594335437,0.13694849775578785,0.1246807965003871,0.026732074086550345,0.10724565188723116,0.09626344708188087,0.07437071357499345,0.09512423376548726,0.09946206744283731,0.09553888923043398,0.09610116421503342,0.1443451498651666,0.1436647423347525,0.08463272135844531,0.03565745970327326
84,0.16344366047204142,0.03508101474243875,0.12782974508303108,0.11476014213504576,0.09327491409580341,0.13296098594335437,0.13694849775578785,0.1246807965003871,0.026732074086550345,0.10724565188723116,0.09626344708188087,0.07437071357499345,0.09512423376548726,0.09946206744283731,0.09553888923043398,0.09610116421503342,0.1443451498651666,0.1036550075680908,0.08463272135844531,0.03565745970327326
85,0.16344366047204142,0.03508101474243875,0.12782974508303108,0.11476014213504576,0.09327491409580341,0.13296098594335437,0.13694849775578785,0.1246807965003871,0.026732074086550345,0.10724565188723116,0.09626344708188087,0.07437071357499345,0.09512423376548726,0.09946206744283731,0.09553888923043398,0.09610116421503342,0.1443451498651666,0.1036550075680908,0.08463272135844531,0.03565745970327326
86,0.16344366047204142,0.03508101474243875,0.12782974508303108,0.11476014213504576,0.09327491409580341,0.13296098594335437,0.13694849775578785,0.1246807965003871,0.026732074086550345,0.10724565188723116,0.09626344708188087,0.07437071357499345,0.09512423376548726,0.09946206744283731,0.09553888923043398,0.09610116421503342,0.1443451498651666,0.1036550075680908,0.08463272135844531,0.03565745970327326
87,0.16344366047204142,0.03508101474243875,0.12782974508303108,0.11476014213504576,0.09327491409580341,0.13296098594335437,0.13694849775578785,0.1246807965003871,0.026732074086550345,0.10724565188723116,0.09626344708188087,0.07437071357499345,0.09512423376548726,0.09946206744283731,0.09553888923043398,0.09610116421503342,0.1443451498651666,0.1036550075680908,0.08463272135844531,0.03565745970327326
88,0.16344366047204142,0.03508101474243875,0.12782974508303108,0.11476014213504576,0.09327491409580341,0.13296098594335437,0.13694849775578785,0.1246807965003871,0.026732074086550345,0.10724565188723116,0.09626344708188087,0.07437071357499345,0.09512423376548726,0.09946206744283731,0.09553888923043398,0.09610116421503342,0.1443451498651666,0.1036550075680908,0.08463272135844531,0.03565745970327326
89,0.16344366047204142,0.03508101474243875,0.12782974508303108,0.11476014213504576,0.09327491409580341,0.13296098594335437,0.13694849775578785,0.1246807965003871,0.026732074086550345,0.10724565188723116,0.09626344708188087,0.07437071357499345,0.09512423376548726,0.09946206744283731,0.09553888923043398,0.09610116421503342,0.1443451498651666,0.1036550075680908,0.08463272135844531,0.03565745970327326
90,0.1503747277805078,0.03508101474243875,0.12782974508303108,0.11476014213504576,0.09327491409580341,0.13296098594335437,0.13694849775578785,0.1246807965003871,0.026732074086550345,0.10724565188723116,0.09626344708188087,0.07437071357499345,0.09512423376548726,0.09946206744283731,0.09553888923043398,0.09610116421503342,0.1443451498651666,0.1036550075680908,0.08463272135844531,0.03565745970327326
91,0.1503747277805078,0.03508101474243875,0.12782974508303108,0.11476014213504576,0.09327491409580341,0.13296098594335437,0.13694849775578785,0.1246807965003871,0.026732074086550345,0.10724565188723116,0.09626344708188087,0.07437071357499345,0.09512423376548726,0.09946206744283731,0.09553888923043398,0.09610116421503342,0.1443451498651666,0.1036550075680908,0.08463272135844531,0.03565745970327326
92,0.1306696238790359,0.03508101474243875,0.12782974508303108,0.11476014213504576,0.09327491409580341,0.13296098594335437,0.13694849775578785,0.1246807965003871,0.026732074086550345,0.10724565188723116,0.09626344708188087,0.07437071357499345,0.09512423376548726,0.09946206744283731,0.09553888923043398,0.09610116421503342,0.1443451498651666,0.1036550075680908,0.08463272135844531,0.03565745970327326
93,0.1306696238790359,0.03508101474243875,0.12782974508303108,0.11476014213504576,0.09327491409580341,0.13296098594335437,0.13694849775578785,0.1246807965003871,0.026732074086550345,0.10724565188723116,0.09626344708188087,0.07437071357499345,0.09512423376548726,0.09946206744283731,0.09553888923043398,0.09610116421503342,0.1443451498651666,0.1036550075680908,0.08463272135844531,0.03565745970327326
94,0.1306696238790359,0.03508101474243875,0.12782974508303108,0.11476014213504576,0.09327491409580341,0.13296098594335437,0.13694849775578785,0.1246807965003871,0.026732074086550345,0.10724565188723116,0.09626344708188087,0.07437071357499345,0.09512423376548726,0.09946206744283731,0.09553888923043398,0.09610116421503342,0.1443451498651666,0.1036550075680908,0.08463272135844531,0.03565745970327326
95,0.1306696238790359,0.03508101474243875,0.12782974508303108,0.11476014213504576,0.09327491409580341,0.13296098594335437,0.13694849775578785,0.1246807965003871,0.026732074086550345,0.10724565188723116,0.09626344708188087,0.07437071357499345,0.09512423376548726,0.09946206744283731,0.09553888923043398,0.09610116421503342,0.1443451498651666,0.1036550075680908,0.08463272135844531,0.03565745970327326
96,0.1306696238790359,0.03508101474243875,0.12782974508303108,0.11476014213504576,0.09327491409580341,0.13296098594335437,0.13694849775578785,0.1246807965003871,0.026732074086550345,0.10724565188723116,0.09626344708188087,0.07437071357499345,0.09512423376548726,0.09946206744283731,0.09553888923043398,0.09610116421503342,0.1443451498651666,0.1036550075680908,0.08463272135844531,0.03565745970327326
97,0.1306696238790359,0.03508101474243875,0.12782974508303108,0.11476014213504576,0.09327491409580341,0.13296098594335437,0.13694849775578785,0.1246807965003871,0.026732074086550345,0.10724565188723116,0.09626344708188087,0.07437071357499345,0.09512423376548726,0.09946206744283731,0.09553888923043398,0.09610116421503342,0.1443451498651666,0.1036550075680908,0.08463272135844531,0.03565745970327326
98,0.1306696238790359,0.03508101474243875,0.12782974508303108,0.11476014213504576,0.09327491409580341,0.13296098594335437,0.13694849775578785,0.1246807965003871,0.026732074086550345,0.10724565188723116,0.09626344708188087,0.07437071357499345,0.09512423376548726,0.09946206744283731,0.09553888923043398,0.09610116421503342,0.1443451498651666,0.1036550075680908,0.08463272135844531,0.03565745970327326
99,0.1306696238790359,0.03508101474243875,0.12782974508303108,0.11476014213504576,0.09327491409580341,0.13296098594335437,0.13694849775578785,0.1246807965003871,0.026732074086550345,0.10724565188723116,0.09626344708188087,0.07437071357499345,0.09512423376548726,0.09946206744283731,0.09553888923043398,0.09610116421503342,0.1443451498651666,0.1036550075680908,0.08463272135844531,0.03565745970327326
100,0.1306696238790359,0.03508101474243875,0.12782974508303108,0.11476014213504576,0.09327491409580341,0.13296098594335437,0.13694849775578785,0.1246807965003871,0.026732074086550345,0.10724565188723116,0.09626344708188087,0.07437071357499345,0.09512423376548726,0.09946206744283731,0.09553888923043398,0.09610116421503342,0.1443451498651666,0.1036550075680908,0.08463272135844531,0.03565745970327326
101,0.1306696238790359,0.03508101474243875,0.12782974508303108,0.11476014213504576,0.09327491409580341,0.13296098594335437,0.13694849775578785,0.1246807965003871,0.026732074086550345,0.10724565188723116,0.09626344708188087,0.07437071357499345,0.09512423376548726,0.09946206744283731,0.09553888923043398,0.09610116421503342,0.1443451498651666,0.1036550075680908,0.08463272135844531,0.03565745970327326
102,0.1306696238790359,0.03508101474243875,0.12782974508303108,0.11476014213504576,0.09327491409580341,0.13296098594335437,0.13694849775578785,0.1246807965003871,0.026732074086550345,0.10724565188723116,0.09626344708188087,0.07437071357499345,0.09512423376548726,0.09946206744283731,0.09553888923043398,0.09610116421503342,0.1443451498651666,0.1036550075680908,0.08463272135844531,0.03565745970327326
103,0.1306696238790359,0.03508101474243875,0.12782974508303108,0.11476014213504576,0.09327491409580341,0.13296098594335437,0.13694849775578785,0.1246807965003871,0.026732074086550345,0.10724565188723116,0.09626344708188087,0.07437071357499345,0.09512423376548726,0.09946206744283731,0.09553888923043398,0.09610116421503342,0.1443451498651666,0.1036550075680908,0.08463272135844531,0.03565745970327326
104,0.1306696238790359,0.03508101474243875,0.1256787064100242,0.11476014213504576,0.09327491409580341,0.13296098594335437,0.13694849775578785,0.1246807965003871,0.026732074086550345,0.10724565188723116,0.09626344708188087,0.07437071357499345,0.09512423376548726,0.09946206744283731,0.09553888923043398,0.09610116421503342,0.1443451498651666,0.1036550075680908,0.08463272135844531,0.03565745970327326
105,0.1306696238790359,0.03508101474243875,0.1256787064100242,0.11476014213504576,0.09327491409580341,0.07287233497448922,0.13694849775578785,0.1246807965003871,0.026732074086550345,0.10724565188723116,0.09626344708188087,0.07437071357499345,0.09221285408693052,0.09946206744283731,0.09553888923043398,0.09610116421503342,0.1443451498651666,0.1036550075680908,0.08463272135844531,0.03565745970327326
106,0.1306696238790359,0.03508101474243875,0.1256787064100242,0.11476014213504576,0.09327491409580341,0.07287233497448922,0.13694849775578785,0.1246807965003871,0.026732074086550345,0.10724565188723116,0.09626344708188087,0.07437071357499345,0.09221285408693052,0.0917626891227989,0.09553888923043398,0.09610116421503342,0.1443451498651666,0.1036550075680908,0.08463272135844531,0.03565745970327326
107,0.1306696238790359,0.03508101474243875,0.1256787064100242,0.11476014213504576,0.09327491409580341,0.07287233497448922,0.13694849775578785,0.1246807965003871,0.026732074086550345,0.10724565188723116,0.09626344708188087,0.07437071357499345,0.09221285408693052,0.0917626891227989,0.09553888923043398,0.09610116421503342,0.1443451498651666,0.1036550075680908,0.08463272135844531,0.03565745970327326
108,0.1306696238790359,0.03508101474243875,0.1256787064100242,0.11476014213504576,0.09327491409580341,0.07287233497448922,0.13694849775578785,0.1246807965003871,0.026732074086550345,0.10724565188723116,0.09626344708188087,0.07437071357499345,0.09221285408693052,0.0917626891227989,0.09553888923043398,0.04254664282153973,0.09459366008320964,0.1036550075680908,0.08463272135844531,0.03565745970327326
109,0.1306696238790359,0.03508101474243875,0.1256787064100242,0.11476014213504576,0.09327491409580341,0.07287233497448922,0.13694849775578785,0.1246807965003871,0.026732074086550345,0.10724565188723116,0.09626344708188087,0.07437071357499345,0.09221285408693052,0.0917626891227989,0.09553888923043398,0.04254664282153973,0.09459366008320964,0.1036550075680908,0.08463272135844531,0.03565745970327326
110,0.1306696238790359,0.03508101474243875,0.1256787064100242,0.11476014213504576,0.09327491409580341,0.07287233497448922,0.13694849775578785,0.1246807965003871,0.026732074086550345,0.10724565188723116,0.09626344708188087,0.07437071357499345,0.09221285408693052,0.0917626891227989,0.09553888923043398,0.04254664282153973,0.09459366008320964,0.1036550075680908,0.08463272135844531,0.03565745970327326
111,0.1306696238790359,0.03508101474243875,0.1256787064100242,0.11476014213504576,0.09327491409580341,0.07287233497448922,0.13694849775578785,0.1246807965003871,0.026732074086550345,0.10724565188723116,0.09626344708188087,0.07437071357499345,0.09221285408693052,0.0917626891227989,0.09553888923043398,0.04254664282153973,0.09459366008320964,0.1036550075680908,0.08463272135844531,0.03565745970327326
112,0.1306696238790359,0.03508101474243875,0.1256787064100242,0.11476014213504576,0.09327491409580341,0.07287233497448922,0.13694849775578785,0.1246807965003871,0.026732074086550345,0.10724565188723116,0.09626344708188087,0.07437071357499345,0.09221285408693052,0.0917626891227989,0.09553888923043398,0.04254664282153973,0.09459366008320964,0.1036550075680908,0.08463272135844531,0.03565745970327326
113,0.1306696238790359,0.03508101474243875,0.1256787064100242,0.11476014213504576,0.09327491409580341,0.07287233497448922,0.13694849775578785,0.1246807965003871,0.026732074086550345,0.10724565188723116,0.09626344708188087,0.07437071357499345,0.09221285408693052,0.0917626891227989,0.09553888923043398,0.04254664282153973,0.09459366008320964,0.1036550075680908,0.04403290132125295,0.03565745970327326
114,0.1306696238790359,0.03508101474243875,0.1256787064100242,0.11476014213504576,0.09327491409580341,0.07287233497448922,0.13694849775578785,0.1246807965003871,0.026732074086550345,0.10724565188723116,0.09626344708188087,0.07437071357499345,0.09221285408693052,0.0917626891227989,0.09553888923043398,0.04254664282153973,0.09459366008320964,0.1036550075680908,0.04403290132125295,0.03565745970327326
115,0.1306696238790359,0.03508101474243875,0.1256787064100242,0.11476014213504576,0.09327491409580341,0.07287233497448922,0.13694849775578785,0.1246807965003871,0.026732074086550345,0.08297598924931814,0.09626344708188087,0.07437071357499345,0.09221285408693052,0.0917626891227989,0.09553888923043398,0.04254664282153973,0.09459366008320964,0.1036550075680908,0.04403290132125295,0.03565745970327326
116,0.1306696238790359,0.03508101474243875,0.1256787064100242,0.11476014213504576,0.09327491409580341,0.07287233497448922,0.13694849775578785,0.1246807965003871,0.026732074086550345,0.08297598924931814,0.09626344708188087,0.07437071357499345,0.09221285408693052,0.0917626891227989,0.09553888923043398,0.04254664282153973,0.09459366008320964,0.1036550075680908,0.04403290132125295,0.03565745970327326
117,0.1306696238790359,0.03508101474243875,0.1256787064100242,0.11476014213504576,0.09327491409580341,0.07287233497448922,0.13694849775578785,0.1246807965003871,0.026732074086550345,0.08297598924931814,0.09626344708188087,0.07437071357499345,0.07801252137529048,0.0917626891227989,0.09553888923043398,0.04254664282153973,0.09459366008320964,0.1036550075680908,0.04403290132125295,0.03565745970327326
118,0.1306696238790359,0.03508101474243875,0.1256787064100242,0.11476014213504576,0.09327491409580341,0.07287233497448922,0.13694849775578785,0.1246807965003871,0.026732074086550345,0.08297598924931814,0.09626344708188087,0.07437071357499345,0.07801252137529048,0.0917626891227989,0.09553888923043398,0.04254664282153973,0.09459366008320964,0.1036550075680908,0.04403290132125295,0.03565745970327326
119,0.1306696238790359,0.03508101474243875,0.1256787064100242,0.11476014213504576,0.09327491409580341,0.07287233497448922,0.13694849775578785,0.1246807965003871,0.026732074086550345,0.08297598924931814,0.09626344708188087,0.07437071357499345,0.07801252137529048,0.0917626891227989,0.09553888923043398,0.04254664282153973,0.09459366008320964,0.1036550075680908,0.04403290132125295,0.03565745970327326
120,0.1306696238790359,0.03508101474243875,0.1256787064100242,0.11476014213504576,0.09327491409580341,0.07287233497448922,0.13694849775578785,0.1246807965003871,0.026732074086550345,0.08297598924931814,0.09626344708188087,0.07437071357499345,0.07801252137529048,0.0917626891227989,0.09553888923043398,0.04254664282153973,0.09459366008320964,0.1036550075680908,0.04403290132125295,0.03565745970327326
121,0.1306696238790359,0.03508101474243875,0.1256787064100242,0.11476014213504576,0.09327491409580341,0.07287233497448922,0.13694849775578785,0.1246807965003871,0.026732074086550345,0.08297598924931814,0.09626344708188087,0.07437071357499345,0.07801252137529048,0.0917626891227989,0.09553888923043398,0.04254664282153973,0.09459366008320964,0.1036550075680908,0.04403290132125295,0.03565745970327326
122,0.1306696238790359,0.03508101474243875,0.1256787064100242,0.11476014213504576,0.09327491409580341,0.07287233497448922,0.13694849775578785,0.1246807965003871,0.026732074086550345,0.060373192923316873,0.09626344708188087,0.07437071357499345,0.07801252137529048,0.0917626891227989,0.09553888923043398,0.04254664282153973,0.09459366008320964,0.1036550075680908,0.04403290132125295,0.03565745970327326
123,0.1306696238790359,0.03508101474243875,0.1256787064100242,0.11476014213504576,0.09327491409580341,0.07287233497448922,0.13694849775578785,0.1246807965003871,0.026732074086550345,0.060373192923316873,0.09626344708188087,0.07437071357499345,0.07801252137529048,0.0917626891227989,0.09553888923043398,0.04254664282153973,0.09459366008320964,0.1036550075680908,0.04403290132125295,0.03565745970327326
124,0.1306696238790359,0.03508101474243875,0.1256787064100242,0.11476014213504576,0.09327491409580341,0.07287233497448922,0.13694849775578785,0.1246807965003871,0.026732074086550345,0.060373192923316873,0.09626344708188087,0.07437071357499345,0.07801252137529048,0.0917626891227989,0.09553888923043398,0.04254664282153973,0.09459366008320964,0.1036550075680908,0.04403290132125295,0.03565745970327326
125,0.1306696238790359,0.03508101474243875,0.1256787064100242,0.11476014213504576,0.09327491409580341,0.07287233497448922,0.13694849775578785,0.1246807965003871,0.026732074086550345,0.060373192923316873,0.09626344708188087,0.07437071357499345,0.07801252137529048,0.0917626891227989,0.09553888923043398,0.04254664282153973,0.09459366008320964,0.1036550075680908,0.04403290132125295,0.03565745970327326
126,0.1306696238790359,0.03508101474243875,0.1256787064100242,0.11476014213504576,0.09327491409580341,0.07287233497448922,0.13694849775578785,0.1246807965003871,0.026732074086550345,0.060373192923316873,0.09626344708188087,0.07437071357499345,0.07801252137529048,0.0917626891227989,0.09553888923043398,0.04254664282153973,0.09459366008320964,0.1036550075680908,0.04403290132125295,0.03565745970327326
127,0.1306696238790359,0.03508101474243875,0.1256787064100242,0.11476014213504576,0.09327491409580341,0.07287233497448922,0.13694849775578785,0.1246807965003871,0.026732074086550345,0.060373192923316873,0.09626344708188087,0.07437071357499345,0.07801252137529048,0.0917626891227989,0.09553888923043398,0.04254664282153973,0.09459366008320964,0.1036550075680908,0.04403290132125295,0.03565745970327326
128,0.1306696238790359,0.03508101474243875,0.1256787064100242,0.11476014213504576,0.09327491409580341,0.07287233497448922,0.13694849775578785,0.1246807965003871,0.026732074086550345,0.060373192923316873,0.09626344708188087,0.07437071357499345,0.07801252137529048,0.0917626891227989,0.09553888923043398,0.04254664282153973,0.09459366008320964,0.1036550075680908,0.04403290132125295,0.03565745970327326
129,0.1306696238790359,0.03508101474243875,0.1256787064100242,0.11476014213504576,0.09327491409580341,0.07287233497448922,0.13694849775578785,0.1246807965003871,0.026732074086550345,0.060373192923316873,0.09626344708188087,0.07437071357499345,0.07801252137529048,0.0917626891227989,0.09553888923043398,0.04254664282153973,0.09459366008320964,0.1036550075680908,0.04403290132125295,0.03565745970327326
130,0.1306696238790359,0.03508101474243875,0.1256787064100242,0.11476014213504576,0.09327491409580341,0.07287233497448922,0.13694849775578785,0.1246807965003871,0.026732074086550345,0.060373192923316873,0.09626344708188087,0.07437071357499345,0.07801252137529048,0.0917626891227989,0.09553888923043398,0.04254664282153973,0.09459366008320964,0.1036550075680908,0.04403290132125295,0.03565745970327326
131,0.1306696238790359,0.03508101474243875,0.1256787064100242,0.11476014213504576,0.09327491409580341,0.07287233497448922,0.13694849775578785,0.1246807965003871,0.026732074086550345,0.060373192923316873,0.09626344708188087,0.07437071357499345,0.07801252137529048,0.0917626891227989,0.09553888923043398,0.04254664282153973,0.09459366008320964,0.1036550075680908,0.04403290132125295,0.03565745970327326
132,0.1306696238790359,0.03508101474243875,0.1256787064100242,0.11476014213504576,0.09327491409580341,0.07287233497448922,0.13694849775578785,0.1246807965003871,0.026732074086550345,0.060373192923316873,0.09626344708188087,0.07437071357499345,0.07801252137529048,0.0917626891227989,0.09553888923043398,0.04254664282153973,0.09459366008320964,0.1036550075680908,0.04403290132125295,0.03565745970327326
133,0.1306696238790359,0.03508101474243875,0.1256787064100242,0.11476014213504576,0.09327491409580341,0.07287233497448922,0.13694849775578785,0.1246807965003871,0.026732074086550345,0.060373192923316873,0.09626344708188087,0.07437071357499345,0.07801252137529048,0.0917626891227989,0.09553888923043398,0.04254664282153973,0.09459366008320964,0.1036550075680908,0.04403290132125295,0.03565745970327326
134,0.1306696238790359,0.03508101474243875,0.1256787064100242,0.11476014213504576,0.09327491409580341,0.07287233497448922,0.13694849775578785,0.1246807965003871,0.026732074086550345,0.060373192923316873,0.09626344708188087,0.07437071357499345,0.05021903676580263,0.0917626891227989,0.09553888923043398,0.04254664282153973,0.09459366008320964,0.1036550075680908,0.04403290132125295,0.03565745970327326
135,0.1306696238790359,0.03508101474243875,0.1256787064100242,0.11476014213504576,0.09327491409580341,0.07287233497448922,0.13694849775578785,0.1246807965003871,0.026732074086550345,0.060373192923316873,0.09019653764425088,0.07437071357499345,0.05021903676580263,0.0917626891227989,0.08415576546275212,0.04254664282153973,0.09459366008320964,0.1036550075680908,0.04403290132125295,0.03565745970327326
136,0.1306696238790359,0.03508101474243875,0.1256787064100242,0.11476014213504576,0.09327491409580341,0.07287233497448922,0.13694849775578785,0.1246807965003871,0.026732074086550345,0.060373192923316873,0.09019653764425088,0.07437071357499345,0.05021903676580263,0.0917626891227989,0.08415576546275212,0.04254664282153973,0.09459366008320964,0.1036550075680908,0.04403290132125295,0.03565745970327326
137,0.1306696238790359,0.03508101474243875,0.1256787064100242,0.11476014213504576,0.09327491409580341,0.07287233497448922,0.13694849775578785,0.1246807965003871,0.026732074086550345,0.060373192923316873,0.09019653764425088,0.07437071357499345,0.05021903676580263,0.0917626891227989,0.08415576546275212,0.04254664282153973,0.09459366008320964,0.1036550075680908,0.04403290132125295,0.03565745970327326
138,0.1306696238790359,0.03508101474243875,0.1256787064100242,0.11476014213504576,0.09327491409580341,0.07287233497448922,0.13694849775578785,0.1246807965003871,0.026732074086550345,0.060373192923316873,0.09019653764425088,0.07437071357499345,0.05021903676580263,0.0917626891227989,0.08415576546275212,0.04254664282153973,0.09459366008320964,0.1036550075680908,0.04403290132125295,0.03565745970327326
139,0.1306696238790359,0.03508101474243875,0.1256787064100242,0.11476014213504576,0.09327491409580341,0.07287233497448922,0.13694849775578785,0.1246807965003871,0.026732074086550345,0.060373192923316873,0.09019653764425088,0.07437071357499345,0.05021903676580263,0.0917626891227989,0.08415576546275212,0.04254664282153973,0.09459366008320964,0.1036550075680908,0.04403290132125295,0.03565745970327326
140,0.1306696238790359,0.03508101474243875,0.1256787064100242,0.11476014213504576,0.09327491409580341,0.07287233497448922,0.13694849775578785,0.1246807965003871,0.026732074086550345,0.060373192923316873,0.09019653764425088,0.07437071357499345,0.0386420966544784,0.0917626891227989,0.08415576546275212,0.04254664282153973,0.09459366008320964,0.1036550075680908,0.04403290132125295,0.03565745970327326
141,0.1306696238790359,0.03508101474243875,0.1256787064100242,0.11476014213504576,0.09327491409580341,0.07287233497448922,0.13694849775578785,0.1246807965003871,0.026732074086550345,0.060373192923316873,0.09019653764425088,0.07437071357499345,0.0386420966544784,0.0917626891227989,0.08415576546275212,0.04254664282153973,0.09459366008320964,0.1036550075680908,0.04403290132125295,0.03565745970327326
142,0.1306696238790359,0.03508101474243875,0.1256787064100242,0.11476014213504576,0.09327491409580341,0.07287233497448922,0.13694849775578785,0.1246807965003871,0.026732074086550345,0.060373192923316873,0.09019653764425088,0.07437071357499345,0.0386420966544784,0.0917626891227989,0.08415576546275212,0.04254664282153973,0.09459366008320964,0.1036550075680908,0.04403290132125295,0.03565745970327326
143,0.1306696238790359,0.03508101474243875,0.1256787064100242,0.11476014213504576,0.09327491409580341,0.07287233497448922,0.13694849775578785,0.1246807965003871,0.026732074086550345,0.060373192923316873,0.09019653764425088,0.07437071357499345,0.0386420966544784,0.0917626891227989,0.08415576546275212,0.04254664282153973,0.09459366008320964,0.1036550075680908,0.04403290132125295,0.03565745970327326
144,0.1306696238790359,0.03508101474243875,0.1256787064100242,0.11476014213504576,0.09327491409580341,0.07287233497448922,0.13694849775578785,0.1246807965003871,0.026732074086550345,0.060373192923316873,0.09019653764425088,0.07437071357499345,0.0386420966544784,0.0917626891227989,0.08415576546275212,0.04254664282153973,0.09459366008320964,0.1036550075680908,0.04403290132125295,0.03565745970327326
145,0.1306696238790359,0.03508101474243875,0.1256787064100242,0.11476014213504576,0.09327491409580341,0.07287233497448922,0.13694849775578785,0.1246807965003871,0.026732074086550345,0.060373192923316873,0.09019653764425088,0.07437071357499345,0.0386420966544784,0.0917626891227989,0.08415576546275212,0.04254664282153973,0.09459366008320964,0.1036550075680908,0.04403290132125295,0.03565745970327326
146,0.1306696238790359,0.03508101474243875,0.1256787064100242,0.11476014213504576,0.09327491409580341,0.07287233497448922,0.1263012643034403,0.1246807965003871,0.026732074086550345,0.060373192923316873,0.09019653764425088,0.07437071357499345,0.0386420966544784,0.0917626891227989,0.08415576546275212,0.04254664282153973,0.09459366008320964,0.1036550075680908,0.04403290132125295,0.03565745970327326
147,0.1306696238790359,0.03508101474243875,0.1256787064100242,0.11476014213504576,0.09327491409580341,0.07287233497448922,0.1263012643034403,0.1246807965003871,0.026732074086550345,0.060373192923316873,0.09019653764425088,0.07437071357499345,0.0386420966544784,0.0917626891227989,0.08415576546275212,0.04254664282153973,0.09459366008320964,0.1036550075680908,0.04403290132125295,0.03565745970327326
148,0.1306696238790359,0.03508101474243875,0.1256787064100242,0.11476014213504576,0.09327491409580341,0.07287233497448922,0.1263012643034403,0.1246807965003871,0.026732074086550345,0.060373192923316873,0.09019653764425088,0.07437071357499345,0.0386420966544784,0.0917626891227989,0.08415576546275212,0.04254664282153973,0.09459366008320964,0.1036550075680908,0.04403290132125295,0.03565745970327326
149,0.1306696238790359,0.03508101474243875,0.1256787064100242,0.11476014213504576,0.09327491409580341,0.07287233497448922,0.1263012643034403,0.1246807965003871,0.026732074086550345,0.060373192923316873,0.09019653764425088,0.07437071357499345,0.0386420966544784,0.0917626891227989,0.08415576546275212,0.04254664282153973,0.09459366008320964,0.1036550075680908,0.04403290132125295,0.03565745970327326
150,0.1306696238790359,0.03508101474243875,0.1256787064100242,0.11476014213504576,0.09327491409580341,0.07287233497448922,0.1263012643034403,0.1246807965003871,0.026732074086550345,0.060373192923316873,0.09019653764425088,0.07437071357499345,0.0386420966544784,0.0917626891227989,0.08415576546275212,0.04254664282153973,0.09459366008320964,0.1036550075680908,0.04403290132125295,0.03565745970327326
151,0.1306696238790359,0.03508101474243875,0.1256787064100242,0.11476014213504576,0.09327491409580341,0.07287233497448922,0.1263012643034403,0.1246807965003871,0.026732074086550345,0.060373192923316873,0.09019653764425088,0.07437071357499345,0.0386420966544784,0.0917626891227989,0.08415576546275212,0.04254664282153973,0.09459366008320964,0.1036550075680908,0.04403290132125295,0.03565745970327326
152,0.1306696238790359,0.03508101474243875,0.1256787064100242,0.11476014213504576,0.09327491409580341,0.07287233497448922,0.1263012643034403,0.1246807965003871,0.026732074086550345,0.060373192923316873,0.09019653764425088,0.07437071357499345,0.0386420966544784,0.0917626891227989,0.08415576546275212,0.04254664282153973,0.09459366008320964,0.1036550075680908,0.04403290132125295,0.03565745970327326
153,0.1306696238790359,0.03508101474243875,0.1256787064100242,0.11476014213504576,0.09327491409580341,0.07287233497448922,0.1263012643034403,0.1246807965003871,0.026732074086550345,0.060373192923316873,0.09019653764425088,0.07437071357499345,0.0386420966544784,0.0917626891227989,0.08415576546275212,0.04254664282153973,0.09459366008320964,0.1036550075680908,0.04403290132125295,0.03565745970327326
154,0.1306696238790359,0.03508101474243875,0.1256787064100242,0.11476014213504576,0.09327491409580341,0.07287233497448922,0.1263012643034403,0.1246807965003871,0.026732074086550345,0.060373192923316873,0.09019653764425088,0.07437071357499345,0.0386420966544784,0.0917626891227989,0.08415576546275212,0.04254664282153973,0.09459366008320964,0.1036550075680908,0.04403290132125295,0.03565745970327326
155,0.1306696238790359,0.03508101474243875,0.1256787064100242,0.11476014213504576,0.09327491409580341,0.07287233497448922,0.1263012643034403,0.1246807965003871,0.026732074086550345,0.060373192923316873,0.09019653764425088,0.07437071357499345,0.0386420966544784,0.0917626891227989,0.08415576546275212,0.04254664282153973,0.09459366008320964,0.1036550075680908,0.04403290132125295,0.03565745970327326
156,0.1306696238790359,0.03508101474243875,0.1256787064100242,0.11476014213504576,0.09327491409580341,0.07287233497448922,0.1263012643034403,0.1246807965003871,0.026732074086550345,0.060373192923316873,0.09019653764425088,0.07437071357499345,0.0386420966544784,0.0917626891227989,0.08415576546275212,0.04254664282153973,0.09459366008320964,0.1036550075680908,0.04403290132125295,0.03565745970327326
157,0.1306696238790359,0.03508101474243875,0.1256787064100242,0.11476014213504576,0.09327491409580341,0.07287233497448922,0.1263012643034403,0.1246807965003871,0.026732074086550345,0.060373192923316873,0.09019653764425088,0.07437071357499345,0.0386420966544784,0.0917626891227989,0.08415576546275212,0.04254664282153973,0.09459366008320964,0.1036550075680908,0.04403290132125295,0.03565745970327326
158,0.1306696238790359,0.03508101474243875,0.1256787064100242,0.11476014213504576,0.09327491409580341,0.07287233497448922,0.1263012643034403,0.1246807965003871,0.026732074086550345,0.060373192923316873,0.09019653764425088,0.07437071357499345,0.0386420966544784,0.0917626891227989,0.08415576546275212,0.04254664282153973,0.09459366008320964,0.1036550075680908,0.04403290132125295,0.03565745970327326
159,0.1306696238790359,0.03508101474243875,0.1256787064100242,0.11476014213504576,0.09327491409580341,0.07287233497448922,0.1263012643034403,0.1246807965003871,0.026732074086550345,0.060373192923316873,0.09019653764425088,0.07437071357499345,0.0386420966544784,0.0917626891227989,0.08415576546275212,0.04254664282153973,0.09459366008320964,0.1036550075680908,0.04403290132125295,0.03565745970327326
160,0.1306696238790359,0.03508101474243875,0.1256787064100242,0.11476014213504576,0.09327491409580341,0.07287233497448922,0.1263012643034403,0.1246807965003871,0.026732074086550345,0.060373192923316873,0.09019653764425088,0.07437071357499345,0.0386420966544784,0.0917626891227989,0.08415576546275212,0.04254664282153973,0.09459366008320964,0.1036550075680908,0.04403290132125295,0.03565745970327326
161,0.12907326469443567,0.03508101474243875,0.1256787064100242,0.11476014213504576,0.09327491409580341,0.07287233497448922,0.1263012643034403,0.1246807965003871,0.026732074086550345,0.060373192923316873,0.09019653764425088,0.07437071357499345,0.0386420966544784,0.0917626891227989,0.08415576546275212,0.04254664282153973,0.09459366008320964,0.1036550075680908,0.04403290132125295,0.03565745970327326
162,0.12907326469443567,0.03508101474243875,0.1256787064100242,0.11476014213504576,0.09327491409580341,0.07287233497448922,0.1263012643034403,0.1246807965003871,0.026732074086550345,0.060373192923316873,0.09019653764425088,0.07437071357499345,0.0386420966544784,0.0917626891227989,0.08415576546275212,0.04254664282153973,0.09459366008320964,0.1036550075680908,0.04403290132125295,0.03565745970327326
163,0.12907326469443567,0.03508101474243875,0.1256787064100242,0.11476014213504576,0.09327491409580341,0.07287233497448922,0.1263012643034403,0.1246807965003871,0.026732074086550345,0.060373192923316873,0.09019653764425088,0.07437071357499345,0.0386420966544784,0.0917626891227989,0.08415576546275212,0.04254664282153973,0.09459366008320964,0.1036550075680908,0.04403290132125295,0.03565745970327326
164,0.12907326469443567,0.03508101474243875,0.1256787064100242,0.11476014213504576,0.09327491409580341,0.07287233497448922,0.1263012643034403,0.1246807965003871,0.026732074086550345,0.060373192923316873,0.09019653764425088,0.07437071357499345,0.0386420966544784,0.0917626891227989,0.08415576546275212,0.04254664282153973,0.09459366008320964,0.1036550075680908,0.04403290132125295,0.03565745970327326
165,0.12907326469443567,0.03508101474243875,0.1256787064100242,0.11476014213504576,0.09327491409580341,0.07287233497448922,0.1263012643034403,0.1246807965003871,0.026732074086550345,0.060373192923316873,0.09019653764425088,0.07437071357499345,0.0386420966544784,0.0917626891227989,0.08415576546275212,0.04254664282153973,0.09459366008320964,0.1036550075680908,0.04403290132125295,0.03565745970327326
166,0.12907326469443567,0.03508101474243875,0.1256787064100242,0.11476014213504576,0.09327491409580341,0.07287233497448922,0.1263012643034403,0.10033541027486455,0.026732074086550345,0.060373192923316873,0.09019653764425088,0.07437071357499345,0.0386420966544784,0.0917626891227989,0.08415576546275212,0.04254664282153973,0.09459366008320964,0.05106228627415261,0.04403290132125295,0.03565745970327326
167,0.12907326469443567,0.03508101474243875,0.1256787064100242,0.11476014213504576,0.09327491409580341,0.07287233497448922,0.1263012643034403,0.10033541027486455,0.026732074086550345,0.060373192923316873,0.09019653764425088,0.07437071357499345,0.0386420966544784,0.0917626891227989,0.08415576546275212,0.04254664282153973,0.09459366008320964,0.05106228627415261,0.04403290132125295,0.03565745970327326
168,0.12907326469443567,0.03508101474243875,0.1256787064100242,0.11476014213504576,0.09327491409580341,0.07287233497448922,0.1263012643034403,0.10033541027486455,0.026732074086550345,0.060373192923316873,0.09019653764425088,0.07437071357499345,0.0386420966544784,0.0917626891227989,0.08415576546275212,0.04254664282153973,0.09459366008320964,0.05106228627415261,0.04403290132125295,0.03565745970327326
169,0.12907326469443567,0.03508101474243875,0.1256787064100242,0.11476014213504576,0.09327491409580341,0.07287233497448922,0.1263012643034403,0.10033541027486455,0.026732074086550345,0.060373192923316873,0.09019653764425088,0.07437071357499345,0.0386420966544784,0.0917626891227989,0.08415576546275212,0.04254664282153973,0.09459366008320964,0.05106228627415261,0.04403290132125295,0.03565745970327326
170,0.12907326469443567,0.03508101474243875,0.1256787064100242,0.11476014213504576,0.09327491409580341,0.07287233497448922,0.1263012643034403,0.10033541027486455,0.026732074086550345,0.060373192923316873,0.09019653764425088,0.07437071357499345,0.0386420966544784,0.0917626891227989,0.08415576546275212,0.04254664282153973,0.09459366008320964,0.05106228627415261,0.04403290132125295,0.03565745970327326
171,0.12907326469443567,0.03508101474243875,0.1256787064100242,0.11476014213504576,0.09327491409580341,0.07287233497448922,0.1263012643034403,0.10033541027486455,0.026732074086550345,0.060373192923316873,0.09019653764425088,0.07437071357499345,0.0386420966544784,0.0917626891227989,0.08415576546275212,0.04254664282153973,0.09459366008320964,0.05106228627415261,0.04403290132125295,0.03565745970327326
172,0.12907326469443567,0.03508101474243875,0.1256787064100242,0.11476014213504576,0.09327491409580341,0.07287233497448922,0.1263012643034403,0.10033541027486455,0.026732074086550345,0.060373192923316873,0.09019653764425088,0.07437071357499345,0.0386420966544784,0.0917626891227989,0.08415576546275212,0.04254664282153973,0.09459366008320964,0.05106228627415261,0.04403290132125295,0.03565745970327326
173,0.12907326469443567,0.03508101474243875,0.1256787064100242,0.11476014213504576,0.09327491409580341,0.07287233497448922,0.1263012643034403,0.10033541027486455,0.026732074086550345,0.060373192923316873,0.09019653764425088,0.07437071357499345,0.0386420966544784,0.0917626891227989,0.08415576546275212,0.04254664282153973,0.09459366008320964,0.05106228627415261,0.04403290132125295,0.03565745970327326
174,0.11275634761038082,0.03508101474243875,0.1256787064100242,0.11476014213504576,0.09327491409580341,0.07287233497448922,0.1263012643034403,0.10033541027486455,0.026732074086550345,0.060373192923316873,0.09019653764425088,0.07437071357499345,0.0386420966544784,0.0917626891227989,0.08415576546275212,0.04254664282153973,0.09459366008320964,0.05106228627415261,0.04403290132125295,0.03565745970327326
175,0.11275634761038082,0.03508101474243875,0.1256787064100242,0.11476014213504576,0.09327491409580341,0.07287233497448922,0.1263012643034403,0.10033541027486455,0.026732074086550345,0.060373192923316873,0.09019653764425088,0.07437071357499345,0.0386420966544784,0.0917626891227989,0.08415576546275212,0.04254664282153973,0.09459366008320964,0.05106228627415261,0.04403290132125295,0.03565745970327326
176,0.11275634761038082,0.03508101474243875,0.1256787064100242,0.11476014213504576,0.09327491409580341,0.07287233497448922,0.1263012643034403,0.10033541027486455,0.026732074086550345,0.060373192923316873,0.09019653764425088,0.07437071357499345,0.0386420966544784,0.0917626891227989,0.08415576546275212,0.04254664282153973,0.09459366008320964,0.05106228627415261,0.04403290132125295,0.03565745970327326
177,0.11275634761038082,0.03508101474243875,0.1256787064100242,0.11476014213504576,0.09327491409580341,0.07287233497448922,0.1263012643034403,0.10033541027486455,0.026732074086550345,0.060373192923316873,0.09019653764425088,0.07437071357499345,0.0386420966544784,0.0917626891227989,0.08415576546275212,0.04254664282153973,0.09459366008320964,0.05106228627415261,0.04403290132125295,0.03565745970327326
178,0.11275634761038082,0.03508101474243875,0.1256787064100242,0.11476014213504576,0.09327491409580341,0.07287233497448922,0.1263012643034403,0.10033541027486455,0.026732074086550345,0.060373192923316873,0.09019653764425088,0.07437071357499345,0.0386420966544784,0.0917626891227989,0.08415576546275212,0.04254664282153973,0.09459366008320964,0.05106228627415261,0.04403290132125295,0.03565745970327326
179,0.11275634761038082,0.03508101474243875,0.1256787064100242,0.11476014213504576,0.09327491409580341,0.07287233497448922,0.1263012643034403,0.10033541027486455,0.026732074086550345,0.060373192923316873,0.09019653764425088,0.07437071357499345,0.0386420966544784,0.0917626891227989,0.08415576546275212,0.04254664282153973,0.09459366008320964,0.05106228627415261,0.04403290132125295,0.03565745970327326
180,0.11275634761038082,0.03508101474243875,0.1256787064100242,0.11476014213504576,0.09327491409580341,0.07287233497448922,0.1263012643034403,0.10033541027486455,0.026732074086550345,0.060373192923316873,0.09019653764425088,0.07437071357499345,0.0386420966544784,0.0917626891227989,0.08415576546275212,0.04254664282153973,0.09459366008320964,0.05106228627415261,0.04403290132125295,0.03565745970327326
181,0.11275634761038082,0.03508101474243875,0.1256787064100242,0.11476014213504576,0.09327491409580341,0.07287233497448922,0.1263012643034403,0.10033541027486455,0.026732074086550345,0.060373192923316873,0.09019653764425088,0.07437071357499345,0.0386420966544784,0.0917626891227989,0.08415576546275212,0.04254664282153973,0.09459366008320964,0.05106228627415261,0.04403290132125295,0.03565745970327326
182,0.11275634761038082,0.03508101474243875,0.1256787064100242,0.11476014213504576,0.09327491409580341,0.07287233497448922,0.1263012643034403,0.10033541027486455,0.026732074086550345,0.060373192923316873,0.09019653764425088,0.07437071357499345,0.0386420966544784,0.0917626891227989,0.08415576546275212,0.04254664282153973,0.09459366008320964,0.05106228627415261,0.04403290132125295,0.03565745970327326
183,0.11275634761038082,0.03508101474243875,0.1256787064100242,0.11476014213504576,0.09327491409580341,0.07287233497448922,0.1263012643034403,0.10033541027486455,0.026732074086550345,0.060373192923316873,0.09019653764425088,0.07437071357499345,0.0386420966544784,0.0917626891227989,0.08415576546275212,0.04254664282153973,0.09459366008320964,0.05106228627415261,0.04403290132125295,0.03565745970327326
184,0.11275634761038082,0.03508101474243875,0.1256787064100242,0.11476014213504576,0.09327491409580341,0.07287233497448922,0.1263012643034403,0.10033541027486455,0.026732074086550345,0.060373192923316873,0.09019653764425088,0.07437071357499345,0.0386420966544784,0.0917626891227989,0.08415576546275212,0.04254664282153973,0.09459366008320964,0.05106228627415261,0.04403290132125295,0.03565745970327326
185,0.11275634761038082,0.03508101474243875,0.1256787064100242,0.11476014213504576,0.09327491409580341,0.07287233497448922,0.1263012643034403,0.10033541027486455,0.026732074086550345,0.060373192923316873,0.09019653764425088,0.07437071357499345,0.0386420966544784,0.0917626891227989,0.08415576546275212,0.04254664282153973,0.09459366008320964,0.05106228627415261,0.04403290132125295,0.03565745970327326
186,0.11275634761038082,0.03508101474243875,0.1256787064100242,0.11476014213504576,0.09327491409580341,0.07287233497448922,0.1263012643034403,0.10033541027486455,0.026732074086550345,0.060373192923316873,0.08656084449928543,0.07437071357499345,0.0386420966544784,0.0917626891227989,0.08415576546275212,0.04254664282153973,0.09459366008320964,0.05106228627415261,0.04403290132125295,0.03565745970327326
187,0.11275634761038082,0.03508101474243875,0.1256787064100242,0.11476014213504576,0.09327491409580341,0.07287233497448922,0.1263012643034403,0.10033541027486455,0.026732074086550345,0.060373192923316873,0.08656084449928543,0.07437071357499345,0.0386420966544784,0.0917626891227989,0.08415576546275212,0.04254664282153973,0.09459366008320964,0.05106228627415261,0.04403290132125295,0.03565745970327326
188,0.11275634761038082,0.03508101474243875,0.1256787064100242,0.11476014213504576,0.09327491409580341,0.07287233497448922,0.1263012643034403,0.10033541027486455,0.026732074086550345,0.060373192923316873,0.08656084449928543,0.07437071357499345,0.0386420966544784,0.0917626891227989,0.08415576546275212,0.04254664282153973,0.09459366008320964,0.05106228627415261,0.04403290132125295,0.03565745970327326
189,0.11275634761038082,0.03508101474243875,0.1256787064100242,0.11476014213504576,0.09327491409580341,0.07287233497448922,0.1263012643034403,0.10033541027486455,0.026732074086550345,0.060373192923316873,0.08656084449928543,0.07437071357499345,0.0386420966544784,0.0917626891227989,0.08415576546275212,0.04254664282153973,0.09459366008320964,0.05106228627415261,0.04403290132125295,0.03565745970327326
190,0.11275634761038082,0.03508101474243875,0.1256787064100242,0.11476014213504576,0.09327491409580341,0.07287233497448922,0.1263012643034403,0.10033541027486455,0.026732074086550345,0.060373192923316873,0.08656084449928543,0.07437071357499345,0.0386420966544784,0.0917626891227989,0.08415576546275212,0.04254664282153973,0.09459366008320964,0.05106228627415261,0.04403290132125295,0.03565745970327326
191,0.11275634761038082,0.03508101474243875,0.1256787064100242,0.11476014213504576,0.09327491409580341,0.07287233497448922,0.1263012643034403,0.10033541027486455,0.026732074086550345,0.060373192923316873,0.08656084449928543,0.07437071357499345,0.0386420966544784,0.0917626891227989,0.08415576546275212,0.04254664282153973,0.09459366008320964,0.05106228627415261,0.04403290132125295,0.03565745970327326
192,0.11275634761038082,0.03508101474243875,0.1256787064100242,0.11476014213504576,0.09327491409580341,0.07287233497448922,0.1263012643034403,0.10033541027486455,0.026732074086550345,0.060373192923316873,0.08656084449928543,0.07437071357499345,0.0386420966544784,0.0917626891227989,0.08415576546275212,0.04254664282153973,0.07391503248595258,0.05106228627415261,0.04403290132125295,0.03565745970327326
193,0.11275634761038082,0.03508101474243875,0.1256787064100242,0.11476014213504576,0.09327491409580341,0.07287233497448922,0.1263012643034403,0.10033541027486455,0.026732074086550345,0.060373192923316873,0.08656084449928543,0.07437071357499345,0.0386420966544784,0.0917626891227989,0.08415576546275212,0.04254664282153973,0.07391503248595258,0.05106228627415261,0.04403290132125295,0.03565745970327326
194,0.11275634761038082,0.03508101474243875,0.1256787064100242,0.11476014213504576,0.09327491409580341,0.07287233497448922,0.1263012643034403,0.10033541027486455,0.026732074086550345,0.060373192923316873,0.08656084449928543,0.07437071357499345,0.0386420966544784,0.0917626891227989,0.08415576546275212,0.04254664282153973,0.07391503248595258,0.05106228627415261,0.04403290132125295,0.03565745970327326
195,0.11275634761038082,0.03508101474243875,0.1256787064100242,0.11476014213504576,0.09327491409580341,0.07287233497448922,0.1263012643034403,0.10033541027486455,0.026732074086550345,0.060373192923316873,0.08656084449928543,0.07437071357499345,0.0386420966544784,0.0917626891227989,0.08415576546275212,0.04254664282153973,0.07391503248595258,0.05106228627415261,0.04403290132125295,0.03565745970327326
196,0.11275634761038082,0.03508101474243875,0.1256787064100242,0.11476014213504576,0.09327491409580341,0.07287233497448922,0.10553762423260213,0.10033541027486455,0.026732074086550345,0.060373192923316873,0.08656084449928543,0.07437071357499345,0.0386420966544784,0.0917626891227989,0.08415576546275212,0.04254664282153973,0.07391503248595258,0.05106228627415261,0.04403290132125295,0.03565745970327326
197,0.11275634761038082,0.03508101474243875,0.1256787064100242,0.11476014213504576,0.09327491409580341,0.07287233497448922,0.10553762423260213,0.10033541027486455,0.026732074086550345,0.060373192923316873,0.08656084449928543,0.07437071357499345,0.0386420966544784,0.0917626891227989,0.08415576546275212,0.04254664282153973,0.07391503248595258,0.05106228627415261,0.04403290132125295,0.03565745970327326
198,0.11275634761038082,0.03508101474243875,0.1256787064100242,0.11476014213504576,0.09327491409580341,0.07287233497448922,0.10553762423260213,0.10033541027486455,0.026732074086550345,0.060373192923316873,0.08656084449928543,0.07437071357499345,0.0386420966544784,0.0917626891227989,0.08415576546275212,0.04254664282153973,0.07391503248595258,0.05106228627415261,0.04403290132125295,0.03565745970327326
199,0.11275634761038082,0.03508101474243875,0.1256787064100242,0.11476014213504576,0.09327491409580341,0.07287233497448922,0.10553762423260213,0.10033541027486455,0.026732074086550345,0.060373192923316873,0.08656084449928543,0.07437071357499345,0.0386420966544784,0.0917626891227989,0.08415576546275212,0.04254664282153973,0.07391503248595258,0.05106228627415261,0.04403290132125295,0.03565745970327326
200,0.11275634761038082,0.03508101474243875,0.1256787064100242,0.11476014213504576,0.09327491409580341,0.07287233497448922,0.10553762423260213,0.10033541027486455,0.026732074086550345,0.060373192923316873,0.08656084449928543,0.07437071357499345,0.0386420966544784,0.0917626891227989,0.08415576546275212,0.04254664282153973,0.07391503248595258,0.05106228627415261,0.04403290132125295,0.03565745970327326
201,0.11275634761038082,0.03508101474243875,0.1256787064100242,0.11476014213504576,0.09327491409580341,0.07287233497448922,0.10553762423260213,0.10033541027486455,0.026732074086550345,0.060373192923316873,0.055097241667902294,0.07437071357499345,0.0386420966544784,0.0917626891227989,0.08415576546275212,0.04254664282153973,0.07391503248595258,0.05106228627415261,0.04403290132125295,0.03565745970327326
202,0.11275634761038082,0.03508101474243875,0.1256787064100242,0.11476014213504576,0.09327491409580341,0.07287233497448922,0.10553762423260213,0.10033541027486455,0.026732074086550345,0.060373192923316873,0.055097241667902294,0.07437071357499345,0.0386420966544784,0.0917626891227989,0.08415576546275212,0.04254664282153973,0.07391503248595258,0.05106228627415261,0.04403290132125295,0.03565745970327326
203,0.11275634761038082,0.03508101474243875,0.1256787064100242,0.11476014213504576,0.09327491409580341,0.07287233497448922,0.10553762423260213,0.10033541027486455,0.026732074086550345,0.060373192923316873,0.055097241667902294,0.07437071357499345,0.0386420966544784,0.0917626891227989,0.08415576546275212,0.04254664282153973,0.07391503248595258,0.05106228627415261,0.04403290132125295,0.03565745970327326
204,0.11275634761038082,0.03508101474243875,0.1256787064100242,0.11476014213504576,0.09327491409580341,0.07287233497448922,0.10553762423260213,0.10033541027486455,0.026732074086550345,0.060373192923316873,0.055097241667902294,0.07437071357499345,0.0386420966544784,0.0917626891227989,0.08415576546275212,0.04254664282153973,0.07391503248595258,0.05106228627415261,0.04403290132125295,0.03565745970327326
205,0.11275634761038082,0.03508101474243875,0.1256787064100242,0.11476014213504576,0.09327491409580341,0.07287233497448922,0.10553762423260213,0.10033541027486455,0.026732074086550345,0.060373192923316873,0.055097241667902294,0.07437071357499345,0.0386420966544784,0.0917626891227989,0.08415576546275212,0.04254664282153973,0.07391503248595258,0.05106228627415261,0.04403290132125295,0.03565745970327326
206,0.11275634761038082,0.03508101474243875,0.1256787064100242,0.11476014213504576,0.09327491409580341,0.07287233497448922,0.10553762423260213,0.10033541027486455,0.026732074086550345,0.060373192923316873,0.055097241667902294,0.07437071357499345,0.0386420966544784,0.0917626891227989,0.08415576546275212,0.04254664282153973,0.07391503248595258,0.05106228627415261,0.04403290132125295,0.03565745970327326
207,0.11275634761038082,0.03508101474243875,0.1256787064100242,0.11476014213504576,0.09327491409580341,0.07287233497448922,0.10553762423260213,0.10033541027486455,0.026732074086550345,0.060373192923316873,0.055097241667902294,0.07437071357499345,0.0386420966544784,0.0917626891227989,0.08415576546275212,0.04254664282153973,0.07391503248595258,0.05106228627415261,0.04403290132125295,0.03565745970327326
208,0.11275634761038082,0.03508101474243875,0.1256787064100242,0.11476014213504576,0.09327491409580341,0.07287233497448922,0.10553762423260213,0.10033541027486455,0.026732074086550345,0.060373192923316873,0.055097241667902294,0.07437071357499345,0.0386420966544784,0.0917626891227989,0.08415576546275212,0.04254664282153973,0.07391503248595258,0.05106228627415261,0.04403290132125295,0.03565745970327326
209,0.0974516974166041,0.03508101474243875,0.1256787064100242,0.11476014213504576,0.09327491409580341,0.07287233497448922,0.10553762423260213,0.10033541027486455,0.026732074086550345,0.060373192923316873,0.055097241667902294,0.07437071357499345,0.0386420966544784,0.0917626891227989,0.08415576546275212,0.04254664282153973,0.07391503248595258,0.05106228627415261,0.04403290132125295,0.03565745970327326
210,0.0974516974166041,0.03508101474243875,0.1256787064100242,0.11476014213504576,0.09327491409580341,0.07287233497448922,0.10553762423260213,0.10033541027486455,0.026732074086550345,0.060373192923316873,0.055097241667902294,0.07437071357499345,0.0386420966544784,0.0917626891227989,0.08415576546275212,0.04254664282153973,0.07391503248595258,0.05106228627415261,0.04403290132125295,0.03565745970327326
211,0.0974516974166041,0.03508101474243875,0.1256787064100242,0.11476014213504576,0.09327491409580341,0.07287233497448922,0.10553762423260213,0.10033541027486455,0.026732074086550345,0.060373192923316873,0.055097241667902294,0.07437071357499345,0.0386420966544784,0.0917626891227989,0.08415576546275212,0.04254664282153973,0.07391503248595258,0.05106228627415261,0.04403290132125295,0.03565745970327326
212,0.0974516974166041,0.03508101474243875,0.1256787064100242,0.11476014213504576,0.09327491409580341,0.07287233497448922,0.10553762423260213,0.10033541027486455,0.026732074086550345,0.060373192923316873,0.055097241667902294,0.07437071357499345,0.0386420966544784,0.0917626891227989,0.08415576546275212,0.04254664282153973,0.07391503248595258,0.05106228627415261,0.04403290132125295,0.03565745970327326
213,0.0974516974166041,0.03508101474243875,0.1256787064100242,0.11476014213504576,0.09327491409580341,0.07287233497448922,0.10553762423260213,0.10033541027486455,0.026732074086550345,0.060373192923316873,0.055097241667902294,0.07437071357499345,0.0386420966544784,0.0917626891227989,0.08415576546275212,0.04254664282153973,0.07391503248595258,0.05106228627415261,0.04403290132125295,0.03565745970327326
214,0.0974516974166041,0.03508101474243875,0.1256787064100242,0.11476014213504576,0.09327491409580341,0.07287233497448922,0.10553762423260213,0.10033541027486455,0.026732074086550345,0.060373192923316873,0.055097241667902294,0.07437071357499345,0.0386420966544784,0.0917626891227989,0.08415576546275212,0.04254664282153973,0.07391503248595258,0.05106228627415261,0.04403290132125295,0.03565745970327326
215,0.0974516974166041,0.03508101474243875,0.1256787064100242,0.11476014213504576,0.09327491409580341,0.07287233497448922,0.10553762423260213,0.09092435465970097,0.026732074086550345,0.060373192923316873,0.055097241667902294,0.07437071357499345,0.0386420966544784,0.0917626891227989,0.08415576546275212,0.04254664282153973,0.07391503248595258,0.05106228627415261,0.04403290132125295,0.03565745970327326
216,0.0974516974166041,0.03508101474243875,0.1256787064100242,0.11476014213504576,0.09327491409580341,0.07287233497448922,0.10553762423260213,0.09092435465970097,0.026732074086550345,0.060373192923316873,0.055097241667902294,0.07437071357499345,0.0386420966544784,0.0917626891227989,0.08415576546275212,0.04254664282153973,0.07391503248595258,0.05106228627415261,0.04403290132125295,0.02786633665617169
217,0.0974516974166041,0.03508101474243875,0.1256787064100242,0.11476014213504576,0.09327491409580341,0.07287233497448922,0.10553762423260213,0.09092435465970097,0.026732074086550345,0.060373192923316873,0.055097241667902294,0.07437071357499345,0.0386420966544784,0.0917626891227989,0.08415576546275212,0.04254664282153973,0.07391503248595258,0.05106228627415261,0.04403290132125295,0.02786633665617169
218,0.0974516974166041,0.03508101474243875,0.1256787064100242,0.11476014213504576,0.09327491409580341,0.07287233497448922,0.10553762423260213,0.09092435465970097,0.026732074086550345,0.060373192923316873,0.055097241667902294,0.07437071357499345,0.0386420966544784,0.0917626891227989,0.08415576546275212,0.04254664282153973,0.07391503248595258,0.05106228627415261,0.04403290132125295,0.02786633665617169
219,0.0974516974166041,0.03508101474243875,0.1256787064100242,0.11476014213504576,0.09327491409580341,0.07287233497448922,0.10553762423260213,0.09092435465970097,0.026732074086550345,0.060373192923316873,0.055097241667902294,0.07437071357499345,0.0386420966544784,0.0917626891227989,0.08415576546275212,0.04254664282153973,0.07391503248595258,0.05106228627415261,0.04403290132125295,0.02786633665617169
220,0.0974516974166041,0.03508101474243875,0.1256787064100242,0.11476014213504576,0.09327491409580341,0.07287233497448922,0.10553762423260213,0.09092435465970097,0.026732074086550345,0.060373192923316873,0.055097241667902294,0.07437071357499345,0.0386420966544784,0.0917626891227989,0.08415576546275212,0.04254664282153973,0.07391503248595258,0.05106228627415261,0.04403290132125295,0.02786633665617169
221,0.0974516974166041,0.03508101474243875,0.1256787064100242,0.11476014213504576,0.09327491409580341,0.07287233497448922,0.10553762423260213,0.09092435465970097,0.026732074086550345,0.060373192923316873,0.055097241667902294,0.07437071357499345,0.0386420966544784,0.0917626891227989,0.08415576546275212,0.04254664282153973,0.07391503248595258,0.05106228627415261,0.04403290132125295,0.02786633665617169
222,0.0974516974166041,0.03508101474243875,0.1256787064100242,0.11476014213504576,0.09327491409580341,0.07287233497448922,0.10553762423260213,0.09092435465970097,0.026732074086550345,0.060373192923316873,0.055097241667902294,0.07437071357499345,0.0386420966544784,0.0917626891227989,0.08415576546275212,0.04254664282153973,0.07391503248595258,0.05106228627415261,0.04403290132125295,0.02786633665617169
223,0.0974516974166041,0.03508101474243875,0.1256787064100242,0.11476014213504576,0.09327491409580341,0.07287233497448922,0.10553762423260213,0.09092435465970097,0.026732074086550345,0.060373192923316873,0.055097241667902294,0.07437071357499345,0.0386420966544784,0.0917626891227989,0.08415576546275212,0.04254664282153973,0.07391503248595258,0.05106228627415261,0.04403290132125295,0.02786633665617169
224,0.0974516974166041,0.03508101474243875,0.1256787064100242,0.11476014213504576,0.09327491409580341,0.07287233497448922,0.10553762423260213,0.09092435465970097,0.026732074086550345,0.060373192923316873,0.055097241667902294,0.07437071357499345,0.0386420966544784,0.0917626891227989,0.08415576546275212,0.04254664282153973,0.07391503248595258,0.05106228627415261,0.04403290132125295,0.02786633665617169
225,0.0974516974166041,0.03508101474243875,0.1256787064100242,0.11476014213504576,0.09327491409580341,0.07287233497448922,0.10553762423260213,0.09092435465970097,0.026732074086550345,0.060373192923316873,0.055097241667902294,0.07437071357499345,0.0386420966544784,0.0917626891227989,0.08415576546275212,0.04254664282153973,0.07391503248595258,0.05106228627415261,0.04403290132125295,0.02786633665617169
226,0.0974516974166041,0.03508101474243875,0.1256787064100242,0.11476014213504576,0.09327491409580341,0.07287233497448922,0.10553762423260213,0.09092435465970097,0.026732074086550345,0.060373192923316873,0.055097241667902294,0.07437071357499345,0.0386420966544784,0.0917626891227989,0.08415576546275212,0.04254664282153973,0.07391503248595258,0.05106228627415261,0.04403290132125295,0.02786633665617169
227,0.0974516974166041,0.03508101474243875,0.1256787064100242,0.11476014213504576,0.09327491409580341,0.07287233497448922,0.10553762423260213,0.09092435465970097,0.026732074086550345,0.060373192923316873,0.055097241667902294,0.07437071357499345,0.0386420966544784,0.0917626891227989,0.08415576546275212,0.04254664282153973,0.07391503248595258,0.05106228627415261,0.04403290132125295,0.02786633665617169
228,0.0974516974166041,0.03508101474243875,0.1256787064100242,0.11476014213504576,0.09327491409580341,0.07287233497448922,0.10553762423260213,0.09092435465970097,0.026732074086550345,0.060373192923316873,0.055097241667902294,0.07437071357499345,0.0386420966544784,0.0917626891227989,0.08415576546275212,0.04254664282153973,0.07391503248595258,0.05106228627415261,0.04403290132125295,0.02786633665617169
229,0.0974516974166041,0.03508101474243875,0.1256787064100242,0.11476014213504576,0.09327491409580341,0.07287233497448922,0.10553762423260213,0.09092435465970097,0.026732074086550345,0.060373192923316873,0.055097241667902294,0.07437071357499345,0.0386420966544784,0.0917626891227989,0.08415576546275212,0.04254664282153973,0.07391503248595258,0.05106228627415261,0.04403290132125295,0.02786633665617169
230,0.0974516974166041,0.03508101474243875,0.1256787064100242,0.11476014213504576,0.09327491409580341,0.07287233497448922,0.10553762423260213,0.09092435465970097,0.026732074086550345,0.060373192923316873,0.055097241667902294,0.07437071357499345,0.0386420966544784,0.0917626891227989,0.08415576546275212,0.04254664282153973,0.07391503248595258,0.05106228627415261,0.04403290132125295,0.02786633665617169
231,0.0974516974166041,0.03508101474243875,0.1256787064100242,0.11476014213504576,0.09327491409580341,0.07287233497448922,0.10553762423260213,0.09092435465970097,0.026732074086550345,0.060373192923316873,0.055097241667902294,0.07437071357499345,0.0386420966544784,0.0917626891227989,0.08415576546275212,0.04254664282153973,0.07391503248595258,0.05106228627415261,0.04403290132125295,0.02786633665617169
232,0.0974516974166041,0.03508101474243875,0.1256787064100242,0.11476014213504576,0.09327491409580341,0.07287233497448922,0.10553762423260213,0.09092435465970097,0.026732074086550345,0.060373192923316873,0.055097241667902294,0.07437071357499345,0.0386420966544784,0.0917626891227989,0.08415576546275212,0.04254664282153973,0.07391503248595258,0.05106228627415261,0.04403290132125295,0.02786633665617169
233,0.0974516974166041,0.03508101474243875,0.1256787064100242,0.11476014213504576,0.09327491409580341,0.07287233497448922,0.10553762423260213,0.09092435465970097,0.026732074086550345,0.060373192923316873,0.055097241667902294,0.07437071357499345,0.0386420966544784,0.0917626891227989,0.08415576546275212,0.04254664282153973,0.07391503248595258,0.05106228627415261,0.04403290132125295,0.02786633665617169
234,0.0974516974166041,0.03508101474243875,0.1256787064100242,0.11476014213504576,0.09327491409580341,0.07287233497448922,0.10553762423260213,0.09092435465970097,0.026732074086550345,0.060373192923316873,0.055097241667902294,0.07437071357499345,0.0386420966544784,0.0917626891227989,0.08415576546275212,0.04254664282153973,0.07391503248595258,0.05106228627415261,0.04403290132125295,0.02786633665617169
235,0.0974516974166041,0.03508101474243875,0.1256787064100242,0.11476014213504576,0.09327491409580341,0.07287233497448922,0.10553762423260213,0.09092435465970097,0.026732074086550345,0.060373192923316873,0.055097241667902294,0.07437071357499345,0.0386420966544784,0.0917626891227989,0.08415576546275212,0.04254664282153973,0.07391503248595258,0.05106228627415261,0.04403290132125295,0.02786633665617169
236,0.0974516974166041,0.03508101474243875,0.1256787064100242,0.11476014213504576,0.09327491409580341,0.07287233497448922,0.10553762423260213,0.09092435465970097,0.026732074086550345,0.060373192923316873,0.055097241667902294,0.07437071357499345,0.0386420966544784,0.0917626891227989,0.08415576546275212,0.04254664282153973,0.07391503248595258,0.05106228627415261,0.04403290132125295,0.02786633665617169
237,0.0974516974166041,0.03508101474243875,0.1256787064100242,0.11476014213504576,0.09327491409580341,0.07287233497448922,0.10553762423260213,0.09092435465970097,0.026732074086550345,0.060373192923316873,0.055097241667902294,0.07437071357499345,0.0386420966544784,0.0917626891227989,0.08415576546275212,0.04254664282153973,0.07391503248595258,0.05106228627415261,0.04403290132125295,0.02786633665617169
238,0.0974516974166041,0.03508101474243875,0.1256787064100242,0.09832161004450075,0.09327491409580341,0.07287233497448922,0.10553762423260213,0.09092435465970097,0.026732074086550345,0.060373192923316873,0.055097241667902294,0.07437071357499345,0.0386420966544784,0.0917626891227989,0.08415576546275212,0.04254664282153973,0.07391503248595258,0.05106228627415261,0.04403290132125295,0.02786633665617169
239,0.0974516974166041,0.03508101474243875,0.1256787064100242,0.09832161004450075,0.09327491409580341,0.07287233497448922,0.10553762423260213,0.09092435465970097,0.026732074086550345,0.060373192923316873,0.055097241667902294,0.07437071357499345,0.0386420966544784,0.0917626891227989,0.08415576546275212,0.04254664282153973,0.07391503248595258,0.05106228627415261,0.04403290132125295,0.02786633665617169
240,0.0974516974166041,0.03508101474243875,0.1256787064100242,0.09832161004450075,0.09327491409580341,0.07287233497448922,0.10553762423260213,0.09092435465970097,0.026732074086550345,0.060373192923316873,0.055097241667902294,0.07437071357499345,0.0386420966544784,0.0917626891227989,0.08415576546275212,0.04254664282153973,0.07391503248595258,0.05106228627415261,0.04403290132125295,0.02786633665617169
241,0.0974516974166041,0.03508101474243875,0.1256787064100242,0.09832161004450075,0.09327491409580341,0.07287233497448922,0.10553762423260213,0.09092435465970097,0.026732074086550345,0.060373192923316873,0.055097241667902294,0.07437071357499345,0.0386420966544784,0.020579480717519447,0.08415576546275212,0.04254664282153973,0.07391503248595258,0.05106228627415261,0.04403290132125295,0.02786633665617169
242,0.0974516974166041,0.03508101474243875,0.1256787064100242,0.09832161004450075,0.09327491409580341,0.07287233497448922,0.10553762423260213,0.09092435465970097,0.026732074086550345,0.060373192923316873,0.055097241667902294,0.07437071357499345,0.0386420966544784,0.020579480717519447,0.08415576546275212,0.04254664282153973,0.07391503248595258,0.05106228627415261,0.04403290132125295,0.02786633665617169
243,0.0974516974166041,0.03508101474243875,0.1256787064100242,0.09832161004450075,0.09327491409580341,0.07287233497448922,0.10553762423260213,0.09092435465970097,0.026732074086550345,0.060373192923316873,0.055097241667902294,0.07437071357499345,0.0386420966544784,0.020579480717519447,0.08415576546275212,0.04254664282153973,0.07391503248595258,0.05106228627415261,0.04403290132125295,0.02786633665617169
244,0.0974516974166041,0.03508101474243875,0.1256787064100242,0.09832161004450075,0.09327491409580341,0.07287233497448922,0.10553762423260213,0.09092435465970097,0.026732074086550345,0.060373192923316873,0.055097241667902294,0.07437071357499345,0.0386420966544784,0.020579480717519447,0.08415576546275212,0.04254664282153973,0.07391503248595258,0.05106228627415261,0.04403290132125295,0.02786633665617169
245,0.0974516974166041,0.03508101474243875,0.1256787064100242,0.09832161004450075,0.09327491409580341,0.07287233497448922,0.10553762423260213,0.09092435465970097,0.026732074086550345,0.060373192923316873,0.055097241667902294,0.07437071357499345,0.0386420966544784,0.020579480717519447,0.08415576546275212,0.04254664282153973,0.07391503248595258,0.05106228627415261,0.04403290132125295,0.02786633665617169
246,0.0974516974166041,0.03508101474243875,0.1256787064100242,0.09832161004450075,0.09327491409580341,0.07287233497448922,0.10553762423260213,0.09092435465970097,0.026732074086550345,0.060373192923316873,0.055097241667902294,0.07437071357499345,0.0386420966544784,0.020579480717519447,0.08415576546275212,0.04254664282153973,0.07391503248595258,0.05106228627415261,0.04403290132125295,0.02786633665617169
247,0.0974516974166041,0.03508101474243875,0.1256787064100242,0.09832161004450075,0.09327491409580341,0.07287233497448922,0.10553762423260213,0.09092435465970097,0.026732074086550345,0.060373192923316873,0.055097241667902294,0.07437071357499345,0.0386420966544784,0.020579480717519447,0.06923290830731303,0.04254664282153973,0.07391503248595258,0.05106228627415261,0.04403290132125295,0.02786633665617169
248,0.0974516974166041,0.03508101474243875,0.1256787064100242,0.09832161004450075,0.09327491409580341,0.07287233497448922,0.10553762423260213,0.09092435465970097,0.026732074086550345,0.060373192923316873,0.055097241667902294,0.07437071357499345,0.0386420966544784,0.020579480717519447,0.06923290830731303,0.04254664282153973,0.07391503248595258,0.05106228627415261,0.04403290132125295,0.02786633665617169
249,0.0974516974166041,0.03508101474243875,0.1256787064100242,0.09832161004450075,0.09327491409580341,0.07287233497448922,0.10553762423260213,0.09092435465970097,0.026732074086550345,0.060373192923316873,0.055097241667902294,0.07437071357499345,0.0386420966544784,0.020579480717519447,0.06923290830731303,0.04254664282153973,0.07391503248595258,0.05106228627415261,0.04403290132125295,0.02786633665617169
250,0.0974516974166041,0.03508101474243875,0.1256787064100242,0.09832161004450075,0.09327491409580341,0.07287233497448922,0.10553762423260213,0.09092435465970097,0.026732074086550345,0.060373192923316873,0.055097241667902294,0.07437071357499345,0.0386420966544784,0.020579480717519447,0.06923290830731303,0.04254664282153973,0.07391503248595258,0.05106228627415261,0.04403290132125295,0.02786633665617169
251,0.0974516974166041,0.03508101474243875,0.1256787064100242,0.09832161004450075,0.0858847818330112,0.07287233497448922,0.10553762423260213,0.09092435465970097,0.026732074086550345,0.060373192923316873,0.055097241667902294,0.07437071357499345,0.0386420966544784,0.020579480717519447,0.06923290830731303,0.04254664282153973,0.07391503248595258,0.05106228627415261,0.04403290132125295,0.02786633665617169
252,0.0974516974166041,0.03508101474243875,0.1256787064100242,0.09832161004450075,0.0858847818330112,0.07287233497448922,0.10553762423260213,0.09092435465970097,0.026732074086550345,0.060373192923316873,0.055097241667902294,0.07437071357499345,0.0386420966544784,0.020579480717519447,0.06923290830731303,0.04254664282153973,0.07391503248595258,0.05106228627415261,0.04403290132125295,0.02786633665617169
253,0.0974516974166041,0.03508101474243875,0.1256787064100242,0.09832161004450075,0.0858847818330112,0.07287233497448922,0.10553762423260213,0.09092435465970097,0.026732074086550345,0.060373192923316873,0.055097241667902294,0.07437071357499345,0.0386420966544784,0.020579480717519447,0.06923290830731303,0.04254664282153973,0.07391503248595258,0.05106228627415261,0.04403290132125295,0.02786633665617169
254,0.0974516974166041,0.03508101474243875,0.1256787064100242,0.09832161004450075,0.0858847818330112,0.07287233497448922,0.10553762423260213,0.09092435465970097,0.026732074086550345,0.060373192923316873,0.055097241667902294,0.07437071357499345,0.0386420966544784,0.020579480717519447,0.06923290830731303,0.04254664282153973,0.07391503248595258,0.05106228627415261,0.04403290132125295,0.02786633665617169
255,0.0974516974166041,0.03508101474243875,0.1256787064100242,0.09832161004450075,0.0858847818330112,0.07287233497448922,0.10553762423260213,0.056983385044867246,0.026732074086550345,0.060373192923316873,0.055097241667902294,0.07437071357499345,0.0386420966544784,0.020579480717519447,0.06923290830731303,0.04254664282153973,0.03917639103846708,0.05106228627415261,0.04403290132125295,0.02786633665617169
256,0.0974516974166041,0.03508101474243875,0.1256787064100242,0.09832161004450075,0.0858847818330112,0.07287233497448922,0.10553762423260213,0.056983385044867246,0.026732074086550345,0.060373192923316873,0.055097241667902294,0.07437071357499345,0.0386420966544784,0.020579480717519447,0.06923290830731303,0.04254664282153973,0.03917639103846708,0.05106228627415261,0.04403290132125295,0.02786633665617169
257,0.0974516974166041,0.03508101474243875,0.1256787064100242,0.09832161004450075,0.0858847818330112,0.07287233497448922,0.10553762423260213,0.056983385044867246,0.026732074086550345,0.060373192923316873,0.055097241667902294,0.07437071357499345,0.0386420966544784,0.020579480717519447,0.06923290830731303,0.04254664282153973,0.03917639103846708,0.05106228627415261,0.04403290132125295,0.02786633665617169
258,0.0974516974166041,0.03508101474243875,0.09179696549744909,0.09832161004450075,0.0858847818330112,0.07287233497448922,0.10553762423260213,0.056983385044867246,0.026732074086550345,0.060373192923316873,0.055097241667902294,0.07437071357499345,0.0386420966544784,0.020579480717519447,0.06923290830731303,0.04254664282153973,0.03917639103846708,0.05106228627415261,0.04403290132125295,0.02786633665617169
259,0.0974516974166041,0.03508101474243875,0.09179696549744909,0.09832161004450075,0.0858847818330112,0.07287233497448922,0.10553762423260213,0.056983385044867246,0.026732074086550345,0.060373192923316873,0.055097241667902294,0.07437071357499345,0.0386420966544784,0.020579480717519447,0.06923290830731303,0.04254664282153973,0.03917639103846708,0.05106228627415261,0.04403290132125295,0.02786633665617169
260,0.0974516974166041,0.03508101474243875,0.09179696549744909,0.09832161004450075,0.0858847818330112,0.07287233497448922,0.10553762423260213,0.056983385044867246,0.026732074086550345,0.060373192923316873,0.055097241667902294,0.07437071357499345,0.0386420966544784,0.020579480717519447,0.06923290830731303,0.04254664282153973,0.03917639103846708,0.05106228627415261,0.04403290132125295,0.02786633665617169
261,0.0974516974166041,0.03508101474243875,0.09179696549744909,0.09832161004450075,0.0858847818330112,0.07287233497448922,0.10553762423260213,0.056983385044867246,0.026732074086550345,0.060373192923316873,0.055097241667902294,0.07437071357499345,0.0386420966544784,0.020579480717519447,0.06923290830731303,0.04254664282153973,0.03917639103846708,0.05106228627415261,0.04403290132125295,0.02786633665617169
262,0.0974516974166041,0.03508101474243875,0.09179696549744909,0.09832161004450075,0.0858847818330112,0.07287233497448922,0.10553762423260213,0.056983385044867246,0.026732074086550345,0.060373192923316873,0.055097241667902294,0.07437071357499345,0.0386420966544784,0.020579480717519447,0.06923290830731303,0.04254664282153973,0.03917639103846708,0.05106228627415261,0.04403290132125295,0.02786633665617169
263,0.05576418457321201,0.03508101474243875,0.09179696549744909,0.09832161004450075,0.0858847818330112,0.07287233497448922,0.10553762423260213,0.056983385044867246,0.026732074086550345,0.060373192923316873,0.055097241667902294,0.07437071357499345,0.0386420966544784,0.020579480717519447,0.06923290830731303,0.04254664282153973,0.03917639103846708,0.05106228627415261,0.04403290132125295,0.02786633665617169
264,0.05576418457321201,0.03508101474243875,0.09179696549744909,0.09832161004450075,0.0858847818330112,0.07287233497448922,0.10553762423260213,0.056983385044867246,0.026732074086550345,0.060373192923316873,0.055097241667902294,0.07437071357499345,0.0386420966544784,0.020579480717519447,0.06923290830731303,0.04254664282153973,0.03917639103846708,0.05106228627415261,0.04403290132125295,0.02786633665617169
265,0.05576418457321201,0.03508101474243875,0.09179696549744909,0.09832161004450075,0.0858847818330112,0.07287233497448922,0.10553762423260213,0.056983385044867246,0.026732074086550345,0.060373192923316873,0.055097241667902294,0.07437071357499345,0.0386420966544784,0.020579480717519447,0.06923290830731303,0.04254664282153973,0.03917639103846708,0.05106228627415261,0.04403290132125295,0.02786633665617169
266,0.05576418457321201,0.03508101474243875,0.09179696549744909,0.09832161004450075,0.0858847818330112,0.07287233497448922,0.10553762423260213,0.056983385044867246,0.026732074086550345,0.060373192923316873,0.055097241667902294,0.07437071357499345,0.0386420966544784,0.020579480717519447,0.06923290830731303,0.04254664282153973,0.03917639103846708,0.05106228627415261,0.04403290132125295,0.02786633665617169
267,0.05576418457321201,0.03508101474243875,0.09179696549744909,0.09832161004450075,0.0858847818330112,0.07287233497448922,0.10553762423260213,0.056983385044867246,0.026732074086550345,0.060373192923316873,0.055097241667902294,0.07437071357499345,0.0386420966544784,0.020579480717519447,0.06923290830731303,0.04254664282153973,0.03917639103846708,0.05106228627415261,0.04403290132125295,0.02786633665617169
268,0.05576418457321201,0.03508101474243875,0.09179696549744909,0.09832161004450075,0.0858847818330112,0.07287233497448922,0.10553762423260213,0.056983385044867246,0.026732074086550345,0.060373192923316873,0.055097241667902294,0.07437071357499345,0.0386420966544784,0.020579480717519447,0.06923290830731303,0.04254664282153973,0.03917639103846708,0.05106228627415261,0.04403290132125295,0.02786633665617169
269,0.05576418457321201,0.03508101474243875,0.09179696549744909,0.09832161004450075,0.0858847818330112,0.07287233497448922,0.10553762423260213,0.056983385044867246,0.026732074086550345,0.060373192923316873,0.055097241667902294,0.07437071357499345,0.0386420966544784,0.020579480717519447,0.06923290830731303,0.04254664282153973,0.03917639103846708,0.05106228627415261,0.04403290132125295,0.02786633665617169
270,0.05576418457321201,0.03508101474243875,0.09179696549744909,0.09832161004450075,0.0858847818330112,0.07287233497448922,0.10553762423260213,0.056983385044867246,0.026732074086550345,0.060373192923316873,0.055097241667902294,0.07437071357499345,0.0386420966544784,0.020579480717519447,0.06923290830731303,0.04254664282153973,0.03917639103846708,0.05106228627415261,0.04403290132125295,0.02786633665617169
271,0.05576418457321201,0.03508101474243875,0.09179696549744909,0.09832161004450075,0.0858847818330112,0.07287233497448922,0.10553762423260213,0.056983385044867246,0.026732074086550345,0.060373192923316873,0.055097241667902294,0.07437071357499345,0.0386420966544784,0.020579480717519447,0.06923290830731303,0.04254664282153973,0.03917639103846708,0.05106228627415261,0.04403290132125295,0.02786633665617169
272,0.05576418457321201,0.03508101474243875,0.09179696549744909,0.09832161004450075,0.0858847818330112,0.07287233497448922,0.10553762423260213,0.056983385044867246,0.026732074086550345,0.060373192923316873,0.055097241667902294,0.07437071357499345,0.0386420966544784,0.020579480717519447,0.06923290830731303,0.04254664282153973,0.03917639103846708,0.05106228627415261,0.04403290132125295,0.02786633665617169
273,0.05576418457321201,0.03508101474243875,0.09179696549744909,0.09832161004450075,0.0858847818330112,0.07287233497448922,0.10553762423260213,0.056983385044867246,0.026732074086550345,0.060373192923316873,0.055097241667902294,0.07437071357499345,0.0386420966544784,0.020579480717519447,0.06923290830731303,0.04254664282153973,0.03917639103846708,0.05106228627415261,0.04403290132125295,0.02786633665617169
274,0.05576418457321201,0.03508101474243875,0.09179696549744909,0.09832161004450075,0.0858847818330112,0.07287233497448922,0.10553762423260213,0.056983385044867246,0.026732074086550345,0.060373192923316873,0.055097241667902294,0.07437071357499345,0.0386420966544784,0.020579480717519447,0.06923290830731303,0.04254664282153973,0.03917639103846708,0.05106228627415261,0.04403290132125295,0.02786633665617169
275,0.05576418457321201,0.03508101474243875,0.09179696549744909,0.09832161004450075,0.0858847818330112,0.07287233497448922,0.10553762423260213,0.056983385044867246,0.026732074086550345,0.060373192923316873,0.055097241667902294,0.07437071357499345,0.0386420966544784,0.020579480717519447,0.06923290830731303,0.04254664282153973,0.03917639103846708,0.05106228627415261,0.04403290132125295,0.02786633665617169
276,0.05576418457321201,0.03508101474243875,0.09179696549744909,0.09832161004450075,0.0858847818330112,0.07287233497448922,0.10553762423260213,0.056983385044867246,0.026732074086550345,0.060373192923316873,0.055097241667902294,0.07437071357499345,0.0386420966544784,0.020579480717519447,0.06923290830731303,0.04254664282153973,0.03917639103846708,0.05106228627415261,0.04403290132125295,0.02786633665617169
277,0.05576418457321201,0.03508101474243875,0.09179696549744909,0.09832161004450075,0.0858847818330112,0.07287233497448922,0.10553762423260213,0.056983385044867246,0.026732074086550345,0.060373192923316873,0.055097241667902294,0.07437071357499345,0.0386420966544784,0.020579480717519447,0.06923290830731303,0.04254664282153973,0.03917639103846708,0.05106228627415261,0.04403290132125295,0.02786633665617169
278,0.05576418457321201,0.03508101474243875,0.09179696549744909,0.09832161004450075,0.0858847818330112,0.07287233497448922,0.10553762423260213,0.056983385044867246,0.026732074086550345,0.060373192923316873,0.055097241667902294,0.07437071357499345,0.0386420966544784,0.020579480717519447,0.06923290830731303,0.04254664282153973,0.03917639103846708,0.05106228627415261,0.04403290132125295,0.02786633665617169
279,0.05576418457321201,0.03508101474243875,0.09179696549744909,0.09832161004450075,0.0858847818330112,0.07287233497448922,0.10553762423260213,0.056983385044867246,0.026732074086550345,0.060373192923316873,0.055097241667902294,0.07437071357499345,0.0386420966544784,0.020579480717519447,0.06923290830731303,0.04254664282153973,0.03917639103846708,0.05106228627415261,0.04403290132125295,0.02786633665617169
280,0.05576418457321201,0.03508101474243875,0.09179696549744909,0.09832161004450075,0.0858847818330112,0.07287233497448922,0.10553762423260213,0.056983385044867246,0.026732074086550345,0.060373192923316873,0.055097241667902294,0.07437071357499345,0.0386420966544784,0.020579480717519447,0.06923290830731303,0.04254664282153973,0.03917639103846708,0.05106228627415261,0.04403290132125295,0.02786633665617169
281,0.05576418457321201,0.03508101474243875,0.09179696549744909,0.09832161004450075,0.0858847818330112,0.07287233497448922,0.10553762423260213,0.056983385044867246,0.026732074086550345,0.060373192923316873,0.055097241667902294,0.07437071357499345,0.0386420966544784,0.020579480717519447,0.06923290830731303,0.04254664282153973,0.03917639103846708,0.05106228627415261,0.025624148263218658,0.02786633665617169
282,0.05576418457321201,0.03508101474243875,0.09179696549744909,0.09832161004450075,0.0858847818330112,0.07287233497448922,0.10553762423260213,0.056983385044867246,0.026732074086550345,0.060373192923316873,0.055097241667902294,0.07437071357499345,0.0386420966544784,0.020579480717519447,0.06923290830731303,0.04254664282153973,0.03917639103846708,0.05106228627415261,0.025624148263218658,0.02786633665617169
283,0.05576418457321201,0.03508101474243875,0.09179696549744909,0.09832161004450075,0.0858847818330112,0.07287233497448922,0.10553762423260213,0.056983385044867246,0.026732074086550345,0.060373192923316873,0.055097241667902294,0.07437071357499345,0.0386420966544784,0.020579480717519447,0.06923290830731303,0.04254664282153973,0.03917639103846708,0.05106228627415261,0.025624148263218658,0.02786633665617169
284,0.05576418457321201,0.03508101474243875,0.09179696549744909,0.09832161004450075,0.0858847818330112,0.07287233497448922,0.10553762423260213,0.056983385044867246,0.026732074086550345,0.060373192923316873,0.055097241667902294,0.07437071357499345,0.0386420966544784,0.020579480717519447,0.06923290830731303,0.04254664282153973,0.03917639103846708,0.05106228627415261,0.025624148263218658,0.02786633665617169
285,0.05576418457321201,0.03508101474243875,0.09179696549744909,0.09832161004450075,0.0858847818330112,0.07287233497448922,0.10553762423260213,0.056983385044867246,0.026732074086550345,0.060373192923316873,0.055097241667902294,0.07437071357499345,0.0386420966544784,0.020579480717519447,0.06923290830731303,0.04254664282153973,0.03917639103846708,0.05106228627415261,0.025624148263218658,0.02786633665617169
286,0.05576418457321201,0.03508101474243875,0.09179696549744909,0.09832161004450075,0.0858847818330112,0.07287233497448922,0.10553762423260213,0.056983385044867246,0.026732074086550345,0.060373192923316873,0.055097241667902294,0.07437071357499345,0.0386420966544784,0.020579480717519447,0.06923290830731303,0.04254664282153973,0.03917639103846708,0.05106228627415261,0.025624148263218658,0.02786633665617169
287,0.05576418457321201,0.03508101474243875,0.09179696549744909,0.09832161004450075,0.0858847818330112,0.07287233497448922,0.10553762423260213,0.056983385044867246,0.026732074086550345,0.060373192923316873,0.055097241667902294,0.07437071357499345,0.0386420966544784,0.020579480717519447,0.06923290830731303,0.04254664282153973,0.03917639103846708,0.05106228627415261,0.025624148263218658,0.02786633665617169
288,0.05576418457321201,0.03508101474243875,0.09179696549744909,0.09832161004450075,0.0858847818330112,0.07287233497448922,0.10553762423260213,0.056983385044867246,0.026732074086550345,0.060373192923316873,0.055097241667902294,0.07437071357499345,0.0386420966544784,0.020579480717519447,0.06923290830731303,0.04254664282153973,0.03917639103846708,0.05106228627415261,0.025624148263218658,0.02786633665617169
289,0.05576418457321201,0.03508101474243875,0.09179696549744909,0.09832161004450075,0.0858847818330112,0.07287233497448922,0.10553762423260213,0.056983385044867246,0.026732074086550345,0.060373192923316873,0.055097241667902294,0.07437071357499345,0.0386420966544784,0.020579480717519447,0.06923290830731303,0.04254664282153973,0.03917639103846708,0.05106228627415261,0.025624148263218658,0.02786633665617169
290,0.05576418457321201,0.03508101474243875,0.09179696549744909,0.09832161004450075,0.0858847818330112,0.07287233497448922,0.10553762423260213,0.056983385044867246,0.026732074086550345,0.060373192923316873,0.055097241667902294,0.07437071357499345,0.0386420966544784,0.020579480717519447,0.06923290830731303,0.04254664282153973,0.03917639103846708,0.05106228627415261,0.025624148263218658,0.02786633665617169
291,0.05576418457321201,0.03508101474243875,0.09179696549744909,0.09832161004450075,0.0858847818330112,0.07287233497448922,0.10553762423260213,0.056983385044867246,0.026732074086550345,0.060373192923316873,0.055097241667902294,0.07437071357499345,0.0386420966544784,0.020579480717519447,0.06923290830731303,0.04254664282153973,0.03917639103846708,0.05106228627415261,0.025624148263218658,0.02786633665617169
292,0.05576418457321201,0.03508101474243875,0.09179696549744909,0.09832161004450075,0.0858847818330112,0.07287233497448922,0.10553762423260213,0.056983385044867246,0.026732074086550345,0.060373192923316873,0.055097241667902294,0.07437071357499345,0.0386420966544784,0.020579480717519447,0.06923290830731303,0.04254664282153973,0.03917639103846708,0.05106228627415261,0.025624148263218658,0.02786633665617169
293,0.05576418457321201,0.03508101474243875,0.09179696549744909,0.09832161004450075,0.0858847818330112,0.07287233497448922,0.10553762423260213,0.056983385044867246,0.026732074086550345,0.060373192923316873,0.055097241667902294,0.07437071357499345,0.0386420966544784,0.020579480717519447,0.06923290830731303,0.04254664282153973,0.03917639103846708,0.05106228627415261,0.025624148263218658,0.02786633665617169
294,0.05576418457321201,0.03508101474243875,0.09179696549744909,0.09832161004450075,0.0858847818330112,0.07287233497448922,0.10553762423260213,0.056983385044867246,0.026732074086550345,0.060373192923316873,0.055097241667902294,0.07437071357499345,0.0386420966544784,0.020579480717519447,0.06923290830731303,0.04254664282153973,0.03917639103846708,0.05106228627415261,0.025624148263218658,0.02786633665617169
295,0.05576418457321201,0.03508101474243875,0.09179696549744909,0.09832161004450075,0.0858847818330112,0.07287233497448922,0.10553762423260213,0.056983385044867246,0.026732074086550345,0.060373192923316873,0.055097241667902294,0.07437071357499345,0.0386420966544784,0.020579480717519447,0.06923290830731303,0.04254664282153973,0.03917639103846708,0.05106228627415261,0.025624148263218658,0.02786633665617169
296,0.05576418457321201,0.03508101474243875,0.09179696549744909,0.09832161004450075,0.0858847818330112,0.07287233497448922,0.10553762423260213,0.056983385044867246,0.026732074086550345,0.060373192923316873,0.055097241667902294,0.07437071357499345,0.0386420966544784,0.020579480717519447,0.06923290830731303,0.04254664282153973,0.03917639103846708,0.05106228627415261,0.025624148263218658,0.02786633665617169
297,0.05576418457321201,0.03508101474243875,0.09179696549744909,0.09832161004450075,0.0858847818330112,0.07287233497448922,0.10553762423260213,0.056983385044867246,0.026732074086550345,0.060373192923316873,0.055097241667902294,0.07437071357499345,0.0386420966544784,0.020579480717519447,0.06923290830731303,0.04254664282153973,0.03917639103846708,0.05106228627415261,0.025624148263218658,0.02786633665617169
298,0.05576418457321201,0.03508101474243875,0.09179696549744909,0.09832161004450075,0.0858847818330112,0.07287233497448922,0.10553762423260213,0.056983385044867246,0.026732074086550345,0.060373192923316873,0.055097241667902294,0.07437071357499345,0.0386420966544784,0.020579480717519447,0.06923290830731303,0.04254664282153973,0.03917639103846708,0.05106228627415261,0.025624148263218658,0.02786633665617169
299,0.05576418457321201,0.03508101474243875,0.09179696549744909,0.09832161004450075,0.08470035878248232,0.07287233497448922,0.10553762423260213,0.056983385044867246,0.026732074086550345,0.060373192923316873,0.055097241667902294,0.07437071357499345,0.0386420966544784,0.020579480717519447,0.06923290830731303,0.04254664282153973,0.03917639103846708,0.05106228627415261,0.025624148263218658,0.02786633665617169
300,0.05576418457321201,0.03508101474243875,0.09179696549744909,0.09832161004450075,0.08470035878248232,0.07287233497448922,0.10553762423260213,0.056983385044867246,0.026732074086550345,0.060373192923316873,0.055097241667902294,0.07437071357499345,0.0386420966544784,0.020579480717519447,0.06923290830731303,0.04254664282153973,0.03917639103846708,0.05106228627415261,0.025624148263218658,0.02786633665617169
301,0.05576418457321201,0.03508101474243875,0.09179696549744909,0.09832161004450075,0.08470035878248232,0.07287233497448922,0.10553762423260213,0.056983385044867246,0.026732074086550345,0.060373192923316873,0.055097241667902294,0.07437071357499345,0.0386420966544784,0.020579480717519447,0.06923290830731303,0.04254664282153973,0.03917639103846708,0.05106228627415261,0.025624148263218658,0.02786633665617169
302,0.05576418457321201,0.03508101474243875,0.09179696549744909,0.09832161004450075,0.08470035878248232,0.07287233497448922,0.10553762423260213,0.056983385044867246,0.026732074086550345,0.060373192923316873,0.055097241667902294,0.07437071357499345,0.0386420966544784,0.020579480717519447,0.06923290830731303,0.04254664282153973,0.03917639103846708,0.05106228627415261,0.025624148263218658,0.02786633665617169
303,0.05576418457321201,0.03508101474243875,0.09179696549744909,0.09832161004450075,0.08470035878248232,0.07287233497448922,0.10553762423260213,0.056983385044867246,0.026732074086550345,0.060373192923316873,0.055097241667902294,0.07437071357499345,0.0386420966544784,0.020579480717519447,0.06923290830731303,0.04254664282153973,0.03917639103846708,0.05106228627415261,0.025624148263218658,0.02786633665617169
304,0.05576418457321201,0.03508101474243875,0.09179696549744909,0.09832161004450075,0.08470035878248232,0.07287233497448922,0.10553762423260213,0.056983385044867246,0.026732074086550345,0.060373192923316873,0.055097241667902294,0.07437071357499345,0.0386420966544784,0.020579480717519447,0.06923290830731303,0.04254664282153973,0.03917639103846708,0.05106228627415261,0.025624148263218658,0.02786633665617169
305,0.05576418457321201,0.03508101474243875,0.09179696549744909,0.09832161004450075,0.08470035878248232,0.07287233497448922,0.10553762423260213,0.056983385044867246,0.026732074086550345,0.060373192923316873,0.055097241667902294,0.07437071357499345,0.0386420966544784,0.020579480717519447,0.06923290830731303,0.04254664282153973,0.03917639103846708,0.05106228627415261,0.025624148263218658,0.02786633665617169
306,0.05576418457321201,0.03508101474243875,0.09179696549744909,0.09832161004450075,0.08470035878248232,0.07287233497448922,0.06818369479330191,0.056983385044867246,0.026732074086550345,0.060373192923316873,0.055097241667902294,0.07437071357499345,0.0386420966544784,0.020579480717519447,0.06923290830731303,0.04254664282153973,0.03917639103846708,0.05106228627415261,0.025624148263218658,0.02786633665617169
307,0.05576418457321201,0.03508101474243875,0.09179696549744909,0.09832161004450075,0.08470035878248232,0.07287233497448922,0.06818369479330191,0.056983385044867246,0.026732074086550345,0.060373192923316873,0.055097241667902294,0.07437071357499345,0.0386420966544784,0.020579480717519447,0.06923290830731303,0.04254664282153973,0.03917639103846708,0.05106228627415261,0.025624148263218658,0.02786633665617169
308,0.05576418457321201,0.03508101474243875,0.09179696549744909,0.09832161004450075,0.08470035878248232,0.07287233497448922,0.06818369479330191,0.056983385044867246,0.026732074086550345,0.060373192923316873,0.055097241667902294,0.07437071357499345,0.0386420966544784,0.020579480717519447,0.06923290830731303,0.04254664282153973,0.03917639103846708,0.05106228627415261,0.025624148263218658,0.02786633665617169
309,0.05576418457321201,0.03508101474243875,0.09179696549744909,0.09832161004450075,0.08470035878248232,0.07287233497448922,0.06818369479330191,0.056983385044867246,0.026732074086550345,0.060373192923316873,0.055097241667902294,0.07437071357499345,0.0386420966544784,0.020579480717519447,0.06923290830731303,0.04254664282153973,0.03917639103846708,0.05106228627415261,0.025624148263218658,0.02786633665617169
310,0.05576418457321201,0.03508101474243875,0.09179696549744909,0.09832161004450075,0.08470035878248232,0.07287233497448922,0.06818369479330191,0.056983385044867246,0.026732074086550345,0.060373192923316873,0.055097241667902294,0.07437071357499345,0.0386420966544784,0.020579480717519447,0.06923290830731303,0.04254664282153973,0.03917639103846708,0.05106228627415261,0.025624148263218658,0.02786633665617169
311,0.05576418457321201,0.03508101474243875,0.09179696549744909,0.09832161004450075,0.08470035878248232,0.07287233497448922,0.06818369479330191,0.056983385044867246,0.026732074086550345,0.060373192923316873,0.055097241667902294,0.07437071357499345,0.0386420966544784,0.020579480717519447,0.06923290830731303,0.04254664282153973,0.03917639103846708,0.05106228627415261,0.025624148263218658,0.02786633665617169
312,0.05576418457321201,0.03508101474243875,0.09179696549744909,0.09832161004450075,0.08470035878248232,0.07287233497448922,0.06818369479330191,0.056983385044867246,0.026732074086550345,0.060373192923316873,0.055097241667902294,0.07437071357499345,0.0386420966544784,0.020579480717519447,0.06923290830731303,0.04254664282153973,0.03917639103846708,0.05106228627415261,0.025624148263218658,0.02786633665617169
313,0.05576418457321201,0.03508101474243875,0.09179696549744909,0.09832161004450075,0.08470035878248232,0.07287233497448922,0.06818369479330191,0.056983385044867246,0.026732074086550345,0.060373192923316873,0.055097241667902294,0.07437071357499345,0.0386420966544784,0.020579480717519447,0.06923290830731303,0.04254664282153973,0.03917639103846708,0.05106228627415261,0.025624148263218658,0.02786633665617169
314,0.05576418457321201,0.03508101474243875,0.09179696549744909,0.09832161004450075,0.08470035878248232,0.07287233497448922,0.018274809052622836,0.056983385044867246,0.026732074086550345,0.060373192923316873,0.055097241667902294,0.07437071357499345,0.0386420966544784,0.020579480717519447,0.06923290830731303,0.04254664282153973,0.03917639103846708,0.05106228627415261,0.025624148263218658,0.02786633665617169
315,0.05576418457321201,0.03508101474243875,0.09179696549744909,0.09832161004450075,0.08470035878248232,0.07287233497448922,0.018274809052622836,0.056983385044867246,0.026732074086550345,0.060373192923316873,0.055097241667902294,0.07437071357499345,0.0386420966544784,0.020579480717519447,0.06923290830731303,0.04254664282153973,0.03917639103846708,0.05106228627415261,0.025624148263218658,0.02786633665617169
316,0.05576418457321201,0.03508101474243875,0.09179696549744909,0.09832161004450075,0.08470035878248232,0.07287233497448922,0.018274809052622836,0.056983385044867246,0.026732074086550345,0.060373192923316873,0.055097241667902294,0.07437071357499345,0.0386420966544784,0.020579480717519447,0.06923290830731303,0.04254664282153973,0.03917639103846708,0.05106228627415261,0.025624148263218658,0.02786633665617169
317,0.05576418457321201,0.03508101474243875,0.09179696549744909,0.09832161004450075,0.08470035878248232,0.07287233497448922,0.018274809052622836,0.056983385044867246,0.026732074086550345,0.060373192923316873,0.055097241667902294,0.07437071357499345,0.0386420966544784,0.020579480717519447,0.06923290830731303,0.04254664282153973,0.03917639103846708,0.05106228627415261,0.025624148263218658,0.02786633665617169
318,0.05576418457321201,0.03508101474243875,0.09179696549744909,0.09832161004450075,0.08470035878248232,0.07287233497448922,0.018274809052622836,0.056983385044867246,0.026732074086550345,0.060373192923316873,0.055097241667902294,0.07437071357499345,0.0386420966544784,0.020579480717519447,0.06923290830731303,0.04254664282153973,0.03917639103846708,0.05106228627415261,0.025624148263218658,0.02786633665617169
319,0.05576418457321201,0.03508101474243875,0.09179696549744909,0.09832161004450075,0.08470035878248232,0.07287233497448922,0.018274809052622836,0.056983385044867246,0.026732074086550345,0.060373192923316873,0.055097241667902294,0.07437071357499345,0.0386420966544784,0.020579480717519447,0.06923290830731303,0.04254664282153973,0.03917639103846708,0.05106228627415261,0.025624148263218658,0.02786633665617169
320,0.05576418457321201,0.03508101474243875,0.09179696549744909,0.09832161004450075,0.08470035878248232,0.07287233497448922,0.018274809052622836,0.056983385044867246,0.026732074086550345,0.060373192923316873,0.055097241667902294,0.07437071357499345,0.0386420966544784,0.020579480717519447,0.06923290830731303,0.04254664282153973,0.03917639103846708,0.05106228627415261,0.025624148263218658,0.02786633665617169
321,0.05576418457321201,0.03508101474243875,0.09179696549744909,0.09832161004450075,0.08470035878248232,0.07287233497448922,0.018274809052622836,0.056983385044867246,0.026732074086550345,0.060373192923316873,0.055097241667902294,0.07437071357499345,0.0386420966544784,0.020579480717519447,0.06923290830731303,0.04254664282153973,0.03917639103846708,0.05106228627415261,0.025624148263218658,0.02786633665617169
322,0.05576418457321201,0.03508101474243875,0.09179696549744909,0.09832161004450075,0.08470035878248232,0.07287233497448922,0.018274809052622836,0.056983385044867246,0.026732074086550345,0.060373192923316873,0.055097241667902294,0.07437071357499345,0.0386420966544784,0.020579480717519447,0.06923290830731303,0.04254664282153973,0.03917639103846708,0.05106228627415261,0.025624148263218658,0.02786633665617169
323,0.05576418457321201,0.03508101474243875,0.09179696549744909,0.09832161004450075,0.08470035878248232,0.07287233497448922,0.018274809052622836,0.056983385044867246,0.026732074086550345,0.060373192923316873,0.055097241667902294,0.07437071357499345,0.0386420966544784,0.020579480717519447,0.06923290830731303,0.04254664282153973,0.03917639103846708,0.05106228627415261,0.025624148263218658,0.02786633665617169
324,0.05576418457321201,0.03508101474243875,0.09179696549744909,0.09832161004450075,0.08470035878248232,0.07287233497448922,0.018274809052622836,0.056983385044867246,0.026732074086550345,0.060373192923316873,0.055097241667902294,0.07437071357499345,0.0386420966544784,0.020579480717519447,0.06923290830731303,0.04254664282153973,0.03917639103846708,0.05106228627415261,0.025624148263218658,0.02786633665617169
325,0.05576418457321201,0.03508101474243875,0.09179696549744909,0.09832161004450075,0.08470035878248232,0.07287233497448922,0.018274809052622836,0.056983385044867246,0.026732074086550345,0.060373192923316873,0.055097241667902294,0.07437071357499345,0.0386420966544784,0.020579480717519447,0.06923290830731303,0.04254664282153973,0.03917639103846708,0.05106228627415261,0.025624148263218658,0.02786633665617169
326,0.05576418457321201,0.03508101474243875,0.09179696549744909,0.09832161004450075,0.08470035878248232,0.07287233497448922,0.018274809052622836,0.056983385044867246,0.026732074086550345,0.060373192923316873,0.055097241667902294,0.07437071357499345,0.0386420966544784,0.020579480717519447,0.06923290830731303,0.04254664282153973,0.03917639103846708,0.05106228627415261,0.025624148263218658,0.02786633665617169
327,0.05576418457321201,0.03508101474243875,0.09179696549744909,0.09832161004450075,0.08470035878248232,0.07287233497448922,0.018274809052622836,0.056983385044867246,0.026732074086550345,0.060373192923316873,0.055097241667902294,0.07437071357499345,0.0386420966544784,0.020579480717519447,0.06923290830731303,0.04254664282153973,0.03917639103846708,0.05106228627415261,0.025624148263218658,0.02786633665617169
328,0.05576418457321201,0.03508101474243875,0.09179696549744909,0.09832161004450075,0.08470035878248232,0.07287233497448922,0.018274809052622836,0.056983385044867246,0.026732074086550345,0.060373192923316873,0.055097241667902294,0.07437071357499345,0.0386420966544784,0.020579480717519447,0.06923290830731303,0.04254664282153973,0.03917639103846708,0.05106228627415261,0.025624148263218658,0.02786633665617169
329,0.05576418457321201,0.03508101474243875,0.09179696549744909,0.09832161004450075,0.08470035878248232,0.07287233497448922,0.018274809052622836,0.056983385044867246,0.026732074086550345,0.060373192923316873,0.055097241667902294,0.07437071357499345,0.0386420966544784,0.020579480717519447,0.06923290830731303,0.04254664282153973,0.03917639103846708,0.05106228627415261,0.025624148263218658,0.02786633665617169
330,0.05576418457321201,0.03508101474243875,0.09179696549744909,0.09832161004450075,0.08470035878248232,0.07287233497448922,0.018274809052622836,0.056983385044867246,0.026732074086550345,0.060373192923316873,0.055097241667902294,0.07437071357499345,0.0386420966544784,0.020579480717519447,0.06923290830731303,0.04254664282153973,0.03917639103846708,0.05106228627415261,0.025624148263218658,0.02786633665617169
331,0.05576418457321201,0.03508101474243875,0.09179696549744909,0.09832161004450075,0.08470035878248232,0.07287233497448922,0.018274809052622836,0.056983385044867246,0.026732074086550345,0.060373192923316873,0.055097241667902294,0.07437071357499345,0.0386420966544784,0.020579480717519447,0.06923290830731303,0.04254664282153973,0.03917639103846708,0.05106228627415261,0.025624148263218658,0.02786633665617169
332,0.05576418457321201,0.03508101474243875,0.09179696549744909,0.09832161004450075,0.08470035878248232,0.07287233497448922,0.018274809052622836,0.056983385044867246,0.026732074086550345,0.060373192923316873,0.055097241667902294,0.07437071357499345,0.0386420966544784,0.020579480717519447,0.06923290830731303,0.04254664282153973,0.03917639103846708,0.05106228627415261,0.025624148263218658,0.02786633665617169
333,0.05576418457321201,0.03508101474243875,0.09179696549744909,0.09832161004450075,0.08470035878248232,0.07287233497448922,0.018274809052622836,0.056983385044867246,0.026732074086550345,0.060373192923316873,0.055097241667902294,0.07437071357499345,0.0386420966544784,0.020579480717519447,0.06923290830731303,0.04254664282153973,0.03917639103846708,0.05106228627415261,0.025624148263218658,0.02786633665617169
334,0.05576418457321201,0.03508101474243875,0.09179696549744909,0.09832161004450075,0.08470035878248232,0.07287233497448922,0.018274809052622836,0.056983385044867246,0.026732074086550345,0.060373192923316873,0.055097241667902294,0.07437071357499345,0.0386420966544784,0.020579480717519447,0.06923290830731303,0.04254664282153973,0.03917639103846708,0.05106228627415261,0.025624148263218658,0.02786633665617169
335,0.05576418457321201,0.03508101474243875,0.09179696549744909,0.09832161004450075,0.08470035878248232,0.07287233497448922,0.018274809052622836,0.056983385044867246,0.026732074086550345,0.060373192923316873,0.055097241667902294,0.07437071357499345,0.0386420966544784,0.020579480717519447,0.06923290830731303,0.04254664282153973,0.03917639103846708,0.05106228627415261,0.025624148263218658,0.02786633665617169
336,0.05576418457321201,0.03508101474243875,0.09179696549744909,0.09832161004450075,0.08470035878248232,0.07287233497448922,0.018274809052622836,0.056983385044867246,0.026732074086550345,0.060373192923316873,0.055097241667902294,0.07437071357499345,0.0386420966544784,0.020579480717519447,0.06923290830731303,0.04254664282153973,0.03917639103846708,0.05106228627415261,0.025624148263218658,0.02786633665617169
337,0.05576418457321201,0.03508101474243875,0.09179696549744909,0.09832161004450075,0.08470035878248232,0.07287233497448922,0.018274809052622836,0.056983385044867246,0.026732074086550345,0.060373192923316873,0.055097241667902294,0.07437071357499345,0.0386420966544784,0.020579480717519447,0.06923290830731303,0.04254664282153973,0.03917639103846708,0.05106228627415261,0.025624148263218658,0.02786633665617169
338,0.05576418457321201,0.03508101474243875,0.09179696549744909,0.09832161004450075,0.08470035878248232,0.07287233497448922,0.018274809052622836,0.056983385044867246,0.026732074086550345,0.060373192923316873,0.055097241667902294,0.07437071357499345,0.0386420966544784,0.020579480717519447,0.06923290830731303,0.04254664282153973,0.03917639103846708,0.05106228627415261,0.025624148263218658,0.02786633665617169
339,0.05576418457321201,0.03508101474243875,0.09179696549744909,0.09832161004450075,0.08470035878248232,0.07287233497448922,0.018274809052622836,0.056983385044867246,0.026732074086550345,0.060373192923316873,0.055097241667902294,0.07437071357499345,0.0386420966544784,0.020579480717519447,0.06923290830731303,0.04254664282153973,0.03917639103846708,0.05106228627415261,0.025624148263218658,0.02786633665617169
340,0.05576418457321201,0.03508101474243875,0.09179696549744909,0.09832161004450075,0.08470035878248232,0.07287233497448922,0.018274809052622836,0.056983385044867246,0.026732074086550345,0.060373192923316873,0.055097241667902294,0.07437071357499345,0.0386420966544784,0.020579480717519447,0.06923290830731303,0.04254664282153973,0.03917639103846708,0.05106228627415261,0.025624148263218658,0.02786633665617169
341,0.05576418457321201,0.03508101474243875,0.09179696549744909,0.09832161004450075,0.08470035878248232,0.07287233497448922,0.018274809052622836,0.056983385044867246,0.026732074086550345,0.060373192923316873,0.055097241667902294,0.07437071357499345,0.0386420966544784,0.020579480717519447,0.06923290830731303,0.04254664282153973,0.03917639103846708,0.05106228627415261,0.025624148263218658,0.02786633665617169
342,0.05576418457321201,0.03508101474243875,0.09179696549744909,0.09832161004450075,0.08470035878248232,0.07287233497448922,0.018274809052622836,0.056983385044867246,0.026732074086550345,0.060373192923316873,0.055097241667902294,0.07437071357499345,0.0386420966544784,0.020579480717519447,0.06923290830731303,0.04254664282153973,0.03917639103846708,0.05106228627415261,0.025624148263218658,0.02786633665617169
343,0.05576418457321201,0.03508101474243875,0.09179696549744909,0.09832161004450075,0.08470035878248232,0.07287233497448922,0.018274809052622836,0.056983385044867246,0.026732074086550345,0.060373192923316873,0.055097241667902294,0.07437071357499345,0.0386420966544784,0.020579480717519447,0.06923290830731303,0.04254664282153973,0.03917639103846708,0.05106228627415261,0.025624148263218658,0.02786633665617169
344,0.05576418457321201,0.03508101474243875,0.09179696549744909,0.09832161004450075,0.08470035878248232,0.07287233497448922,0.018274809052622836,0.056983385044867246,0.026732074086550345,0.060373192923316873,0.055097241667902294,0.07437071357499345,0.0386420966544784,0.020579480717519447,0.06923290830731303,0.04254664282153973,0.03917639103846708,0.05106228627415261,0.025624148263218658,0.02786633665617169
345,0.05576418457321201,0.03508101474243875,0.0757704755832897,0.09832161004450075,0.08470035878248232,0.07287233497448922,0.018274809052622836,0.056983385044867246,0.026732074086550345,0.060373192923316873,0.055097241667902294,0.07437071357499345,0.0386420966544784,0.020579480717519447,0.06923290830731303,0.04254664282153973,0.03917639103846708,0.05106228627415261,0.025624148263218658,0.02786633665617169
346,0.05576418457321201,0.03508101474243875,0.0757704755832897,0.09832161004450075,0.08470035878248232,0.07287233497448922,0.018274809052622836,0.056983385044867246,0.026732074086550345,0.060373192923316873,0.055097241667902294,0.07437071357499345,0.0386420966544784,0.020579480717519447,0.06923290830731303,0.04254664282153973,0.03917639103846708,0.05106228627415261,0.025624148263218658,0.02786633665617169
347,0.05576418457321201,0.03508101474243875,0.0757704755832897,0.09832161004450075,0.08470035878248232,0.07287233497448922,0.018274809052622836,0.056983385044867246,0.026732074086550345,0.060373192923316873,0.055097241667902294,0.07437071357499345,0.0386420966544784,0.020579480717519447,0.06923290830731303,0.04254664282153973,0.03917639103846708,0.05106228627415261,0.025624148263218658,0.02786633665617169
348,0.05576418457321201,0.03508101474243875,0.0757704755832897,0.09832161004450075,0.08470035878248232,0.07287233497448922,0.018274809052622836,0.056983385044867246,0.026732074086550345,0.060373192923316873,0.055097241667902294,0.07437071357499345,0.0386420966544784,0.020579480717519447,0.06923290830731303,0.04254664282153973,0.03917639103846708,0.05106228627415261,0.025624148263218658,0.02786633665617169
349,0.05576418457321201,0.03508101474243875,0.0757704755832897,0.09832161004450075,0.08470035878248232,0.07287233497448922,0.018274809052622836,0.056983385044867246,0.026732074086550345,0.060373192923316873,0.055097241667902294,0.07437071357499345,0.0386420966544784,0.020579480717519447,0.06923290830731303,0.04254664282153973,0.03917639103846708,0.05106228627415261,0.025624148263218658,0.02786633665617169
350,0.05576418457321201,0.03508101474243875,0.0757704755832897,0.09832161004450075,0.08470035878248232,0.07287233497448922,0.018274809052622836,0.056983385044867246,0.026732074086550345,0.060373192923316873,0.055097241667902294,0.07437071357499345,0.0386420966544784,0.020579480717519447,0.06923290830731303,0.04254664282153973,0.03917639103846708,0.05106228627415261,0.025624148263218658,0.02786633665617169
351,0.05576418457321201,0.03508101474243875,0.0757704755832897,0.09832161004450075,0.08470035878248232,0.03487779290494839,0.018274809052622836,0.056983385044867246,0.026732074086550345,0.060373192923316873,0.055097241667902294,0.07437071357499345,0.0386420966544784,0.020579480717519447,0.06923290830731303,0.04254664282153973,0.03917639103846708,0.05106228627415261,0.025624148263218658,0.02786633665617169
352,0.05576418457321201,0.03508101474243875,0.0757704755832897,0.09832161004450075,0.08470035878248232,0.03487779290494839,0.018274809052622836,0.056983385044867246,0.026732074086550345,0.060373192923316873,0.055097241667902294,0.07437071357499345,0.0386420966544784,0.020579480717519447,0.06923290830731303,0.04254664282153973,0.03917639103846708,0.05106228627415261,0.025624148263218658,0.02786633665617169
353,0.05576418457321201,0.03508101474243875,0.0757704755832897,0.09832161004450075,0.08470035878248232,0.03487779290494839,0.018274809052622836,0.056983385044867246,0.026732074086550345,0.060373192923316873,0.055097241667902294,0.07437071357499345,0.0386420966544784,0.020579480717519447,0.06923290830731303,0.04254664282153973,0.03917639103846708,0.05106228627415261,0.025624148263218658,0.02786633665617169
354,0.05576418457321201,0.03508101474243875,0.0757704755832897,0.09832161004450075,0.08470035878248232,0.03487779290494839,0.018274809052622836,0.056983385044867246,0.026732074086550345,0.060373192923316873,0.055097241667902294,0.07437071357499345,0.0386420966544784,0.020579480717519447,0.06923290830731303,0.04254664282153973,0.03917639103846708,0.05106228627415261,0.025624148263218658,0.02786633665617169
355,0.05576418457321201,0.03508101474243875,0.0757704755832897,0.09832161004450075,0.08470035878248232,0.03487779290494839,0.018274809052622836,0.056983385044867246,0.026732074086550345,0.060373192923316873,0.055097241667902294,0.07437071357499345,0.0386420966544784,0.020579480717519447,0.06923290830731303,0.04254664282153973,0.03917639103846708,0.05106228627415261,0.025624148263218658,0.02786633665617169
356,0.05576418457321201,0.03508101474243875,0.0757704755832897,0.09832161004450075,0.08470035878248232,0.03487779290494839,0.018274809052622836,0.056983385044867246,0.026732074086550345,0.060373192923316873,0.055097241667902294,0.07437071357499345,0.0386420966544784,0.020579480717519447,0.06923290830731303,0.04254664282153973,0.03917639103846708,0.05106228627415261,0.025624148263218658,0.02786633665617169
357,0.05576418457321201,0.03508101474243875,0.0757704755832897,0.09832161004450075,0.08470035878248232,0.03487779290494839,0.018274809052622836,0.056983385044867246,0.026732074086550345,0.060373192923316873,0.055097241667902294,0.07437071357499345,0.0386420966544784,0.020579480717519447,0.06923290830731303,0.04254664282153973,0.03917639103846708,0.05106228627415261,0.025624148263218658,0.02786633665617169
358,0.05576418457321201,0.03508101474243875,0.0757704755832897,0.09832161004450075,0.08470035878248232,0.03487779290494839,0.018274809052622836,0.056983385044867246,0.026732074086550345,0.060373192923316873,0.055097241667902294,0.07437071357499345,0.0386420966544784,0.020579480717519447,0.06923290830731303,0.04254664282153973,0.03917639103846708,0.05106228627415261,0.025624148263218658,0.02786633665617169
359,0.05576418457321201,0.03508101474243875,0.0757704755832897,0.09832161004450075,0.08470035878248232,0.03487779290494839,0.018274809052622836,0.056983385044867246,0.026732074086550345,0.060373192923316873,0.055097241667902294,0.07437071357499345,0.0386420966544784,0.020579480717519447,0.06923290830731303,0.04254664282153973,0.03917639103846708,0.05106228627415261,0.025624148263218658,0.02786633665617169
360,0.05576418457321201,0.03508101474243875,0.0757704755832897,0.09832161004450075,0.08470035878248232,0.03487779290494839,0.018274809052622836,0.056983385044867246,0.026732074086550345,0.060373192923316873,0.055097241667902294,0.07437071357499345,0.0386420966544784,0.020579480717519447,0.06923290830731303,0.04254664282153973,0.03917639103846708,0.05106228627415261,0.025624148263218658,0.02786633665617169
361,0.05576418457321201,0.03508101474243875,0.0757704755832897,0.09832161004450075,0.08470035878248232,0.03487779290494839,0.018274809052622836,0.056983385044867246,0.026732074086550345,0.060373192923316873,0.055097241667902294,0.07437071357499345,0.0386420966544784,0.020579480717519447,0.06923290830731303,0.04254664282153973,0.03917639103846708,0.05106228627415261,0.025624148263218658,0.02786633665617169
362,0.05576418457321201,0.03508101474243875,0.0757704755832897,0.09832161004450075,0.08470035878248232,0.03487779290494839,0.018274809052622836,0.056983385044867246,0.026732074086550345,0.060373192923316873,0.055097241667902294,0.07437071357499345,0.0386420966544784,0.020579480717519447,0.06923290830731303,0.04254664282153973,0.03917639103846708,0.05106228627415261,0.025624148263218658,0.02786633665617169
363,0.05576418457321201,0.03508101474243875,0.0757704755832897,0.09832161004450075,0.08470035878248232,0.03487779290494839,0.018274809052622836,0.056983385044867246,0.026732074086550345,0.060373192923316873,0.055097241667902294,0.07437071357499345,0.0386420966544784,0.020579480717519447,0.06923290830731303,0.04254664282153973,0.03917639103846708,0.05106228627415261,0.025624148263218658,0.02786633665617169
364,0.05576418457321201,0.03508101474243875,0.0757704755832897,0.09832161004450075,0.08470035878248232,0.03487779290494839,0.018274809052622836,0.056983385044867246,0.026732074086550345,0.060373192923316873,0.055097241667902294,0.07437071357499345,0.0386420966544784,0.020579480717519447,0.06923290830731303,0.04254664282153973,0.03917639103846708,0.05106228627415261,0.025624148263218658,0.02786633665617169
365,0.05576418457321201,0.03508101474243875,0.0757704755832897,0.09832161004450075,0.08470035878248232,0.03487779290494839,0.018274809052622836,0.056983385044867246,0.026732074086550345,0.060373192923316873,0.055097241667902294,0.07437071357499345,0.0386420966544784,0.020579480717519447,0.06923290830731303,0.04254664282153973,0.03917639103846708,0.05106228627415261,0.025624148263218658,0.02786633665617169
366,0.05576418457321201,0.03508101474243875,0.0757704755832897,0.09832161004450075,0.08470035878248232,0.03487779290494839,0.018274809052622836,0.056983385044867246,0.026732074086550345,0.060373192923316873,0.055097241667902294,0.07437071357499345,0.0386420966544784,0.020579480717519447,0.06923290830731303,0.04254664282153973,0.03917639103846708,0.05106228627415261,0.025624148263218658,0.02786633665617169
367,0.05576418457321201,0.03508101474243875,0.0757704755832897,0.09832161004450075,0.08470035878248232,0.03487779290494839,0.018274809052622836,0.056983385044867246,0.026732074086550345,0.060373192923316873,0.055097241667902294,0.07437071357499345,0.0386420966544784,0.020579480717519447,0.06923290830731303,0.04254664282153973,0.03917639103846708,0.05106228627415261,0.025624148263218658,0.02786633665617169
368,0.05576418457321201,0.03508101474243875,0.0757704755832897,0.09832161004450075,0.08470035878248232,0.03487779290494839,0.018274809052622836,0.056983385044867246,0.026732074086550345,0.060373192923316873,0.055097241667902294,0.07437071357499345,0.0386420966544784,0.020579480717519447,0.06923290830731303,0.04254664282153973,0.03917639103846708,0.05106228627415261,0.025624148263218658,0.02786633665617169
369,0.05576418457321201,0.03508101474243875,0.0757704755832897,0.09832161004450075,0.08470035878248232,0.03487779290494839,0.018274809052622836,0.056983385044867246,0.026732074086550345,0.060373192923316873,0.055097241667902294,0.07437071357499345,0.0386420966544784,0.020579480717519447,0.06923290830731303,0.04254664282153973,0.03917639103846708,0.05106228627415261,0.025624148263218658,0.02786633665617169
370,0.05576418457321201,0.03508101474243875,0.0757704755832897,0.09832161004450075,0.08470035878248232,0.03487779290494839,0.018274809052622836,0.056983385044867246,0.026732074086550345,0.060373192923316873,0.055097241667902294,0.07437071357499345,0.0386420966544784,0.020579480717519447,0.06923290830731303,0.04254664282153973,0.03917639103846708,0.05106228627415261,0.025624148263218658,0.02786633665617169
371,0.05576418457321201,0.03508101474243875,0.0757704755832897,0.09832161004450075,0.08470035878248232,0.03487779290494839,0.018274809052622836,0.056983385044867246,0.026732074086550345,0.060373192923316873,0.055097241667902294,0.07437071357499345,0.0386420966544784,0.020579480717519447,0.06923290830731303,0.04254664282153973,0.03917639103846708,0.05106228627415261,0.025624148263218658,0.02786633665617169
372,0.05576418457321201,0.03508101474243875,0.0757704755832897,0.09832161004450075,0.08470035878248232,0.03487779290494839,0.018274809052622836,0.056983385044867246,0.026732074086550345,0.060373192923316873,0.055097241667902294,0.07437071357499345,0.0386420966544784,0.020579480717519447,0.06923290830731303,0.04254664282153973,0.03917639103846708,0.05106228627415261,0.025624148263218658,0.02786633665617169
373,0.05576418457321201,0.03508101474243875,0.0757704755832897,0.09832161004450075,0.08470035878248232,0.03487779290494839,0.018274809052622836,0.056983385044867246,0.026732074086550345,0.060373192923316873,0.055097241667902294,0.07437071357499345,0.0386420966544784,0.020579480717519447,0.06923290830731303,0.04254664282153973,0.03917639103846708,0.05106228627415261,0.025624148263218658,0.02786633665617169
374,0.05576418457321201,0.03508101474243875,0.0757704755832897,0.09832161004450075,0.08470035878248232,0.03487779290494839,0.018274809052622836,0.056983385044867246,0.026732074086550345,0.060373192923316873,0.055097241667902294,0.07437071357499345,0.0386420966544784,0.020579480717519447,0.06923290830731303,0.04254664282153973,0.03917639103846708,0.05106228627415261,0.025624148263218658,0.02786633665617169
375,0.05576418457321201,0.03508101474243875,0.0757704755832897,0.09832161004450075,0.08470035878248232,0.03487779290494839,0.018274809052622836,0.056983385044867246,0.026732074086550345,0.060373192923316873,0.055097241667902294,0.07437071357499345,0.0386420966544784,0.020579480717519447,0.06923290830731303,0.04254664282153973,0.03917639103846708,0.05106228627415261,0.025624148263218658,0.02786633665617169
376,0.05576418457321201,0.03508101474243875,0.0757704755832897,0.09832161004450075,0.08470035878248232,0.03487779290494839,0.018274809052622836,0.056983385044867246,0.026732074086550345,0.060373192923316873,0.055097241667902294,0.07437071357499345,0.0386420966544784,0.020579480717519447,0.06923290830731303,0.04254664282153973,0.03917639103846708,0.05106228627415261,0.025624148263218658,0.02786633665617169
377,0.05576418457321201,0.03508101474243875,0.0757704755832897,0.09832161004450075,0.08470035878248232,0.03487779290494839,0.018274809052622836,0.056983385044867246,0.026732074086550345,0.060373192923316873,0.055097241667902294,0.07437071357499345,0.0386420966544784,0.020579480717519447,0.06923290830731303,0.04254664282153973,0.03917639103846708,0.05106228627415261,0.025624148263218658,0.02786633665617169
378,0.05576418457321201,0.03508101474243875,0.0757704755832897,0.09832161004450075,0.08470035878248232,0.03487779290494839,0.018274809052622836,0.056983385044867246,0.026732074086550345,0.060373192923316873,0.055097241667902294,0.053006135552886094,0.0386420966544784,0.020579480717519447,0.06923290830731303,0.04254664282153973,0.03917639103846708,0.05106228627415261,0.025624148263218658,0.02786633665617169
379,0.05576418457321201,0.03508101474243875,0.0757704755832897,0.09832161004450075,0.08470035878248232,0.03487779290494839,0.018274809052622836,0.056983385044867246,0.026732074086550345,0.060373192923316873,0.055097241667902294,0.053006135552886094,0.0386420966544784,0.020579480717519447,0.06923290830731303,0.04254664282153973,0.03917639103846708,0.05106228627415261,0.025624148263218658,0.02786633665617169
380,0.05576418457321201,0.03508101474243875,0.0757704755832897,0.09832161004450075,0.08470035878248232,0.03487779290494839,0.018274809052622836,0.056983385044867246,0.026732074086550345,0.060373192923316873,0.055097241667902294,0.053006135552886094,0.0386420966544784,0.020579480717519447,0.06923290830731303,0.04254664282153973,0.03917639103846708,0.05106228627415261,0.025624148263218658,0.02786633665617169
381,0.05576418457321201,0.03508101474243875,0.0757704755832897,0.09832161004450075,0.08470035878248232,0.03487779290494839,0.018274809052622836,0.056983385044867246,0.026732074086550345,0.060373192923316873,0.055097241667902294,0.053006135552886094,0.0386420966544784,0.020579480717519447,0.06923290830731303,0.04254664282153973,0.03917639103846708,0.05106228627415261,0.025624148263218658,0.02786633665617169
382,0.05576418457321201,0.03508101474243875,0.0757704755832897,0.09832161004450075,0.08470035878248232,0.03487779290494839,0.018274809052622836,0.056983385044867246,0.026732074086550345,0.060373192923316873,0.055097241667902294,0.053006135552886094,0.0386420966544784,0.020579480717519447,0.06923290830731303,0.04254664282153973,0.03917639103846708,0.05106228627415261,0.025624148263218658,0.02786633665617169
383,0.05576418457321201,0.03508101474243875,0.0757704755832897,0.09832161004450075,0.08470035878248232,0.03487779290494839,0.018274809052622836,0.056983385044867246,0.026732074086550345,0.060373192923316873,0.055097241667902294,0.053006135552886094,0.0386420966544784,0.020579480717519447,0.06923290830731303,0.04254664282153973,0.03917639103846708,0.05106228627415261,0.025624148263218658,0.02786633665617169
384,0.05576418457321201,0.03508101474243875,0.0757704755832897,0.09832161004450075,0.08470035878248232,0.03487779290494839,0.018274809052622836,0.056983385044867246,0.026732074086550345,0.060373192923316873,0.055097241667902294,0.053006135552886094,0.0386420966544784,0.020579480717519447,0.06923290830731303,0.04254664282153973,0.03917639103846708,0.05106228627415261,0.025624148263218658,0.02786633665617169
385,0.05576418457321201,0.03508101474243875,0.0757704755832897,0.09832161004450075,0.08470035878248232,0.03487779290494839,0.018274809052622836,0.056983385044867246,0.026732074086550345,0.060373192923316873,0.055097241667902294,0.053006135552886094,0.0386420966544784,0.020579480717519447,0.06923290830731303,0.04254664282153973,0.03917639103846708,0.05106228627415261,0.025624148263218658,0.02786633665617169
386,0.05576418457321201,0.03508101474243875,0.0757704755832897,0.09832161004450075,0.08470035878248232,0.03487779290494839,0.018274809052622836,0.056983385044867246,0.026732074086550345,0.060373192923316873,0.055097241667902294,0.053006135552886094,0.0386420966544784,0.020579480717519447,0.06923290830731303,0.04254664282153973,0.03917639103846708,0.05106228627415261,0.025624148263218658,0.02786633665617169
387,0.05576418457321201,0.03508101474243875,0.0757704755832897,0.09832161004450075,0.08470035878248232,0.03487779290494839,0.018274809052622836,0.056983385044867246,0.026732074086550345,0.060373192923316873,0.055097241667902294,0.053006135552886094,0.0386420966544784,0.020579480717519447,0.06923290830731303,0.04254664282153973,0.03917639103846708,0.05106228627415261,0.025624148263218658,0.02786633665617169
388,0.05576418457321201,0.03508101474243875,0.0757704755832897,0.09832161004450075,0.08470035878248232,0.03487779290494839,0.018274809052622836,0.056983385044867246,0.026732074086550345,0.060373192923316873,0.055097241667902294,0.053006135552886094,0.0386420966544784,0.020579480717519447,0.06923290830731303,0.04254664282153973,0.03917639103846708,0.05106228627415261,0.025624148263218658,0.02786633665617169
389,0.05576418457321201,0.03508101474243875,0.0757704755832897,0.09832161004450075,0.08470035878248232,0.03487779290494839,0.018274809052622836,0.056983385044867246,0.026732074086550345,0.060373192923316873,0.055097241667902294,0.053006135552886094,0.0386420966544784,0.020579480717519447,0.06923290830731303,0.04254664282153973,0.03917639103846708,0.05106228627415261,0.025624148263218658,0.02786633665617169
390,0.05576418457321201,0.03508101474243875,0.0757704755832897,0.09832161004450075,0.08470035878248232,0.03487779290494839,0.018274809052622836,0.056983385044867246,0.026732074086550345,0.060373192923316873,0.055097241667902294,0.053006135552886094,0.0386420966544784,0.020579480717519447,0.06923290830731303,0.04254664282153973,0.03917639103846708,0.05106228627415261,0.025624148263218658,0.02786633665617169
391,0.05576418457321201,0.03508101474243875,0.0757704755832897,0.09832161004450075,0.08470035878248232,0.03487779290494839,0.018274809052622836,0.056983385044867246,0.026732074086550345,0.060373192923316873,0.055097241667902294,0.053006135552886094,0.0386420966544784,0.020579480717519447,0.06923290830731303,0.04254664282153973,0.03917639103846708,0.05106228627415261,0.025624148263218658,0.02786633665617169
392,0.05576418457321201,0.03508101474243875,0.0757704755832897,0.09832161004450075,0.08470035878248232,0.03487779290494839,0.018274809052622836,0.056983385044867246,0.026732074086550345,0.060373192923316873,0.055097241667902294,0.053006135552886094,0.0386420966544784,0.020579480717519447,0.06923290830731303,0.04254664282153973,0.03917639103846708,0.05106228627415261,0.025624148263218658,0.02786633665617169
393,0.05576418457321201,0.03508101474243875,0.0757704755832897,0.09832161004450075,0.08470035878248232,0.03487779290494839,0.018274809052622836,0.056983385044867246,0.026732074086550345,0.060373192923316873,0.055097241667902294,0.053006135552886094,0.0386420966544784,0.020579480717519447,0.06923290830731303,0.04254664282153973,0.03917639103846708,0.05106228627415261,0.025624148263218658,0.02786633665617169
394,0.05576418457321201,0.03508101474243875,0.0757704755832897,0.09832161004450075,0.08470035878248232,0.03487779290494839,0.018274809052622836,0.056983385044867246,0.026732074086550345,0.060373192923316873,0.055097241667902294,0.053006135552886094,0.0386420966544784,0.020579480717519447,0.06923290830731303,0.04254664282153973,0.03917639103846708,0.05106228627415261,0.025624148263218658,0.02786633665617169
395,0.05576418457321201,0.03508101474243875,0.0757704755832897,0.09832161004450075,0.08470035878248232,0.03487779290494839,0.018274809052622836,0.056983385044867246,0.026732074086550345,0.060373192923316873,0.055097241667902294,0.053006135552886094,0.0386420966544784,0.020579480717519447,0.06923290830731303,0.04254664282153973,0.03917639103846708,0.05106228627415261,0.025624148263218658,0.02786633665617169
396,0.05576418457321201,0.03508101474243875,0.0757704755832897,0.09832161004450075,0.08470035878248232,0.03487779290494839,0.018274809052622836,0.056983385044867246,0.026732074086550345,0.060373192923316873,0.055097241667902294,0.053006135552886094,0.0386420966544784,0.020579480717519447,0.06923290830731303,0.04254664282153973,0.03917639103846708,0.05106228627415261,0.025624148263218658,0.02786633665617169
397,0.05576418457321201,0.03508101474243875,0.0757704755832897,0.09832161004450075,0.08470035878248232,0.03487779290494839,0.018274809052622836,0.056983385044867246,0.026732074086550345,0.060373192923316873,0.055097241667902294,0.053006135552886094,0.0386420966544784,0.020579480717519447,0.06923290830731303,0.04254664282153973,0.03917639103846708,0.05106228627415261,0.025624148263218658,0.02786633665617169
398,0.05576418457321201,0.03508101474243875,0.0757704755832897,0.09832161004450075,0.08470035878248232,0.03487779290494839,0.018274809052622836,0.056983385044867246,0.026732074086550345,0.060373192923316873,0.055097241667902294,0.053006135552886094,0.0386420966544784,0.020579480717519447,0.06923290830731303,0.04254664282153973,0.03917639103846708,0.05106228627415261,0.025624148263218658,0.02786633665617169
399,0.05576418457321201,0.03508101474243875,0.0757704755832897,0.09832161004450075,0.08470035878248232,0.03487779290494839,0.018274809052622836,0.056983385044867246,0.026732074086550345,0.060373192923316873,0.055097241667902294,0.053006135552886094,0.0386420966544784,0.020579480717519447,0.06923290830731303,0.04254664282153973,0.03917639103846708,0.05106228627415261,0.025624148263218658,0.02786633665617169
400,0.05576418457321201,0.03508101474243875,0.0757704755832897,0.09832161004450075,0.08470035878248232,0.03487779290494839,0.018274809052622836,0.056983385044867246,0.026732074086550345,0.060373192923316873,0.055097241667902294,0.053006135552886094,0.0386420966544784,0.020579480717519447,0.06923290830731303,0.04254664282153973,0.03917639103846708,0.05106228627415261,0.025624148263218658,0.02786633665617169
401,0.05576418457321201,0.03508101474243875,0.0757704755832897,0.09832161004450075,0.08470035878248232,0.03487779290494839,0.018274809052622836,0.056983385044867246,0.026732074086550345,0.060373192923316873,0.055097241667902294,0.053006135552886094,0.0386420966544784,0.020579480717519447,0.06923290830731303,0.04254664282153973,0.03917639103846708,0.05106228627415261,0.025624148263218658,0.02786633665617169
402,0.05576418457321201,0.03508101474243875,0.0757704755832897,0.09832161004450075,0.08470035878248232,0.03487779290494839,0.018274809052622836,0.056983385044867246,0.026732074086550345,0.060373192923316873,0.055097241667902294,0.053006135552886094,0.0386420966544784,0.020579480717519447,0.06923290830731303,0.04254664282153973,0.03917639103846708,0.05106228627415261,0.025624148263218658,0.02786633665617169
403,0.05576418457321201,0.03508101474243875,0.0757704755832897,0.09832161004450075,0.08470035878248232,0.03487779290494839,0.018274809052622836,0.056983385044867246,0.026732074086550345,0.060373192923316873,0.055097241667902294,0.053006135552886094,0.0386420966544784,0.020579480717519447,0.06923290830731303,0.04254664282153973,0.03917639103846708,0.05106228627415261,0.025624148263218658,0.02786633665617169
404,0.05576418457321201,0.03508101474243875,0.0757704755832897,0.09832161004450075,0.08470035878248232,0.03487779290494839,0.018274809052622836,0.056983385044867246,0.026732074086550345,0.060373192923316873,0.055097241667902294,0.053006135552886094,0.0386420966544784,0.020579480717519447,0.06923290830731303,0.04254664282153973,0.03917639103846708,0.05106228627415261,0.025624148263218658,0.02786633665617169
405,0.05576418457321201,0.03508101474243875,0.0757704755832897,0.09832161004450075,0.08470035878248232,0.03487779290494839,0.018274809052622836,0.056983385044867246,0.026732074086550345,0.060373192923316873,0.055097241667902294,0.053006135552886094,0.0386420966544784,0.020579480717519447,0.06923290830731303,0.04254664282153973,0.03917639103846708,0.05106228627415261,0.025624148263218658,0.02786633665617169
406,0.05576418457321201,0.03508101474243875,0.0757704755832897,0.09832161004450075,0.08470035878248232,0.03487779290494839,0.018274809052622836,0.056983385044867246,0.026732074086550345,0.060373192923316873,0.055097241667902294,0.053006135552886094,0.0386420966544784,0.020579480717519447,0.06923290830731303,0.04254664282153973,0.03917639103846708,0.05106228627415261,0.025624148263218658,0.02786633665617169
407,0.05576418457321201,0.03508101474243875,0.0757704755832897,0.09832161004450075,0.08470035878248232,0.03487779290494839,0.018274809052622836,0.056983385044867246,0.026732074086550345,0.060373192923316873,0.055097241667902294,0.053006135552886094,0.0386420966544784,0.020579480717519447,0.06923290830731303,0.04254664282153973,0.03917639103846708,0.05106228627415261,0.025624148263218658,0.02786633665617169
408,0.05576418457321201,0.03508101474243875,0.0757704755832897,0.09832161004450075,0.08470035878248232,0.03487779290494839,0.018274809052622836,0.056983385044867246,0.026732074086550345,0.060373192923316873,0.055097241667902294,0.053006135552886094,0.0386420966544784,0.020579480717519447,0.06923290830731303,0.04254664282153973,0.03917639103846708,0.05106228627415261,0.025624148263218658,0.02786633665617169
409,0.05576418457321201,0.03508101474243875,0.0757704755832897,0.09832161004450075,0.08470035878248232,0.03487779290494839,0.018274809052622836,0.056983385044867246,0.026732074086550345,0.060373192923316873,0.055097241667902294,0.053006135552886094,0.0386420966544784,0.020579480717519447,0.06923290830731303,0.04254664282153973,0.03917639103846708,0.05106228627415261,0.025624148263218658,0.02786633665617169
410,0.05576418457321201,0.03508101474243875,0.0757704755832897,0.09832161004450075,0.08470035878248232,0.03487779290494839,0.018274809052622836,0.056983385044867246,0.026732074086550345,0.060373192923316873,0.055097241667902294,0.053006135552886094,0.0386420966544784,0.020579480717519447,0.06923290830731303,0.04254664282153973,0.03917639103846708,0.05106228627415261,0.025624148263218658,0.02786633665617169
411,0.05576418457321201,0.03508101474243875,0.0757704755832897,0.09832161004450075,0.08470035878248232,0.03487779290494839,0.018274809052622836,0.056983385044867246,0.026732074086550345,0.060373192923316873,0.055097241667902294,0.053006135552886094,0.0386420966544784,0.020579480717519447,0.06923290830731303,0.04254664282153973,0.03917639103846708,0.05106228627415261,0.025624148263218658,0.02786633665617169
412,0.05576418457321201,0.03508101474243875,0.0757704755832897,0.09832161004450075,0.08470035878248232,0.03487779290494839,0.018274809052622836,0.056983385044867246,0.026732074086550345,0.060373192923316873,0.055097241667902294,0.053006135552886094,0.0386420966544784,0.020579480717519447,0.06923290830731303,0.04254664282153973,0.03917639103846708,0.05106228627415261,0.025624148263218658,0.02786633665617169
413,0.05576418457321201,0.03508101474243875,0.0757704755832897,0.09832161004450075,0.08470035878248232,0.03487779290494839,0.018274809052622836,0.056983385044867246,0.026732074086550345,0.060373192923316873,0.055097241667902294,0.053006135552886094,0.0386420966544784,0.020579480717519447,0.06923290830731303,0.04254664282153973,0.03917639103846708,0.05106228627415261,0.025624148263218658,0.02786633665617169
414,0.05576418457321201,0.03508101474243875,0.0757704755832897,0.09832161004450075,0.08470035878248232,0.03487779290494839,0.018274809052622836,0.056983385044867246,0.026732074086550345,0.060373192923316873,0.055097241667902294,0.053006135552886094,0.0386420966544784,0.020579480717519447,0.06923290830731303,0.04254664282153973,0.03917639103846708,0.05106228627415261,0.025624148263218658,0.02786633665617169
415,0.05576418457321201,0.03508101474243875,0.0757704755832897,0.09832161004450075,0.08470035878248232,0.03487779290494839,0.018274809052622836,0.056983385044867246,0.026732074086550345,0.060373192923316873,0.055097241667902294,0.053006135552886094,0.0386420966544784,0.020579480717519447,0.06923290830731303,0.04254664282153973,0.03917639103846708,0.05106228627415261,0.025624148263218658,0.02786633665617169
416,0.05576418457321201,0.03508101474243875,0.0757704755832897,0.09832161004450075,0.08470035878248232,0.03487779290494839,0.018274809052622836,0.056983385044867246,0.026732074086550345,0.060373192923316873,0.055097241667902294,0.053006135552886094,0.0386420966544784,0.020579480717519447,0.06923290830731303,0.04254664282153973,0.03917639103846708,0.05106228627415261,0.025624148263218658,0.02786633665617169
417,0.05576418457321201,0.03508101474243875,0.0757704755832897,0.09832161004450075,0.08470035878248232,0.03487779290494839,0.018274809052622836,0.056983385044867246,0.026732074086550345,0.060373192923316873,0.055097241667902294,0.053006135552886094,0.0386420966544784,0.020579480717519447,0.06923290830731303,0.04254664282153973,0.03917639103846708,0.05106228627415261,0.025624148263218658,0.02786633665617169
418,0.05576418457321201,0.03508101474243875,0.0757704755832897,0.09832161004450075,0.08470035878248232,0.03487779290494839,0.018274809052622836,0.056983385044867246,0.026732074086550345,0.060373192923316873,0.055097241667902294,0.053006135552886094,0.0386420966544784,0.020579480717519447,0.06923290830731303,0.04254664282153973,0.03917639103846708,0.05106228627415261,0.025624148263218658,0.02786633665617169
419,0.05576418457321201,0.03508101474243875,0.0757704755832897,0.09832161004450075,0.08470035878248232,0.03487779290494839,0.018274809052622836,0.056983385044867246,0.026732074086550345,0.060373192923316873,0.055097241667902294,0.053006135552886094,0.0386420966544784,0.020579480717519447,0.06923290830731303,0.04254664282153973,0.03917639103846708,0.05106228627415261,0.025624148263218658,0.02786633665617169
420,0.05576418457321201,0.03508101474243875,0.0757704755832897,0.09832161004450075,0.08470035878248232,0.03487779290494839,0.018274809052622836,0.056983385044867246,0.026732074086550345,0.060373192923316873,0.055097241667902294,0.053006135552886094,0.0386420966544784,0.020579480717519447,0.06923290830731303,0.04254664282153973,0.03917639103846708,0.05106228627415261,0.025624148263218658,0.02786633665617169
421,0.05576418457321201,0.03508101474243875,0.0757704755832897,0.09832161004450075,0.08470035878248232,0.03487779290494839,0.018274809052622836,0.056983385044867246,0.026732074086550345,0.060373192923316873,0.055097241667902294,0.053006135552886094,0.0386420966544784,0.020579480717519447,0.06923290830731303,0.04254664282153973,0.03917639103846708,0.05106228627415261,0.025624148263218658,0.02786633665617169
422,0.05576418457321201,0.03508101474243875,0.0757704755832897,0.09832161004450075,0.08470035878248232,0.03487779290494839,0.018274809052622836,0.056983385044867246,0.026732074086550345,0.060373192923316873,0.055097241667902294,0.053006135552886094,0.0386420966544784,0.020579480717519447,0.06923290830731303,0.04254664282153973,0.03917639103846708,0.05106228627415261,0.025624148263218658,0.02786633665617169
423,0.05576418457321201,0.03508101474243875,0.0757704755832897,0.09832161004450075,0.08470035878248232,0.03487779290494839,0.018274809052622836,0.056983385044867246,0.026732074086550345,0.060373192923316873,0.055097241667902294,0.053006135552886094,0.0386420966544784,0.020579480717519447,0.06923290830731303,0.04254664282153973,0.03917639103846708,0.05106228627415261,0.025624148263218658,0.02786633665617169
424,0.05576418457321201,0.03508101474243875,0.0757704755832897,0.09832161004450075,0.08470035878248232,0.03487779290494839,0.018274809052622836,0.056983385044867246,0.026732074086550345,0.060373192923316873,0.055097241667902294,0.053006135552886094,0.0386420966544784,0.020579480717519447,0.06923290830731303,0.04254664282153973,0.03917639103846708,0.05106228627415261,0.025624148263218658,0.02786633665617169
425,0.05576418457321201,0.03508101474243875,0.0757704755832897,0.09832161004450075,0.08470035878248232,0.03487779290494839,0.018274809052622836,0.056983385044867246,0.026732074086550345,0.060373192923316873,0.055097241667902294,0.053006135552886094,0.0386420966544784,0.020579480717519447,0.06923290830731303,0.04254664282153973,0.03917639103846708,0.05106228627415261,0.025624148263218658,0.02786633665617169
426,0.05576418457321201,0.03508101474243875,0.0757704755832897,0.09832161004450075,0.08470035878248232,0.03487779290494839,0.018274809052622836,0.056983385044867246,0.026732074086550345,0.060373192923316873,0.026683157782864415,0.053006135552886094,0.0386420966544784,0.020579480717519447,0.06923290830731303,0.04254664282153973,0.03917639103846708,0.05106228627415261,0.025624148263218658,0.02786633665617169
427,0.05576418457321201,0.03508101474243875,0.0757704755832897,0.09832161004450075,0.08470035878248232,0.03487779290494839,0.018274809052622836,0.056983385044867246,0.026732074086550345,0.060373192923316873,0.026683157782864415,0.053006135552886094,0.0386420966544784,0.020579480717519447,0.06923290830731303,0.04254664282153973,0.03917639103846708,0.05106228627415261,0.025624148263218658,0.02786633665617169
428,0.05576418457321201,0.03508101474243875,0.0757704755832897,0.09832161004450075,0.08470035878248232,0.03487779290494839,0.018274809052622836,0.056983385044867246,0.026732074086550345,0.060373192923316873,0.026683157782864415,0.053006135552886094,0.0386420966544784,0.020579480717519447,0.06923290830731303,0.04254664282153973,0.03917639103846708,0.05106228627415261,0.025624148263218658,0.02786633665617169
429,0.05576418457321201,0.03508101474243875,0.0757704755832897,0.09832161004450075,0.08470035878248232,0.03487779290494839,0.018274809052622836,0.056983385044867246,0.026732074086550345,0.060373192923316873,0.026683157782864415,0.053006135552886094,0.0386420966544784,0.020579480717519447,0.06923290830731303,0.04254664282153973,0.03917639103846708,0.05106228627415261,0.025624148263218658,0.02786633665617169
430,0.05576418457321201,0.03508101474243875,0.0757704755832897,0.09832161004450075,0.08470035878248232,0.03487779290494839,0.018274809052622836,0.056983385044867246,0.026732074086550345,0.060373192923316873,0.026683157782864415,0.053006135552886094,0.0386420966544784,0.020579480717519447,0.06923290830731303,0.04254664282153973,0.03917639103846708,0.05106228627415261,0.025624148263218658,0.02786633665617169
431,0.05576418457321201,0.03508101474243875,0.0757704755832897,0.09832161004450075,0.08470035878248232,0.03487779290494839,0.018274809052622836,0.056983385044867246,0.026732074086550345,0.060373192923316873,0.026683157782864415,0.053006135552886094,0.0386420966544784,0.020579480717519447,0.06923290830731303,0.04254664282153973,0.03917639103846708,0.05106228627415261,0.025624148263218658,0.02786633665617169
432,0.05576418457321201,0.03508101474243875,0.0757704755832897,0.09832161004450075,0.08470035878248232,0.03487779290494839,0.018274809052622836,0.056983385044867246,0.026732074086550345,0.060373192923316873,0.026683157782864415,0.053006135552886094,0.0386420966544784,0.020579480717519447,0.06923290830731303,0.04254664282153973,0.03917639103846708,0.05106228627415261,0.025624148263218658,0.02786633665617169
433,0.05576418457321201,0.03508101474243875,0.0757704755832897,0.09832161004450075,0.08470035878248232,0.03487779290494839,0.018274809052622836,0.056983385044867246,0.026732074086550345,0.060373192923316873,0.026683157782864415,0.053006135552886094,0.0386420966544784,0.020579480717519447,0.06923290830731303,0.04254664282153973,0.03917639103846708,0.05106228627415261,0.025624148263218658,0.02786633665617169
434,0.05576418457321201,0.03508101474243875,0.0757704755832897,0.09832161004450075,0.08470035878248232,0.03487779290494839,0.018274809052622836,0.056983385044867246,0.026732074086550345,0.060373192923316873,0.026683157782864415,0.053006135552886094,0.0386420966544784,0.020579480717519447,0.06923290830731303,0.04254664282153973,0.03917639103846708,0.05106228627415261,0.025624148263218658,0.02786633665617169
435,0.05576418457321201,0.03508101474243875,0.0757704755832897,0.09832161004450075,0.08470035878248232,0.03487779290494839,0.018274809052622836,0.056983385044867246,0.026732074086550345,0.060373192923316873,0.026683157782864415,0.053006135552886094,0.0386420966544784,0.020579480717519447,0.06923290830731303,0.04254664282153973,0.03917639103846708,0.05106228627415261,0.025624148263218658,0.02786633665617169
436,0.05576418457321201,0.03508101474243875,0.0757704755832897,0.09832161004450075,0.08470035878248232,0.03487779290494839,0.018274809052622836,0.056983385044867246,0.026732074086550345,0.060373192923316873,0.026683157782864415,0.053006135552886094,0.0386420966544784,0.020579480717519447,0.06923290830731303,0.04254664282153973,0.03917639103846708,0.05106228627415261,0.025624148263218658,0.02786633665617169
437,0.05576418457321201,0.03508101474243875,0.0757704755832897,0.09832161004450075,0.08470035878248232,0.03487779290494839,0.018274809052622836,0.056983385044867246,0.026732074086550345,0.060373192923316873,0.026683157782864415,0.053006135552886094,0.0386420966544784,0.020579480717519447,0.06923290830731303,0.04254664282153973,0.03917639103846708,0.05106228627415261,0.025624148263218658,0.02786633665617169
438,0.05576418457321201,0.03508101474243875,0.0757704755832897,0.09832161004450075,0.08470035878248232,0.03487779290494839,0.018274809052622836,0.056983385044867246,0.026732074086550345,0.060373192923316873,0.026683157782864415,0.053006135552886094,0.0386420966544784,0.020579480717519447,0.06923290830731303,0.04254664282153973,0.03917639103846708,0.05106228627415261,0.025624148263218658,0.02786633665617169
439,0.05576418457321201,0.03508101474243875,0.0757704755832897,0.09832161004450075,0.08470035878248232,0.03487779290494839,0.018274809052622836,0.056983385044867246,0.026732074086550345,0.060373192923316873,0.026683157782864415,0.053006135552886094,0.0386420966544784,0.020579480717519447,0.06923290830731303,0.04254664282153973,0.03917639103846708,0.05106228627415261,0.025624148263218658,0.02786633665617169
440,0.05576418457321201,0.03508101474243875,0.0757704755832897,0.09832161004450075,0.08470035878248232,0.03487779290494839,0.018274809052622836,0.056983385044867246,0.026732074086550345,0.060373192923316873,0.026683157782864415,0.053006135552886094,0.0386420966544784,0.020579480717519447,0.06923290830731303,0.04254664282153973,0.03917639103846708,0.05106228627415261,0.025624148263218658,0.02786633665617169
441,0.05576418457321201,0.03508101474243875,0.0757704755832897,0.09832161004450075,0.08470035878248232,0.03487779290494839,0.018274809052622836,0.056983385044867246,0.026732074086550345,0.060373192923316873,0.026683157782864415,0.053006135552886094,0.0386420966544784,0.020579480717519447,0.06923290830731303,0.04254664282153973,0.03917639103846708,0.05106228627415261,0.025624148263218658,0.02786633665617169
442,0.05576418457321201,0.03508101474243875,0.0757704755832897,0.09832161004450075,0.08470035878248232,0.03487779290494839,0.018274809052622836,0.056983385044867246,0.026732074086550345,0.060373192923316873,0.026683157782864415,0.053006135552886094,0.0386420966544784,0.020579480717519447,0.06923290830731303,0.04254664282153973,0.03917639103846708,0.05106228627415261,0.025624148263218658,0.02786633665617169
443,0.05576418457321201,0.03508101474243875,0.0757704755832897,0.09832161004450075,0.08470035878248232,0.03487779290494839,0.018274809052622836,0.056983385044867246,0.026732074086550345,0.060373192923316873,0.026683157782864415,0.053006135552886094,0.0386420966544784,0.020579480717519447,0.06923290830731303,0.04254664282153973,0.03917639103846708,0.05106228627415261,0.025624148263218658,0.02786633665617169
444,0.05576418457321201,0.03508101474243875,0.0757704755832897,0.09832161004450075,0.08470035878248232,0.03487779290494839,0.018274809052622836,0.056983385044867246,0.026732074086550345,0.060373192923316873,0.026683157782864415,0.053006135552886094,0.0386420966544784,0.020579480717519447,0.06923290830731303,0.04254664282153973,0.03917639103846708,0.05106228627415261,0.025624148263218658,0.02786633665617169
445,0.05576418457321201,0.03508101474243875,0.0757704755832897,0.09832161004450075,0.08470035878248232,0.03487779290494839,0.018274809052622836,0.056983385044867246,0.026732074086550345,0.060373192923316873,0.026683157782864415,0.053006135552886094,0.0386420966544784,0.020579480717519447,0.06923290830731303,0.04254664282153973,0.03917639103846708,0.05106228627415261,0.025624148263218658,0.02786633665617169
446,0.05576418457321201,0.03508101474243875,0.0757704755832897,0.09832161004450075,0.08470035878248232,0.03487779290494839,0.018274809052622836,0.056983385044867246,0.026732074086550345,0.060373192923316873,0.026683157782864415,0.053006135552886094,0.0386420966544784,0.020579480717519447,0.06923290830731303,0.04254664282153973,0.03917639103846708,0.05106228627415261,0.025624148263218658,0.02786633665617169
447,0.05576418457321201,0.03508101474243875,0.0757704755832897,0.09832161004450075,0.08470035878248232,0.03487779290494839,0.018274809052622836,0.056983385044867246,0.026732074086550345,0.060373192923316873,0.026683157782864415,0.053006135552886094,0.0386420966544784,0.020579480717519447,0.06923290830731303,0.04254664282153973,0.03917639103846708,0.05106228627415261,0.025624148263218658,0.02786633665617169
448,0.05576418457321201,0.03508101474243875,0.0757704755832897,0.09832161004450075,0.08470035878248232,0.03487779290494839,0.018274809052622836,0.056983385044867246,0.026732074086550345,0.060373192923316873,0.026683157782864415,0.053006135552886094,0.0386420966544784,0.020579480717519447,0.06923290830731303,0.04254664282153973,0.03917639103846708,0.05106228627415261,0.025624148263218658,0.02786633665617169
449,0.05576418457321201,0.03508101474243875,0.0757704755832897,0.09832161004450075,0.08470035878248232,0.03487779290494839,0.018274809052622836,0.056983385044867246,0.026732074086550345,0.060373192923316873,0.026683157782864415,0.053006135552886094,0.0386420966544784,0.020579480717519447,0.06923290830731303,0.04254664282153973,0.03917639103846708,0.05106228627415261,0.025624148263218658,0.02786633665617169
450,0.05576418457321201,0.03508101474243875,0.0757704755832897,0.09832161004450075,0.08470035878248232,0.03487779290494839,0.018274809052622836,0.056983385044867246,0.026732074086550345,0.060373192923316873,0.026683157782864415,0.053006135552886094,0.0386420966544784,0.020579480717519447,0.06923290830731303,0.04254664282153973,0.03917639103846708,0.05106228627415261,0.025624148263218658,0.02786633665617169
451,0.05576418457321201,0.03508101474243875,0.0757704755832897,0.09832161004450075,0.08470035878248232,0.03487779290494839,0.018274809052622836,0.056983385044867246,0.026732074086550345,0.060373192923316873,0.026683157782864415,0.053006135552886094,0.0386420966544784,0.020579480717519447,0.06923290830731303,0.04254664282153973,0.03917639103846708,0.05106228627415261,0.025624148263218658,0.02786633665617169
452,0.05576418457321201,0.03508101474243875,0.0757704755832897,0.09832161004450075,0.08470035878248232,0.03487779290494839,0.018274809052622836,0.056983385044867246,0.026732074086550345,0.060373192923316873,0.026683157782864415,0.053006135552886094,0.0386420966544784,0.020579480717519447,0.06923290830731303,0.04254664282153973,0.03917639103846708,0.05106228627415261,0.025624148263218658,0.02786633665617169
453,0.05576418457321201,0.03508101474243875,0.0757704755832897,0.09832161004450075,0.08470035878248232,0.03487779290494839,0.018274809052622836,0.056983385044867246,0.026732074086550345,0.060373192923316873,0.026683157782864415,0.053006135552886094,0.0386420966544784,0.020579480717519447,0.06923290830731303,0.04254664282153973,0.03917639103846708,0.05106228627415261,0.025624148263218658,0.02786633665617169
454,0.05576418457321201,0.03508101474243875,0.0757704755832897,0.09832161004450075,0.08470035878248232,0.03487779290494839,0.018274809052622836,0.056983385044867246,0.026732074086550345,0.060373192923316873,0.026683157782864415,0.053006135552886094,0.0386420966544784,0.020579480717519447,0.06923290830731303,0.04254664282153973,0.03917639103846708,0.05106228627415261,0.025624148263218658,0.02786633665617169
455,0.05576418457321201,0.03508101474243875,0.0757704755832897,0.09832161004450075,0.08470035878248232,0.03487779290494839,0.018274809052622836,0.056983385044867246,0.026732074086550345,0.060373192923316873,0.026683157782864415,0.053006135552886094,0.0386420966544784,0.020579480717519447,0.06923290830731303,0.04254664282153973,0.03917639103846708,0.05106228627415261,0.025624148263218658,0.02786633665617169
456,0.05576418457321201,0.03508101474243875,0.0757704755832897,0.09832161004450075,0.08470035878248232,0.03487779290494839,0.018274809052622836,0.056983385044867246,0.026732074086550345,0.060373192923316873,0.026683157782864415,0.053006135552886094,0.0386420966544784,0.020579480717519447,0.06923290830731303,0.04254664282153973,0.03917639103846708,0.05106228627415261,0.025624148263218658,0.02786633665617169
457,0.05576418457321201,0.03508101474243875,0.0757704755832897,0.09832161004450075,0.08470035878248232,0.03487779290494839,0.018274809052622836,0.056983385044867246,0.026732074086550345,0.060373192923316873,0.026683157782864415,0.053006135552886094,0.0386420966544784,0.020579480717519447,0.06923290830731303,0.04254664282153973,0.03917639103846708,0.05106228627415261,0.025624148263218658,0.02786633665617169
458,0.05576418457321201,0.03508101474243875,0.0757704755832897,0.09832161004450075,0.08470035878248232,0.03487779290494839,0.018274809052622836,0.056983385044867246,0.026732074086550345,0.060373192923316873,0.026683157782864415,0.053006135552886094,0.0386420966544784,0.020579480717519447,0.06923290830731303,0.04254664282153973,0.03917639103846708,0.05106228627415261,0.025624148263218658,0.02786633665617169
459,0.05576418457321201,0.03508101474243875,0.0757704755832897,0.09832161004450075,0.08470035878248232,0.03487779290494839,0.018274809052622836,0.056983385044867246,0.026732074086550345,0.060373192923316873,0.026683157782864415,0.053006135552886094,0.0386420966544784,0.020579480717519447,0.06923290830731303,0.04254664282153973,0.03917639103846708,0.05106228627415261,0.025624148263218658,0.02786633665617169
460,0.05576418457321201,0.03508101474243875,0.0757704755832897,0.09832161004450075,0.08470035878248232,0.03487779290494839,0.018274809052622836,0.056983385044867246,0.026732074086550345,0.060373192923316873,0.026683157782864415,0.053006135552886094,0.0386420966544784,0.020579480717519447,0.06923290830731303,0.04254664282153973,0.03917639103846708,0.05106228627415261,0.025624148263218658,0.02786633665617169
461,0.05576418457321201,0.03508101474243875,0.0757704755832897,0.09832161004450075,0.08470035878248232,0.03487779290494839,0.018274809052622836,0.056983385044867246,0.026732074086550345,0.060373192923316873,0.026683157782864415,0.053006135552886094,0.0386420966544784,0.020579480717519447,0.06923290830731303,0.04254664282153973,0.03917639103846708,0.05106228627415261,0.025624148263218658,0.02786633665617169
462,0.05576418457321201,0.03508101474243875,0.0757704755832897,0.09832161004450075,0.08470035878248232,0.03487779290494839,0.018274809052622836,0.056983385044867246,0.026732074086550345,0.060373192923316873,0.026683157782864415,0.053006135552886094,0.0386420966544784,0.020579480717519447,0.06923290830731303,0.04254664282153973,0.03917639103846708,0.05106228627415261,0.025624148263218658,0.02786633665617169
463,0.05576418457321201,0.03508101474243875,0.0757704755832897,0.09832161004450075,0.08470035878248232,0.03487779290494839,0.018274809052622836,0.056983385044867246,0.026732074086550345,0.060373192923316873,0.026683157782864415,0.053006135552886094,0.0386420966544784,0.020579480717519447,0.06923290830731303,0.04254664282153973,0.03917639103846708,0.05106228627415261,0.025624148263218658,0.02786633665617169
464,0.05576418457321201,0.03508101474243875,0.0757704755832897,0.08189847881389045,0.08470035878248232,0.03487779290494839,0.018274809052622836,0.056983385044867246,0.026732074086550345,0.060373192923316873,0.026683157782864415,0.053006135552886094,0.0386420966544784,0.020579480717519447,0.06923290830731303,0.04254664282153973,0.03917639103846708,0.05106228627415261,0.025624148263218658,0.02786633665617169
465,0.05576418457321201,0.03508101474243875,0.0757704755832897,0.08189847881389045,0.08470035878248232,0.03487779290494839,0.018274809052622836,0.056983385044867246,0.026732074086550345,0.060373192923316873,0.026683157782864415,0.053006135552886094,0.0386420966544784,0.020579480717519447,0.06923290830731303,0.04254664282153973,0.03917639103846708,0.05106228627415261,0.025624148263218658,0.02786633665617169
466,0.05576418457321201,0.03508101474243875,0.0757704755832897,0.08189847881389045,0.08470035878248232,0.03487779290494839,0.018274809052622836,0.056983385044867246,0.026732074086550345,0.060373192923316873,0.026683157782864415,0.053006135552886094,0.0386420966544784,0.020579480717519447,0.06923290830731303,0.04254664282153973,0.03917639103846708,0.05106228627415261,0.025624148263218658,0.02786633665617169
467,0.05576418457321201,0.03508101474243875,0.0757704755832897,0.08189847881389045,0.08470035878248232,0.03487779290494839,0.018274809052622836,0.056983385044867246,0.026732074086550345,0.060373192923316873,0.026683157782864415,0.053006135552886094,0.0386420966544784,0.020579480717519447,0.06923290830731303,0.04254664282153973,0.03917639103846708,0.05106228627415261,0.025624148263218658,0.02786633665617169
468,0.05576418457321201,0.03508101474243875,0.0757704755832897,0.08189847881389045,0.08470035878248232,0.03487779290494839,0.018274809052622836,0.056983385044867246,0.026732074086550345,0.060373192923316873,0.026683157782864415,0.053006135552886094,0.0386420966544784,0.020579480717519447,0.06923290830731303,0.04254664282153973,0.03917639103846708,0.05106228627415261,0.025624148263218658,0.02786633665617169
469,0.05576418457321201,0.03508101474243875,0.0757704755832897,0.08189847881389045,0.08470035878248232,0.03487779290494839,0.018274809052622836,0.056983385044867246,0.026732074086550345,0.060373192923316873,0.026683157782864415,0.053006135552886094,0.0386420966544784,0.020579480717519447,0.06923290830731303,0.04254664282153973,0.03917639103846708,0.05106228627415261,0.025624148263218658,0.02786633665617169
470,0.05576418457321201,0.03508101474243875,0.0757704755832897,0.08189847881389045,0.08470035878248232,0.03487779290494839,0.018274809052622836,0.056983385044867246,0.026732074086550345,0.060373192923316873,0.026683157782864415,0.053006135552886094,0.0386420966544784,0.020579480717519447,0.06923290830731303,0.04254664282153973,0.03917639103846708,0.05106228627415261,0.025624148263218658,0.02786633665617169
471,0.05576418457321201,0.03508101474243875,0.0757704755832897,0.08189847881389045,0.08470035878248232,0.03487779290494839,0.018274809052622836,0.056983385044867246,0.026732074086550345,0.060373192923316873,0.026683157782864415,0.053006135552886094,0.0386420966544784,0.020579480717519447,0.06923290830731303,0.04254664282153973,0.03917639103846708,0.05106228627415261,0.025624148263218658,0.02786633665617169
472,0.05576418457321201,0.03508101474243875,0.0757704755832897,0.08189847881389045,0.08470035878248232,0.03487779290494839,0.018274809052622836,0.056983385044867246,0.026732074086550345,0.060373192923316873,0.026683157782864415,0.053006135552886094,0.0386420966544784,0.020579480717519447,0.06923290830731303,0.04254664282153973,0.03917639103846708,0.05106228627415261,0.025624148263218658,0.02786633665617169
473,0.05576418457321201,0.03508101474243875,0.0757704755832897,0.08189847881389045,0.08470035878248232,0.03487779290494839,0.018274809052622836,0.056983385044867246,0.026732074086550345,0.060373192923316873,0.026683157782864415,0.053006135552886094,0.0386420966544784,0.020579480717519447,0.06923290830731303,0.04254664282153973,0.03917639103846708,0.05106228627415261,0.025624148263218658,0.02786633665617169
474,0.05576418457321201,0.03508101474243875,0.0757704755832897,0.08189847881389045,0.08470035878248232,0.03487779290494839,0.018274809052622836,0.056983385044867246,0.026732074086550345,0.060373192923316873,0.026683157782864415,0.053006135552886094,0.0386420966544784,0.020579480717519447,0.06923290830731303,0.04254664282153973,0.03917639103846708,0.05106228627415261,0.025624148263218658,0.02786633665617169
475,0.05576418457321201,0.03508101474243875,0.0757704755832897,0.08189847881389045,0.08470035878248232,0.03487779290494839,0.018274809052622836,0.056983385044867246,0.026732074086550345,0.060373192923316873,0.026683157782864415,0.053006135552886094,0.0386420966544784,0.020579480717519447,0.06923290830731303,0.04254664282153973,0.03917639103846708,0.05106228627415261,0.025624148263218658,0.02786633665617169
476,0.05576418457321201,0.03508101474243875,0.0757704755832897,0.08189847881389045,0.08470035878248232,0.03487779290494839,0.018274809052622836,0.056983385044867246,0.026732074086550345,0.060373192923316873,0.026683157782864415,0.053006135552886094,0.0386420966544784,0.020579480717519447,0.06923290830731303,0.04254664282153973,0.03917639103846708,0.05106228627415261,0.025624148263218658,0.02786633665617169
477,0.05576418457321201,0.03508101474243875,0.0757704755832897,0.08189847881389045,0.08470035878248232,0.03487779290494839,0.018274809052622836,0.056983385044867246,0.026732074086550345,0.060373192923316873,0.026683157782864415,0.053006135552886094,0.0386420966544784,0.020579480717519447,0.06923290830731303,0.04254664282153973,0.03917639103846708,0.05106228627415261,0.025624148263218658,0.02786633665617169
478,0.05576418457321201,0.03508101474243875,0.0757704755832897,0.08189847881389045,0.08470035878248232,0.03487779290494839,0.018274809052622836,0.056983385044867246,0.026732074086550345,0.060373192923316873,0.026683157782864415,0.053006135552886094,0.0386420966544784,0.020579480717519447,0.06923290830731303,0.04254664282153973,0.03917639103846708,0.05106228627415261,0.025624148263218658,0.02786633665617169
479,0.05576418457321201,0.03508101474243875,0.0757704755832897,0.08189847881389045,0.08470035878248232,0.03487779290494839,0.018274809052622836,0.056983385044867246,0.026732074086550345,0.060373192923316873,0.026683157782864415,0.053006135552886094,0.0386420966544784,0.020579480717519447,0.06923290830731303,0.04254664282153973,0.03917639103846708,0.05106228627415261,0.025624148263218658,0.02786633665617169
480,0.05576418457321201,0.03508101474243875,0.0757704755832897,0.08189847881389045,0.08470035878248232,0.03487779290494839,0.018274809052622836,0.056983385044867246,0.026732074086550345,0.060373192923316873,0.026683157782864415,0.053006135552886094,0.0386420966544784,0.020579480717519447,0.06923290830731303,0.04254664282153973,0.03917639103846708,0.05106228627415261,0.025624148263218658,0.02786633665617169
481,0.05576418457321201,0.03508101474243875,0.0757704755832897,0.08189847881389045,0.08470035878248232,0.03487779290494839,0.018274809052622836,0.056983385044867246,0.026732074086550345,0.060373192923316873,0.026683157782864415,0.053006135552886094,0.0386420966544784,0.020579480717519447,0.06923290830731303,0.04254664282153973,0.03917639103846708,0.05106228627415261,0.025624148263218658,0.02786633665617169
482,0.05576418457321201,0.03508101474243875,0.0757704755832897,0.08189847881389045,0.08470035878248232,0.03487779290494839,0.018274809052622836,0.056983385044867246,0.026732074086550345,0.060373192923316873,0.026683157782864415,0.053006135552886094,0.0386420966544784,0.020579480717519447,0.06923290830731303,0.04254664282153973,0.03917639103846708,0.05106228627415261,0.025624148263218658,0.02786633665617169
483,0.05576418457321201,0.03508101474243875,0.0757704755832897,0.08189847881389045,0.08470035878248232,0.03487779290494839,0.018274809052622836,0.056983385044867246,0.026732074086550345,0.060373192923316873,0.026683157782864415,0.053006135552886094,0.0386420966544784,0.020579480717519447,0.06923290830731303,0.04254664282153973,0.03917639103846708,0.05106228627415261,0.025624148263218658,0.02786633665617169
484,0.05576418457321201,0.03508101474243875,0.0757704755832897,0.08189847881389045,0.08470035878248232,0.03487779290494839,0.018274809052622836,0.056983385044867246,0.026732074086550345,0.060373192923316873,0.026683157782864415,0.053006135552886094,0.0386420966544784,0.020579480717519447,0.06923290830731303,0.04254664282153973,0.03917639103846708,0.05106228627415261,0.025624148263218658,0.02786633665617169
485,0.05576418457321201,0.03508101474243875,0.0757704755832897,0.08189847881389045,0.08470035878248232,0.03487779290494839,0.018274809052622836,0.056983385044867246,0.026732074086550345,0.060373192923316873,0.026683157782864415,0.053006135552886094,0.0386420966544784,0.020579480717519447,0.06923290830731303,0.04254664282153973,0.03917639103846708,0.05106228627415261,0.025624148263218658,0.02786633665617169
486,0.05576418457321201,0.03508101474243875,0.0757704755832897,0.08189847881389045,0.08470035878248232,0.03487779290494839,0.018274809052622836,0.056983385044867246,0.026732074086550345,0.060373192923316873,0.026683157782864415,0.053006135552886094,0.0386420966544784,0.020579480717519447,0.06923290830731303,0.04254664282153973,0.03917639103846708,0.05106228627415261,0.025624148263218658,0.02786633665617169
487,0.05576418457321201,0.03508101474243875,0.0757704755832897,0.08189847881389045,0.08470035878248232,0.03487779290494839,0.018274809052622836,0.056983385044867246,0.026732074086550345,0.060373192923316873,0.026683157782864415,0.053006135552886094,0.0386420966544784,0.020579480717519447,0.06923290830731303,0.04254664282153973,0.03917639103846708,0.05106228627415261,0.025624148263218658,0.02786633665617169
488,0.05576418457321201,0.03508101474243875,0.0757704755832897,0.08189847881389045,0.08470035878248232,0.03487779290494839,0.018274809052622836,0.056983385044867246,0.026732074086550345,0.060373192923316873,0.026683157782864415,0.053006135552886094,0.0386420966544784,0.020579480717519447,0.06923290830731303,0.04254664282153973,0.03917639103846708,0.05106228627415261,0.025624148263218658,0.02786633665617169
489,0.05576418457321201,0.03508101474243875,0.0757704755832897,0.08189847881389045,0.08470035878248232,0.03487779290494839,0.018274809052622836,0.056983385044867246,0.026732074086550345,0.060373192923316873,0.026683157782864415,0.053006135552886094,0.0386420966544784,0.020579480717519447,0.06923290830731303,0.04254664282153973,0.03917639103846708,0.05106228627415261,0.025624148263218658,0.02786633665617169
490,0.05576418457321201,0.03508101474243875,0.0757704755832897,0.08189847881389045,0.08470035878248232,0.03487779290494839,0.018274809052622836,0.056983385044867246,0.026732074086550345,0.060373192923316873,0.026683157782864415,0.053006135552886094,0.0386420966544784,0.020579480717519447,0.06923290830731303,0.04254664282153973,0.03917639103846708,0.05106228627415261,0.025624148263218658,0.02786633665617169
491,0.05576418457321201,0.03508101474243875,0.0757704755832897,0.08189847881389045,0.08470035878248232,0.03487779290494839,0.018274809052622836,0.056983385044867246,0.026732074086550345,0.060373192923316873,0.026683157782864415,0.053006135552886094,0.0386420966544784,0.020579480717519447,0.06923290830731303,0.04254664282153973,0.03917639103846708,0.05106228627415261,0.025624148263218658,0.02786633665617169
492,0.05576418457321201,0.03508101474243875,0.0757704755832897,0.08189847881389045,0.08470035878248232,0.03487779290494839,0.018274809052622836,0.056983385044867246,0.026732074086550345,0.060373192923316873,0.026683157782864415,0.053006135552886094,0.0386420966544784,0.020579480717519447,0.06923290830731303,0.04254664282153973,0.03917639103846708,0.05106228627415261,0.025624148263218658,0.02786633665617169
493,0.05576418457321201,0.03508101474243875,0.0757704755832897,0.08189847881389045,0.08470035878248232,0.03487779290494839,0.018274809052622836,0.056983385044867246,0.026732074086550345,0.060373192923316873,0.026683157782864415,0.053006135552886094,0.0386420966544784,0.020579480717519447,0.06923290830731303,0.04254664282153973,0.03917639103846708,0.05106228627415261,0.025624148263218658,0.02786633665617169
494,0.05576418457321201,0.03508101474243875,0.0757704755832897,0.08189847881389045,0.08470035878248232,0.03487779290494839,0.018274809052622836,0.056983385044867246,0.026732074086550345,0.060373192923316873,0.026683157782864415,0.053006135552886094,0.0386420966544784,0.020579480717519447,0.06923290830731303,0.04254664282153973,0.03917639103846708,0.05106228627415261,0.025624148263218658,0.02786633665617169
495,0.05576418457321201,0.03508101474243875,0.0757704755832897,0.08189847881389045,0.08470035878248232,0.03487779290494839,0.018274809052622836,0.056983385044867246,0.026732074086550345,0.060373192923316873,0.026683157782864415,0.053006135552886094,0.0386420966544784,0.020579480717519447,0.06923290830731303,0.04254664282153973,0.03917639103846708,0.05106228627415261,0.025624148263218658,0.02786633665617169
496,0.05576418457321201,0.03508101474243875,0.0757704755832897,0.08189847881389045,0.08470035878248232,0.03487779290494839,0.018274809052622836,0.056983385044867246,0.026732074086550345,0.060373192923316873,0.026683157782864415,0.053006135552886094,0.0386420966544784,0.020579480717519447,0.06923290830731303,0.04254664282153973,0.03917639103846708,0.05106228627415261,0.025624148263218658,0.02786633665617169
497,0.05576418457321201,0.03508101474243875,0.0757704755832897,0.08189847881389045,0.08470035878248232,0.03487779290494839,0.018274809052622836,0.056983385044867246,0.026732074086550345,0.060373192923316873,0.026683157782864415,0.053006135552886094,0.0386420966544784,0.020579480717519447,0.06923290830731303,0.04254664282153973,0.03917639103846708,0.05106228627415261,0.025624148263218658,0.02786633665617169
498,0.05576418457321201,0.03508101474243875,0.0757704755832897,0.08189847881389045,0.08470035878248232,0.03487779290494839,0.018274809052622836,0.056983385044867246,0.026732074086550345,0.060373192923316873,0.026683157782864415,0.053006135552886094,0.0386420966544784,0.020579480717519447,0.06923290830731303,0.04254664282153973,0.03917639103846708,0.05106228627415261,0.025624148263218658,0.02786633665617169
499,0.05576418457321201,0.03508101474243875,0.0757704755832897,0.08189847881389045,0.08470035878248232,0.03487779290494839,0.018274809052622836,0.056983385044867246,0.026732074086550345,0.060373192923316873,0.026683157782864415,0.053006135552886094,0.0386420966544784,0.020579480717519447,0.06923290830731303,0.04254664282153973,0.03917639103846708,0.05106228627415261,0.025624148263218658,0.02786633665617169
500,0.05576418457321201,0.03508101474243875,0.0757704755832897,0.08189847881389045,0.08470035878248232,0.03487779290494839,0.018274809052622836,0.056983385044867246,0.026732074086550345,0.060373192923316873,0.026683157782864415,0.053006135552886094,0.0386420966544784,0.020579480717519447,0.06923290830731303,0.04254664282153973,0.03917639103846708,0.05106228627415261,0.025624148263218658,0.02786633665617169
